[
  {
    "buyer": "Fidz",
    "ref_id": "521851600639",
    "time": "20:20:29",
    "date": "9/5/2024",
    "expired": 1722993629371,
    "customer_no": "2687850711",
    "buyer_sku_code": "ff25d",
    "biaya": 4236.75,
    "product_name": "Free Fire 25 Diamond",
    "kategori": "Games",
    "brand": "FREE FIRE",
    "status": "Sukses",
    "sn": "9426201285290381236"
  },
  {
    "buyer": "Fidz",
    "ref_id": "676489161335",
    "time": "20:20:29",
    "date": "9/5/2024",
    "expired": 1722993629371,
    "customer_no": "085179890775",
    "buyer_sku_code": "DATBU43",
    "biaya": 23100,
    "product_name": "by.U Data 6 GB 30 Hari",
    "kategori": "Data",
    "brand": "by.U",
    "status": "Sukses",
    "sn": "03416100000268919071"
  },
  {
    "buyer": "Fidz",
    "ref_id": "103583634827",
    "time": "20:20:29",
    "date": "9/5/2024",
    "expired": 1722993629371,
    "customer_no": "085179890775",
    "buyer_sku_code": "DATBU43",
    "biaya": 23100,
    "product_name": "by.U Data 6 GB 30 Hari",
    "kategori": "Data",
    "brand": "by.U",
    "status": "Gagal",
    "sn": ""
  },
  {
    "buyer": "Fidz",
    "ref_id": "826887636595",
    "time": "20:20:29",
    "date": "9/5/2024",
    "expired": 1722993629371,
    "customer_no": "6285179890775",
    "buyer_sku_code": "DATBU43",
    "biaya": 23100,
    "product_name": "by.U Data 6 GB 30 Hari",
    "kategori": "Data",
    "brand": "by.U",
    "status": "Gagal",
    "sn": ""
  }
]