[
  {
    "buyer": "R     ²⁹",
    "ref_id": "482361855815",
    "time": "20:14:35",
    "date": "11/5/2024",
    "expired": 1723166075276,
    "customer_no": "573064388",
    "buyer_sku_code": "ff200d",
    "biaya": 27534.15,
    "product_name": "Free Fire 200 Diamond",
    "kategori": "Games",
    "brand": "FREE FIRE",
    "status": "Sukses",
    "sn": "Ꭱㅤㅤ²⁹ Reff ID : 12063526846516723704"
  },
  {
    "buyer": "R     ²⁹",
    "ref_id": "253422353902",
    "time": "02:52:23",
    "date": "1/5/2024",
    "expired": 1722325943320,
    "customer_no": "573064388",
    "buyer_sku_code": "FFMM",
    "biaya": 28250.25,
    "product_name": "Free Fire Membership Mingguan",
    "kategori": "Games",
    "brand": "FREE FIRE",
    "status": "Sukses",
    "sn": "User=573064388, Reff:17790000611505988157"
  }
]