{"version":9,"hash":{"type":"Buffer","data":"xE39QJ7muuaA+RE6rY3bq43W6JuGKZw6OHkdJBPJRd/E5A+Zzz80THmvM67OcS7lqCzCiis44+bq4jIT+Y9nbKhdtCIDJKSAO26fAH+P18WCt9DF1ZGBDS+u1Q5hSskkI++rBqq3+Jilu3PF8f1LEAsU8liiJCsdDwmOfBiheEw="},"indexValueMap":{"PwvVpu8KMnTUedUNmKKP2U+OpYyggFJPSW5edR3/wBA=":{"valueMac":{"type":"Buffer","data":"9S7vcb0o4RYgs2Le/SnbWQUVoazR1dXQHbK1b+3Bgvc="}},"aESmicx+bz3PiMzA2wxrU9avPCu3s7BuVxNDHveziUM=":{"valueMac":{"type":"Buffer","data":"dE5gtBqbduz79q0XXHfv4w7TO7UF7P0L7pi1+D8exow="}},"eRBl+jTIVQCuiZv1pJIj0qD29sIfmHDyupcjk0apDoQ=":{"valueMac":{"type":"Buffer","data":"jVsqu1u/fvWLlauGqdC4Er3lRq3lSzJQkEtb629FFkc="}},"fFH9fAv5tIbr2V5HpB/jrsqvHFoanXea0yST+CtDYHw=":{"valueMac":{"type":"Buffer","data":"9OSvoQH8ZE4aMqDiPdZXVpvLzG5tf6MIC88ODiZbbxA="}},"f2I7XfmEf2/il/DDVpvM3ZRdMCKTsBTdiwF654flat4=":{"valueMac":{"type":"Buffer","data":"tNsStDfOWIk7x1VyGTrVJNpo7nYy9FB4KG/LAofCIYc="}},"l1I/tZYVClx03Km55ZrlRX7JGoOJDz7SZLSJnbkJ69k=":{"valueMac":{"type":"Buffer","data":"Tr4OeiYIGjd6H3AG00ZdvfrcZpaDxc1+9J+cHHRsDTQ="}},"q4s0Q07JF+PmwEhG8Tel5Rzciias3ET2ck/oRZU48Yk=":{"valueMac":{"type":"Buffer","data":"K+ALL5txSlW56QWGc6YhYBL7BPoT7sDP0Oa5XzCDKv4="}},"0GXGfRJunKGqt7BD1Gne9Br9wr7sSSt9hAb/pXL1srs=":{"valueMac":{"type":"Buffer","data":"lOS4ZcjZgnoP3KCncd/UdtVJTRw8MKEKjCUGPhhBA10="}},"13SAtvQHOj2Gop/NswdpCU5pbqkoXkR5kM38AErt/UY=":{"valueMac":{"type":"Buffer","data":"DdnnN3tmXH2qqqq7ziZYenFUSw07eb8vRF0XQc7QOqI="}},"9w5f1rtLFUqFhhsjQyvBJE+BRZNLFliqKw+csvrzCOQ=":{"valueMac":{"type":"Buffer","data":"jIU+ol15fXIavJGuE0t7Iot31hSialqnm6dPFNNz70I="}},"+x7kM61+DRTI+MLEf+qGCkVTXbTJwQ+8G3llgNv6Br4=":{"valueMac":{"type":"Buffer","data":"lC/m/NycmVFh+3aFQ23cdjnstSzogsSQm0rWokjNJ78="}},"+319VI0zKhDK/Lw00ZX7rQ0ye0DbJi/9CsHJD+mPTXk=":{"valueMac":{"type":"Buffer","data":"jUDJOzK7OofjBgd+hWsKj1EV+sU3Tb3oP0k149UZj6k="}},"/WNsS7BmT2tRtNLgNf2vAgnC+bSXsRMdOdbXYI0Lxqs=":{"valueMac":{"type":"Buffer","data":"6L1ie1feXo92vEK4B65YgSSaUlbXjP3flnakBzYUL1I="}},"SHW3yrZmxfbQuDWgvUbfImUoi9nZgxydQ8/CqxZkbCE=":{"valueMac":{"type":"Buffer","data":"FTA3c6nomkX9JiM6fTuK3BcEa+WTIxo+P7lg+hJrKh4="}}}}