{"version":2,"hash":{"type":"Buffer","data":"kG27ZrQfC3dMsWjJuPC2jl096DwiQgWskddBtnrVeVa32hTWc4NcvFt36C9FVwhroT6EfdDTTnPYwlaVtNUrHmuMaY55rbPrqXKiSm/px2eItB+xS2Bw/WC0ujedMVWf0GJ2/CBG9aTa6NUdXPurjGI62mMdZJ7LHa0iinrPp70="},"indexValueMap":{"JYkvCpLEjGAKlk2jca8m27ytQK6vgRR7Oxl4IPgGxJM=":{"valueMac":{"type":"Buffer","data":"mjvojSwzVqsWy7abyxEwNdb3cMYvPwB9Ij0lpZGmP4M="}},"pwcxQVmAaafAUSrfkOCnQe0dNllvkYPwKliQb3eK0OA=":{"valueMac":{"type":"Buffer","data":"kWgw38Tpnf++DY0QujulBGYJQA3sKuQm8zknVlltlPg="}},"04CiVyPGma2ZVi0wxuKj9RGCMLk7Zsj/qJTn3W5BViU=":{"valueMac":{"type":"Buffer","data":"ch39dYM18OuWkVXE507J+GBwj3/2b5mjXIciXd+XISY="}},"/YVRH8U8kUYpEOiQkiMbAaPoclj5p6GyDMYwEVi+eIk=":{"valueMac":{"type":"Buffer","data":"JR7y2bZvz3McORl7CLywfcIvSeiQSdr9hKjBudMfZos="}}}}