{"noiseKey":{"private":{"type":"Buffer","data":"iA0UIHD1wHS1GIlY130IYqAmdCSjETo346dHHMRTNkE="},"public":{"type":"Buffer","data":"6zcc/OOQZOvfOI4tVrNlFqDmUc9I/q1o6g0OHuHaw1I="}},"pairingEphemeralKeyPair":{"private":{"type":"Buffer","data":"8EGC2YttCE7T0sO2DD6+XI7BkF0dw/1cNt8dZ9Tsgnw="},"public":{"type":"Buffer","data":"ZmBJSHCw3pjezDBvtgSs4eIrv7iMYYN0hvAvp4NNx0M="}},"signedIdentityKey":{"private":{"type":"Buffer","data":"mBlJSSl8sbAQmHb08+SHORro4eSMjTXU5Qz6cup1HHg="},"public":{"type":"Buffer","data":"PvI/Z2xaayfVEkFwoieyd2T3HsrgsAH/udK787/nlRo="}},"signedPreKey":{"keyPair":{"private":{"type":"Buffer","data":"IFVZchx8SFXp+KjZcEz9XOE9QvnDcVOvwe5bVifvh1k="},"public":{"type":"Buffer","data":"F7OYAffDjux8SMcLjYE6MBJFDFNU22Xh61U99O+9xFM="}},"signature":{"type":"Buffer","data":"h0BJLIPNivHqPoThhlTAT1TFe05ZqCkMPd14fMjQtGgZSvBFZvhFl3Ghp1nz3v30ayZrncf7h2zbuSBF5PDxCA=="},"keyId":1},"registrationId":110,"advSecretKey":"vSbKIG7ovLtsXq1BgEJo4Vzvuk4We3AoMZ2rVhKCjRE=","processedHistoryMessages":[{"key":{"remoteJid":"6288226488976@s.whatsapp.net","fromMe":true,"id":"9E9249040F47D069565B5CD5DEFAD512"},"messageTimestamp":1715769002},{"key":{"remoteJid":"6288226488976@s.whatsapp.net","fromMe":true,"id":"866D158A44165F527B60006EDD2B6069"},"messageTimestamp":1715769002},{"key":{"remoteJid":"6288226488976@s.whatsapp.net","fromMe":true,"id":"0F83379FAAA28A20B80B0FC94BB9C192"},"messageTimestamp":1715769006},{"key":{"remoteJid":"6288226488976@s.whatsapp.net","fromMe":true,"id":"30FC2FA4E9ACBE2A5B16547386119244"},"messageTimestamp":1715769006}],"nextPreKeyId":31,"firstUnuploadedPreKeyId":31,"accountSyncCounter":1,"accountSettings":{"unarchiveChats":false},"deviceId":"3CT_sjQDTjCjVP4hxwPy4Q","phoneId":"4667c39a-d5c3-4175-85e3-23fd2aaae5bb","identityId":{"type":"Buffer","data":"iR1+3P9R7rSejzasPoSA1Fptau0="},"registered":true,"backupToken":{"type":"Buffer","data":"JPmXpH6X0POJcfWKEuVte4K51SI="},"registration":{},"pairingCode":"8V3V5HMQ","me":{"id":"6288226488976:4@s.whatsapp.net","name":"PAY-AH TOP","lid":"227315858587863:4@lid"},"account":{"details":"COe14EMQpp2SsgYYAyAAKAA=","accountSignatureKey":"DfO75zK4rTwy4o0j8QdAp3pPMATyygFViyirnfHDaDM=","accountSignature":"btdbyx7rRzrr21u98xzQ2v1F0rmEgpti4Qb4lkLHfgsPHfGez5tE+xQPoM2FeiLoUCVy3Y07h3PC6dmLSGAuCQ==","deviceSignature":"8rABYupp+RKHcAwrd+8D2Q4Z1uId8HKMqeewvFwy/AQVoV0LOE/kbiARXDbWBt1xJZ89c2aWNbtHZdYGPWvMBw=="},"signalIdentities":[{"identifier":{"name":"6288226488976:4@s.whatsapp.net","deviceId":0},"identifierKey":{"type":"Buffer","data":"BQ3zu+cyuK08MuKNI/EHQKd6TzAE8soBVYsoq53xw2gz"}}],"platform":"smba","lastAccountSyncTimestamp":1715769001,"lastPropHash":"1zkqRC","myAppStateKeyId":"AAAAAFco"}