{"_sessions":{"BfuLz/PyRLJt5pZ3N3UtM+Q8i7m78Y2QABqBBovfc4sx":{"registrationId":2142765178,"currentRatchet":{"ephemeralKeyPair":{"pubKey":"BXgk1Me/xZ53D7F/h8vC0khiCgUkyGGmqHWZmRf3sQ0l","privKey":"SLetuKRoGpI9PhmMUI/0bm1mH/T1jALZODgucsFcylw="},"lastRemoteEphemeralKey":"BZ6+KhGhu2m5cjbJ0WmxcqaJKtorRuJglCo84FWgYgkC","previousCounter":0,"rootKey":"EJ6/G+DCIC+yANfaJbZs/F448vbWzjdEj6/4RJaCtlo="},"indexInfo":{"baseKey":"BfuLz/PyRLJt5pZ3N3UtM+Q8i7m78Y2QABqBBovfc4sx","baseKeyType":1,"closed":-1,"used":1715769138736,"created":1715769138736,"remoteIdentityKey":"Bdh7+k7zuIRyM1oID5DWIZBpOPjKlfVQl70ZGQjg+zIS"},"_chains":{"BXgk1Me/xZ53D7F/h8vC0khiCgUkyGGmqHWZmRf3sQ0l":{"chainKey":{"counter":0,"key":"ZVJBzYzlyjsh+6f4EGh4cQJ2o+I7Ip3bUgtwWiIiGo0="},"chainType":1,"messageKeys":{}}},"pendingPreKey":{"signedKeyId":4,"baseKey":"BfuLz/PyRLJt5pZ3N3UtM+Q8i7m78Y2QABqBBovfc4sx","preKeyId":208709}}},"version":"v1"}