{"_sessions":{"BWV6wDCR3lbj7kK9gMrMwUgXWSWy/bC2fwXI5/4JwrJI":{"registrationId":518240767,"currentRatchet":{"ephemeralKeyPair":{"pubKey":"BQ3wfk4yu6jH9CQWdwoSo2QYZ2P6DiPFr2b1jxqw5SYp","privKey":"UHTRl8lT812wYUgken13mPk5zi/S41shTUiSh6+vJnw="},"lastRemoteEphemeralKey":"BbmW/bEe9t2llGNqkyURV6RWEc/Ss8CDh0y7E2v+ZNQi","previousCounter":0,"rootKey":"7GNbSzobVE2h5+PI47QFPkwkRRvv8t6tA9k5AIY0SNo="},"indexInfo":{"baseKey":"BWV6wDCR3lbj7kK9gMrMwUgXWSWy/bC2fwXI5/4JwrJI","baseKeyType":1,"closed":1715769536948,"used":1715769138533,"created":1715769138533,"remoteIdentityKey":"BeNq7C3VzFRmjhhxBy/IlOW/m2NG9KCUey5A9H6CKqJt"},"_chains":{"BQ3wfk4yu6jH9CQWdwoSo2QYZ2P6DiPFr2b1jxqw5SYp":{"chainKey":{"counter":0,"key":"02sxjK4nWjWEAMukPmQAVLSioPHho5C45ds2X1VSoVc="},"chainType":1,"messageKeys":{}}},"pendingPreKey":{"signedKeyId":4,"baseKey":"BWV6wDCR3lbj7kK9gMrMwUgXWSWy/bC2fwXI5/4JwrJI","preKeyId":13357243}},"BSEGlDVN9t6B1ut3MFvDY8hOu2m79JjytC8oSy6zQxR+":{"registrationId":518240767,"currentRatchet":{"ephemeralKeyPair":{"pubKey":"BfmcMlyMBFoXS/BWufGP6cxgr9gJ4Kko2MsHW+iVfmQx","privKey":"8DbM97qmUTWcB8woZ5AQfv7lM16RRGv7WvGdOZBGeE0="},"lastRemoteEphemeralKey":"BbmW/bEe9t2llGNqkyURV6RWEc/Ss8CDh0y7E2v+ZNQi","previousCounter":0,"rootKey":"NKuBc8i39Tv7q/N8tU2ZmBmX+PGLMRbCxEqHmAKjhok="},"indexInfo":{"baseKey":"BSEGlDVN9t6B1ut3MFvDY8hOu2m79JjytC8oSy6zQxR+","baseKeyType":1,"closed":1715769542807,"used":1715769536943,"created":1715769536943,"remoteIdentityKey":"BeNq7C3VzFRmjhhxBy/IlOW/m2NG9KCUey5A9H6CKqJt"},"_chains":{"BfmcMlyMBFoXS/BWufGP6cxgr9gJ4Kko2MsHW+iVfmQx":{"chainKey":{"counter":-1,"key":"QXyEBcLaikmt4cNffyULdYxcrlCJB3RDsQzYV4kYYEQ="},"chainType":1,"messageKeys":{}}},"pendingPreKey":{"signedKeyId":4,"baseKey":"BSEGlDVN9t6B1ut3MFvDY8hOu2m79JjytC8oSy6zQxR+","preKeyId":13356646}},"BcTaDnRDtzwPfrkW42sD9Sn5KF59JYt3L7iPm+1qUooL":{"registrationId":518240767,"currentRatchet":{"ephemeralKeyPair":{"pubKey":"BaJ07jsfadtpfD9UKW6Y/WCBxRajMRZNldZUY7/LShAa","privKey":"YK4cRDc57V3h9G2OnwuP7QFDl7C2FuUEC4nMNuVv3G0="},"lastRemoteEphemeralKey":"BbmW/bEe9t2llGNqkyURV6RWEc/Ss8CDh0y7E2v+ZNQi","previousCounter":0,"rootKey":"qDce2KG88zxE1MeQuVOVnM6VtydgtcGA2WqTau21VqI="},"indexInfo":{"baseKey":"BcTaDnRDtzwPfrkW42sD9Sn5KF59JYt3L7iPm+1qUooL","baseKeyType":1,"closed":-1,"used":1715769542803,"created":1715769542803,"remoteIdentityKey":"BeNq7C3VzFRmjhhxBy/IlOW/m2NG9KCUey5A9H6CKqJt"},"_chains":{"BaJ07jsfadtpfD9UKW6Y/WCBxRajMRZNldZUY7/LShAa":{"chainKey":{"counter":-1,"key":"CjSu7lJ1qgsXnkCnqxFd1SAl63ZHdnYiHD17v7U1B1E="},"chainType":1,"messageKeys":{}}},"pendingPreKey":{"signedKeyId":4,"baseKey":"BcTaDnRDtzwPfrkW42sD9Sn5KF59JYt3L7iPm+1qUooL","preKeyId":13356585}}},"version":"v1"}