{"_sessions":{"BWeDIfGtplIP9KWRUvT6N7yMT4R+taMdDmSDXDQj/akm":{"registrationId":10900,"currentRatchet":{"ephemeralKeyPair":{"pubKey":"BZS0Ot2egBX6dOhvYxhmflWI7TzJBYys4LRwWi2HKsE1","privKey":"8DGHdaem0VxNGljH5jrw9+iYRFidPYCPMjFhDi25lHs="},"lastRemoteEphemeralKey":"BYcUF8fPnBZJQIBn/b8BH8zlr2EL8GqGxbF6N6jhjZVs","previousCounter":0,"rootKey":"9RxmJ1eTDkx6OmnQ95CfmrCpx2+ey7OQORqWBP6jR1c="},"indexInfo":{"baseKey":"BWeDIfGtplIP9KWRUvT6N7yMT4R+taMdDmSDXDQj/akm","baseKeyType":1,"closed":-1,"used":1715769138294,"created":1715769138294,"remoteIdentityKey":"BQ9V2vcPH+Gbjdyq8DjF+naQv7d6GaIblHszGmxSTd8H"},"_chains":{"BZS0Ot2egBX6dOhvYxhmflWI7TzJBYys4LRwWi2HKsE1":{"chainKey":{"counter":0,"key":"2Hldl/uB2//sF3LeHoAnnI2bsEzuTqLqn5qwI7LQvus="},"chainType":1,"messageKeys":{}}},"pendingPreKey":{"signedKeyId":1,"baseKey":"BWeDIfGtplIP9KWRUvT6N7yMT4R+taMdDmSDXDQj/akm"}}},"version":"v1"}