{"_sessions":{"BbAE5l8nq+dIqQEKcZOeip5Hq0Aic0UDEB5cDg07P4hN":{"registrationId":1222193430,"currentRatchet":{"ephemeralKeyPair":{"pubKey":"BXzCg5uPpxi2dV70LAxaeKrVfbYZs6n7g6BN2cXAaeFf","privKey":"SJ+O9sQfJ2+BIFfdAKuLjvkXjzim0+7vzm9YCXVZmng="},"lastRemoteEphemeralKey":"BX467I/ISsHBOlFxtX2+yimxkoNicgTWjplA1EofFWJ3","previousCounter":0,"rootKey":"9TgPKlOIFKifhpdrCj8sl71EqqzumKBgeHWkO/3a0xU="},"indexInfo":{"baseKey":"BbAE5l8nq+dIqQEKcZOeip5Hq0Aic0UDEB5cDg07P4hN","baseKeyType":1,"closed":-1,"used":1715769138474,"created":1715769138474,"remoteIdentityKey":"Bb2ScmOfT036JLfDCuCz9N5Of48et5Hp0jkCqLxvD3YR"},"_chains":{"BXzCg5uPpxi2dV70LAxaeKrVfbYZs6n7g6BN2cXAaeFf":{"chainKey":{"counter":0,"key":"/9/3ZhlvPNHsDqA3Z7fqBGm+NN8I0nH0WzN0UbGnYCk="},"chainType":1,"messageKeys":{}}},"pendingPreKey":{"signedKeyId":16,"baseKey":"BbAE5l8nq+dIqQEKcZOeip5Hq0Aic0UDEB5cDg07P4hN","preKeyId":4449764}}},"version":"v1"}