{"_sessions":{"Ba9ZA4vM3UcyL+qWyqGng2LwwPqB3+XhzZkF5+GvRaIl":{"registrationId":241510313,"currentRatchet":{"ephemeralKeyPair":{"pubKey":"BbxrIH+ZQ55STAVkHJ43U9MLESS6r0ALQ3tiE1WNcIJ1","privKey":"EJs2BkpiGXNjMc1xiw/sfb5g9wjMVLTYyJFyXwc0p2A="},"lastRemoteEphemeralKey":"Bd9Qf2pI1Bh76az8k7T3zrr/P5hsCU49JcdkGcc/FqRa","previousCounter":0,"rootKey":"oK3JqOpBYJOXK8eeo3ZnKkVKb4Y4DzEi76lBOyH3AeU="},"indexInfo":{"baseKey":"Ba9ZA4vM3UcyL+qWyqGng2LwwPqB3+XhzZkF5+GvRaIl","baseKeyType":1,"closed":1715769529063,"used":1715769138667,"created":1715769138667,"remoteIdentityKey":"BQFXSuQWbQMgqYPPkUvqyI3kEN4kPthJFsRrw3gmWu8D"},"_chains":{"BbxrIH+ZQ55STAVkHJ43U9MLESS6r0ALQ3tiE1WNcIJ1":{"chainKey":{"counter":0,"key":"mhD6SKx6DsIVIjfC+S6ca62zJk0AhW8g9GPFiaMEPsQ="},"chainType":1,"messageKeys":{}}},"pendingPreKey":{"signedKeyId":3,"baseKey":"Ba9ZA4vM3UcyL+qWyqGng2LwwPqB3+XhzZkF5+GvRaIl","preKeyId":3736416}},"BQxCk20vvoOLOxznI5ECDDtx6pmhGtH+Kdgix5WZO8ZA":{"registrationId":241510313,"currentRatchet":{"ephemeralKeyPair":{"pubKey":"BeeW3keb+DoKx9vlOqI33mg8cqgEXsPQvy3w3f4KNq0v","privKey":"MD1AMVQDN5K2nTMmO7/t8QY7vUta1vzm7PtYNctWaFA="},"lastRemoteEphemeralKey":"Bd9Qf2pI1Bh76az8k7T3zrr/P5hsCU49JcdkGcc/FqRa","previousCounter":0,"rootKey":"GGrOqNMb5j7bMpG1svgn/36AnqdU73l2Mq0Z7oLVbnc="},"indexInfo":{"baseKey":"BQxCk20vvoOLOxznI5ECDDtx6pmhGtH+Kdgix5WZO8ZA","baseKeyType":1,"closed":1715769551760,"used":1715769529054,"created":1715769529054,"remoteIdentityKey":"BQFXSuQWbQMgqYPPkUvqyI3kEN4kPthJFsRrw3gmWu8D"},"_chains":{"BeeW3keb+DoKx9vlOqI33mg8cqgEXsPQvy3w3f4KNq0v":{"chainKey":{"counter":-1,"key":"9p6lt7rFe35U/x7XmhqJ+d0H6INdMVuDhQIjSJIQNT0="},"chainType":1,"messageKeys":{}}},"pendingPreKey":{"signedKeyId":3,"baseKey":"BQxCk20vvoOLOxznI5ECDDtx6pmhGtH+Kdgix5WZO8ZA","preKeyId":3736442}},"BeABKZdvy0MVaEedjX9Z315wnoE0lEthZU/C/u6m4Ro7":{"registrationId":241510313,"currentRatchet":{"ephemeralKeyPair":{"pubKey":"BRPGeTxwQQYpkXmsgBjIdtCX/I9gTHfEkZzn2hNhuuAt","privKey":"WKgJUSQKFHMdGxmIY7MerF5Jae7jywqoKcRerrlpLUY="},"lastRemoteEphemeralKey":"Bd9Qf2pI1Bh76az8k7T3zrr/P5hsCU49JcdkGcc/FqRa","previousCounter":0,"rootKey":"2WvXlHFOKgjhVhMg2igjZuWke/bZ40IlaJw7OtayBi0="},"indexInfo":{"baseKey":"BeABKZdvy0MVaEedjX9Z315wnoE0lEthZU/C/u6m4Ro7","baseKeyType":1,"closed":-1,"used":1715769551755,"created":1715769551755,"remoteIdentityKey":"BQFXSuQWbQMgqYPPkUvqyI3kEN4kPthJFsRrw3gmWu8D"},"_chains":{"BRPGeTxwQQYpkXmsgBjIdtCX/I9gTHfEkZzn2hNhuuAt":{"chainKey":{"counter":-1,"key":"3In22yAmynroHcI6hxb7cFQDinfwDv2gkQs1JSTSF+Y="},"chainType":1,"messageKeys":{}}},"pendingPreKey":{"signedKeyId":3,"baseKey":"BeABKZdvy0MVaEedjX9Z315wnoE0lEthZU/C/u6m4Ro7","preKeyId":3736400}}},"version":"v1"}