{"_sessions":{"BYFB6XRZBR2m0hcr3TnM6cq/8gWr/HFY1QDkPQNo6mtA":{"registrationId":139906603,"currentRatchet":{"ephemeralKeyPair":{"pubKey":"BbRCKZzWKobcswnogWmIGfazl7Z8V6BWg4n9zJY+NhME","privKey":"EMsqMuZ2yIauLNdDWnTaCybI8zq5zQuTjpBoF3GS1nE="},"lastRemoteEphemeralKey":"BZuZBnzqu1DNbSvFiR8Ib+saWinAChhzlWRfAaP9gOZU","previousCounter":0,"rootKey":"94cw0Qc3KllwHZqkTfHuqsVEFEX2skWX1fJ7TFG+bEE="},"indexInfo":{"baseKey":"BYFB6XRZBR2m0hcr3TnM6cq/8gWr/HFY1QDkPQNo6mtA","baseKeyType":1,"closed":-1,"used":1715769138510,"created":1715769138510,"remoteIdentityKey":"BepnPrlwSzVG9lnDy5RY1fjweg4uzQc5MCyu6rZCgNc/"},"_chains":{"BbRCKZzWKobcswnogWmIGfazl7Z8V6BWg4n9zJY+NhME":{"chainKey":{"counter":0,"key":"qSjhMaNNTj++/LFSNdUx4Fv29hGEkvqe5DGhHivBxVU="},"chainType":1,"messageKeys":{}}},"pendingPreKey":{"signedKeyId":6,"baseKey":"BYFB6XRZBR2m0hcr3TnM6cq/8gWr/HFY1QDkPQNo6mtA","preKeyId":11501861}}},"version":"v1"}