{"_sessions":{"BXiQi21uGsuYGLwJRtcsjfeQO64gFlwQWKxkUVyYQEpK":{"registrationId":447880306,"currentRatchet":{"ephemeralKeyPair":{"pubKey":"Be4yNcIhg/FjLWJ4glH3RfAbI85Yq+7Cx3swgh8oyRgM","privKey":"4MxF0iy79gO2Sgdfzw4VeABezYV40m5VYq/y99sdblY="},"lastRemoteEphemeralKey":"BUDkHQg/8nhR7lvGQtZd8GqxxM7cpQjKe7kCOjEZ3kpu","previousCounter":0,"rootKey":"/DpADp8HdVj1aHAFl+LtK9NDzLNdJ9kDz5MfXjBTRIM="},"indexInfo":{"baseKey":"BXiQi21uGsuYGLwJRtcsjfeQO64gFlwQWKxkUVyYQEpK","baseKeyType":1,"closed":-1,"used":1715769138516,"created":1715769138516,"remoteIdentityKey":"BW/Qzi6qNDTXBO1WK1tOnLveSZjNVruhJHT9+pUw7MBH"},"_chains":{"Be4yNcIhg/FjLWJ4glH3RfAbI85Yq+7Cx3swgh8oyRgM":{"chainKey":{"counter":0,"key":"PoQsDqiNB3pKiSVWYiFo3fnYZjoiQ96ymEcq0IeALkY="},"chainType":1,"messageKeys":{}}},"pendingPreKey":{"signedKeyId":1,"baseKey":"BXiQi21uGsuYGLwJRtcsjfeQO64gFlwQWKxkUVyYQEpK","preKeyId":13912429}}},"version":"v1"}