{"_sessions":{"BYeGo3XmqxkOiW5sxnOofnyoDJM553aRTho5n56f6mk5":{"registrationId":1778638836,"currentRatchet":{"ephemeralKeyPair":{"pubKey":"BXAVhCzNjE28SN6vGRLfsTqWr0o7yc2dRrwHO5X9vM1L","privKey":"aMJcqazNqGgb5uebHPR8v8GO8h1mJi8iccw3UQApunM="},"lastRemoteEphemeralKey":"BTwQIMQUWxonuG1JTXAPf7QkuczX3yU2+B1XvJcCRI4m","previousCounter":0,"rootKey":"PFZY3w++YtfyyH5GMqiHuNr+1mQ8U/xvBvHnNnFDH4A="},"indexInfo":{"baseKey":"BYeGo3XmqxkOiW5sxnOofnyoDJM553aRTho5n56f6mk5","baseKeyType":1,"closed":-1,"used":1715769138453,"created":1715769138453,"remoteIdentityKey":"BQUk/QDox21jtVszdYmcJTz3m+JNyMnSui5j0KmY0wxs"},"_chains":{"BXAVhCzNjE28SN6vGRLfsTqWr0o7yc2dRrwHO5X9vM1L":{"chainKey":{"counter":0,"key":"binv4usTdmMsUmU+M2A8QxQMS32nbAoy/c0UyngFK+0="},"chainType":1,"messageKeys":{}}},"pendingPreKey":{"signedKeyId":1,"baseKey":"BYeGo3XmqxkOiW5sxnOofnyoDJM553aRTho5n56f6mk5","preKeyId":14326490}}},"version":"v1"}