{"_sessions":{"Bd/i8Pj+ME/61sfz7t6aUrWnJy4w1tD6jdiw15LISBIO":{"registrationId":145096963,"currentRatchet":{"ephemeralKeyPair":{"pubKey":"Bdzjv0Xp2WCdZgNRXs16jvL4/mAvybHPk8mCZudfaYs1","privKey":"6ECgU5OJyTpiLAt1lHXPKI2bWfARXZpArlT1O9rQkXk="},"lastRemoteEphemeralKey":"BfEE6EeFdbgp2GNpsG5Hiuu5i6tcd8Y1YfrPFN772W8p","previousCounter":8,"rootKey":"9KhRhoQtnLtCE/Id2Eel3eN+UKw5DZprB1pSbhw4R8A="},"indexInfo":{"baseKey":"Bd/i8Pj+ME/61sfz7t6aUrWnJy4w1tD6jdiw15LISBIO","baseKeyType":2,"closed":1715769539592,"used":1715769372533,"created":1715769002205,"remoteIdentityKey":"BQ3zu+cyuK08MuKNI/EHQKd6TzAE8soBVYsoq53xw2gz"},"_chains":{"BQBLqEMsXsPyQo6rf63USs8p8oLYf0fxeK1RSKN0vmRE":{"chainKey":{"counter":5},"chainType":2,"messageKeys":{}},"BeEeLPuuMUe/IF7x4S+NFWaET96bMXpacPa4KL0V3/Vs":{"chainKey":{"counter":1},"chainType":2,"messageKeys":{}},"BY8jc5ePkBriUZei/mpaDL07ykJwE6zia/7R7R5UFtw/":{"chainKey":{"counter":0},"chainType":2,"messageKeys":{}},"BfEE6EeFdbgp2GNpsG5Hiuu5i6tcd8Y1YfrPFN772W8p":{"chainKey":{"counter":0,"key":"8Avz0fc3l2ZjQTErMzI+f9NPBv/U0p1mVZFreMBY/ZQ="},"chainType":2,"messageKeys":{}},"Bdzjv0Xp2WCdZgNRXs16jvL4/mAvybHPk8mCZudfaYs1":{"chainKey":{"counter":0,"key":"ASCUwjnpB1CN0kS9Q/pu2Fp+PTSn6oJAgSkxBhBQuKw="},"chainType":1,"messageKeys":{}}}},"BXI5TvlGhTz2TgTJaD1/ZM0C7fXKcepRVZ8bEovtBtBs":{"registrationId":145096963,"currentRatchet":{"ephemeralKeyPair":{"pubKey":"BZtlmrfpiJAdcVEZZTsiC8LyvHRQ/h74+3at3TzYB+hF","privKey":"6Fv7R0qivAqrIJPdMMwu2+vRXmIdDhYxm3KnsUJNGk8="},"lastRemoteEphemeralKey":"BVoksmK0Z13yYu9mEojx436lMcsKB5r2gBpB8YxipP9e","previousCounter":0,"rootKey":"VwgEoe43ux2pjMpwu+uhsAY9+aU/aRoNVq/wp8rahb4="},"indexInfo":{"baseKey":"BXI5TvlGhTz2TgTJaD1/ZM0C7fXKcepRVZ8bEovtBtBs","baseKeyType":1,"closed":1715769551148,"used":1715769539587,"created":1715769539587,"remoteIdentityKey":"BQ3zu+cyuK08MuKNI/EHQKd6TzAE8soBVYsoq53xw2gz"},"_chains":{"BZtlmrfpiJAdcVEZZTsiC8LyvHRQ/h74+3at3TzYB+hF":{"chainKey":{"counter":-1,"key":"A7X1HyvWtnBsIo7cv8SCQZFJbZP/IZsRKqguoZt03qM="},"chainType":1,"messageKeys":{}}},"pendingPreKey":{"signedKeyId":1,"baseKey":"BXI5TvlGhTz2TgTJaD1/ZM0C7fXKcepRVZ8bEovtBtBs","preKeyId":136393}},"BSuqd1ZMHswjdM3y1T15PPXwe9uezRGYJzUOKFo8jCoS":{"registrationId":145096963,"currentRatchet":{"ephemeralKeyPair":{"pubKey":"BeBwYj8lyLY3o0edRoTuc6fxhC4/qsXQlAor8+5zYC9D","privKey":"2LUi51shEoyuORd7w0XohFTN+FBdT+LzDiG+Ix1zMnk="},"lastRemoteEphemeralKey":"BVoksmK0Z13yYu9mEojx436lMcsKB5r2gBpB8YxipP9e","previousCounter":0,"rootKey":"cp1O/JZL4OVilrXwLbH4v0IlrNQJu7nLkuEABZCGGVI="},"indexInfo":{"baseKey":"BSuqd1ZMHswjdM3y1T15PPXwe9uezRGYJzUOKFo8jCoS","baseKeyType":1,"closed":-1,"used":1715769551144,"created":1715769551144,"remoteIdentityKey":"BQ3zu+cyuK08MuKNI/EHQKd6TzAE8soBVYsoq53xw2gz"},"_chains":{"BeBwYj8lyLY3o0edRoTuc6fxhC4/qsXQlAor8+5zYC9D":{"chainKey":{"counter":-1,"key":"gRkDwc+j1AKZDmaHPpc4iqEuJ17cg0hzr1/DE90f17E="},"chainType":1,"messageKeys":{}}},"pendingPreKey":{"signedKeyId":1,"baseKey":"BSuqd1ZMHswjdM3y1T15PPXwe9uezRGYJzUOKFo8jCoS","preKeyId":135623}}},"version":"v1"}