{"_sessions":{"BS1kYTOLJLC7E3dKEANhZ5IU/IVIXF8qIVKUUTCzVVci":{"registrationId":1966464854,"currentRatchet":{"ephemeralKeyPair":{"pubKey":"BbU8tzcyt0g4dXyOFf7/7eg2dKGxhVNYBh4Jf+huuOYQ","privKey":"AKgBcWv/DXdk/q6GbvM0k/9zWmkwD0HsrrnaGdfH/EY="},"lastRemoteEphemeralKey":"BZ5klmYZV56r27FPQOZinXvZ+FVunjNoWVP3qQaCLS0r","previousCounter":0,"rootKey":"djY0KVyWhC386OTXXxUSrDI3Ds3OQAW5haw6aTqpHC4="},"indexInfo":{"baseKey":"BS1kYTOLJLC7E3dKEANhZ5IU/IVIXF8qIVKUUTCzVVci","baseKeyType":1,"closed":1715769566333,"used":1715769138435,"created":1715769138435,"remoteIdentityKey":"BYRvjM0WFPf79eE56uqxeaU1eOnK3k8nkJKDwEOd1i07"},"_chains":{"BbU8tzcyt0g4dXyOFf7/7eg2dKGxhVNYBh4Jf+huuOYQ":{"chainKey":{"counter":0,"key":"rtjULP6LOEVAHRQd70LsuHSBm+eZyUZl2O7Zwc8U8vU="},"chainType":1,"messageKeys":{}}},"pendingPreKey":{"signedKeyId":0,"baseKey":"BS1kYTOLJLC7E3dKEANhZ5IU/IVIXF8qIVKUUTCzVVci","preKeyId":5485532}},"BWHsMP9/kmm6Vo1/Eog3R7br52mIZObPiO8bUFv6OCQr":{"registrationId":1966464854,"currentRatchet":{"ephemeralKeyPair":{"pubKey":"BQuJ4n3d1tibgHdrDD2vaJsoNqFYNTtynsW9kINLxOdQ","privKey":"SAo1VEwKFyKUnB4U7g6G6YWC41R4he/a8vRJSRv4EXg="},"lastRemoteEphemeralKey":"BZ5klmYZV56r27FPQOZinXvZ+FVunjNoWVP3qQaCLS0r","previousCounter":0,"rootKey":"ebGx05iR/KX544gWcJ9x9Rb6TgFNsL9/QmOQKMZrZoA="},"indexInfo":{"baseKey":"BWHsMP9/kmm6Vo1/Eog3R7br52mIZObPiO8bUFv6OCQr","baseKeyType":1,"closed":1715769566606,"used":1715769566322,"created":1715769566322,"remoteIdentityKey":"BYRvjM0WFPf79eE56uqxeaU1eOnK3k8nkJKDwEOd1i07"},"_chains":{"BQuJ4n3d1tibgHdrDD2vaJsoNqFYNTtynsW9kINLxOdQ":{"chainKey":{"counter":-1,"key":"aGwzBDq4IOHXGr2nTKdBiQ4QVAmSPjTOtczfE2zG1Bo="},"chainType":1,"messageKeys":{}}},"pendingPreKey":{"signedKeyId":0,"baseKey":"BWHsMP9/kmm6Vo1/Eog3R7br52mIZObPiO8bUFv6OCQr","preKeyId":5485244}},"BYoSpVz45Kr0wMLh6AqHYJCSEQGMMA4QxPLt3Rn5gkIv":{"registrationId":1966464854,"currentRatchet":{"ephemeralKeyPair":{"pubKey":"BXAj31ibl2gSDDz7UMXnY+nau+7rDGpKp79Py1opSKZx","privKey":"OEAC+G2eu9/Fd4Ofx8sOFwsP/1mRcIifzyTnk8kjV3w="},"lastRemoteEphemeralKey":"BZ5klmYZV56r27FPQOZinXvZ+FVunjNoWVP3qQaCLS0r","previousCounter":0,"rootKey":"LkQw+4ASWvBCv1HuvKByuLMiFZDPk5+d1hxsar95+Yw="},"indexInfo":{"baseKey":"BYoSpVz45Kr0wMLh6AqHYJCSEQGMMA4QxPLt3Rn5gkIv","baseKeyType":1,"closed":-1,"used":1715769566601,"created":1715769566601,"remoteIdentityKey":"BYRvjM0WFPf79eE56uqxeaU1eOnK3k8nkJKDwEOd1i07"},"_chains":{"BXAj31ibl2gSDDz7UMXnY+nau+7rDGpKp79Py1opSKZx":{"chainKey":{"counter":-1,"key":"FjTp6LneVWOsS/Yvk/HtDxbH6JsCZvZWK2va43HYaGw="},"chainType":1,"messageKeys":{}}},"pendingPreKey":{"signedKeyId":0,"baseKey":"BYoSpVz45Kr0wMLh6AqHYJCSEQGMMA4QxPLt3Rn5gkIv","preKeyId":5485062}}},"version":"v1"}