{"_sessions":{"BfZmPuhXkN7ADdHchU+FX/R0dmo/f3v4l5ukAEu67Hkh":{"registrationId":304484113,"currentRatchet":{"ephemeralKeyPair":{"pubKey":"BQ47J8GGJuFCL+r4hjdu5Akvy0XYWKGFP1E5EPdh9kFE","privKey":"iBHHEFjfApUuVNEWj88qWM/VUdXZt9igjYu+dMTlN2Q="},"lastRemoteEphemeralKey":"BakqhAR688BoVITNp2CcZib7AiHXz1ZnlsgUkL92/LJ9","previousCounter":0,"rootKey":"IS4xIQuS78Q/K0HHfLtLRvlQjFQWQSPcfAwvu940Jrw="},"indexInfo":{"baseKey":"BfZmPuhXkN7ADdHchU+FX/R0dmo/f3v4l5ukAEu67Hkh","baseKeyType":1,"closed":1715769556937,"used":1715769138586,"created":1715769138586,"remoteIdentityKey":"BcbPOQi/XE1AmfsQbl+ubEoF1DiLv5lrls5oapTVjJJQ"},"_chains":{"BQ47J8GGJuFCL+r4hjdu5Akvy0XYWKGFP1E5EPdh9kFE":{"chainKey":{"counter":0,"key":"eus3Xy2Wwx0aGkEelcEKfouQuQyi8JurZWPP4lbCjH4="},"chainType":1,"messageKeys":{}}},"pendingPreKey":{"signedKeyId":7064363,"baseKey":"BfZmPuhXkN7ADdHchU+FX/R0dmo/f3v4l5ukAEu67Hkh","preKeyId":10366}},"BZCNEpoMejbwcLPEatMTmsyE4Vz3Qaxkez0NS93bcQ0a":{"registrationId":304484113,"currentRatchet":{"ephemeralKeyPair":{"pubKey":"BVwzDfbHA7TQNNJaMwT0LQ8qEPzQpYxcUGYJvSdjtCl0","privKey":"cJwdCwU9bayi0uUiG+wkZLMK9hKYGvGj0dRC1yrHjHE="},"lastRemoteEphemeralKey":"BakqhAR688BoVITNp2CcZib7AiHXz1ZnlsgUkL92/LJ9","previousCounter":0,"rootKey":"bmXzCSfQt9QdK8Ma6nZbDvqku5w2q3Ptm0r1vUDqav4="},"indexInfo":{"baseKey":"BZCNEpoMejbwcLPEatMTmsyE4Vz3Qaxkez0NS93bcQ0a","baseKeyType":1,"closed":1715769557217,"used":1715769556933,"created":1715769556933,"remoteIdentityKey":"BcbPOQi/XE1AmfsQbl+ubEoF1DiLv5lrls5oapTVjJJQ"},"_chains":{"BVwzDfbHA7TQNNJaMwT0LQ8qEPzQpYxcUGYJvSdjtCl0":{"chainKey":{"counter":-1,"key":"rs2RiFi86DZGzwVq/07VvFGEWcq6AyB1lXJGlYlHSgg="},"chainType":1,"messageKeys":{}}},"pendingPreKey":{"signedKeyId":7064363,"baseKey":"BZCNEpoMejbwcLPEatMTmsyE4Vz3Qaxkez0NS93bcQ0a","preKeyId":10401}},"BZZqiNq5Ti37qzccC0QjeKhB0IdipDwuwN3N1b8S0a0D":{"registrationId":304484113,"currentRatchet":{"ephemeralKeyPair":{"pubKey":"BZM1sb1ZMaKPqLO1yteHi4mYmawqEepaFnxQw5eFxE48","privKey":"wJmtAYv7+dexnZZUyMc+E8R75W7zgPKC6XWeRm/BV3U="},"lastRemoteEphemeralKey":"BakqhAR688BoVITNp2CcZib7AiHXz1ZnlsgUkL92/LJ9","previousCounter":0,"rootKey":"KUIux5CGpT5WubRRnQrlTrHsFDtwSNRCIcDC3x6cKK0="},"indexInfo":{"baseKey":"BZZqiNq5Ti37qzccC0QjeKhB0IdipDwuwN3N1b8S0a0D","baseKeyType":1,"closed":-1,"used":1715769557211,"created":1715769557211,"remoteIdentityKey":"BcbPOQi/XE1AmfsQbl+ubEoF1DiLv5lrls5oapTVjJJQ"},"_chains":{"BZM1sb1ZMaKPqLO1yteHi4mYmawqEepaFnxQw5eFxE48":{"chainKey":{"counter":-1,"key":"bHoYaQQnlNTAtJEhx5x+RnABR5mGDNnftW03LS3Uc4Q="},"chainType":1,"messageKeys":{}}},"pendingPreKey":{"signedKeyId":7064363,"baseKey":"BZZqiNq5Ti37qzccC0QjeKhB0IdipDwuwN3N1b8S0a0D","preKeyId":9840}}},"version":"v1"}