{"_sessions":{"Bf8XBbXzmv83Ka+7rApTqNGF3YSB9HroDAQyaX2DfpR7":{"registrationId":14954,"currentRatchet":{"ephemeralKeyPair":{"pubKey":"BVpr8v800iZuj/3vdIbQ4IXOF6nh11fE7EPd9GwJ8Eo7","privKey":"8Jsief2sYUv+09KP200L6Fv8CtExYurVcrTBRlNqQnQ="},"lastRemoteEphemeralKey":"BdxxM5vp0j02QExtkYM8gpBIwblcq02FMbtuydZvyS1l","previousCounter":0,"rootKey":"qKYTqmeb+Pq4+QIBAbhyfl47NAsfIHycbDqUNgcntik="},"indexInfo":{"baseKey":"Bf8XBbXzmv83Ka+7rApTqNGF3YSB9HroDAQyaX2DfpR7","baseKeyType":1,"closed":-1,"used":1715769138387,"created":1715769138387,"remoteIdentityKey":"BTeeQCLsQjBZK9IW4bsdgppb9L8vpm3m6E3MqS36CdEq"},"_chains":{"BVpr8v800iZuj/3vdIbQ4IXOF6nh11fE7EPd9GwJ8Eo7":{"chainKey":{"counter":0,"key":"MpO/ozRxGtnk+BQE8uTAhKusEMG5tC7RC67J1PsX4m4="},"chainType":1,"messageKeys":{}}},"pendingPreKey":{"signedKeyId":1,"baseKey":"Bf8XBbXzmv83Ka+7rApTqNGF3YSB9HroDAQyaX2DfpR7"}}},"version":"v1"}