{"_sessions":{"BSw+1EmsAe59IGjraOeHuh/ndjnO+hvgYcpVa9pIzk4I":{"registrationId":801330940,"currentRatchet":{"ephemeralKeyPair":{"pubKey":"BV1Eov9yX4ahADIIWpaSiCIFV28DTH4e3sOiSfmeJ/kZ","privKey":"YJeMTaSXCpUxSHrswwkzDrJZiEuf1MnFPsCcZg+/L00="},"lastRemoteEphemeralKey":"BVnNV89006/n4Dg4c4InYNN24ajPQxQGF9mf76cqrbUp","previousCounter":0,"rootKey":"aB35NcxGrcKjrBJtFjUP8g/LSioA7RgZwXzkNwExgw8="},"indexInfo":{"baseKey":"BSw+1EmsAe59IGjraOeHuh/ndjnO+hvgYcpVa9pIzk4I","baseKeyType":1,"closed":-1,"used":1715769138500,"created":1715769138500,"remoteIdentityKey":"BXusATV8l1wTR7LeXhMFp++jSrVT4mxoj3sf4HLqIwxE"},"_chains":{"BV1Eov9yX4ahADIIWpaSiCIFV28DTH4e3sOiSfmeJ/kZ":{"chainKey":{"counter":0,"key":"scpPH63er2iuXInRr5zMDlEz3/WBjnXVLhOrBBwXJoQ="},"chainType":1,"messageKeys":{}}},"pendingPreKey":{"signedKeyId":13,"baseKey":"BSw+1EmsAe59IGjraOeHuh/ndjnO+hvgYcpVa9pIzk4I","preKeyId":6755360}}},"version":"v1"}