{"_sessions":{"BeYhJHLIqDRUMRVpPqFGZ9muJJfMmV8TGt5dcJn/hkl+":{"registrationId":11609,"currentRatchet":{"ephemeralKeyPair":{"pubKey":"BajADw3VbW/40RpfG9S70vq4t4EuzDl8T2DWqXvQ4eAM","privKey":"YKI5CfdEjjkmeHO2m5Wlpji0ptQ99pJs/Qmz/Z3SZn0="},"lastRemoteEphemeralKey":"Bfs4mSZ1BF2I3rbgD5lgqwaYn1mkouCtizlPrRSKUBgb","previousCounter":0,"rootKey":"z4xKD1A/W6wlSKJoALvMJxQvaNW21JW2dYxgo7sVBrA="},"indexInfo":{"baseKey":"BeYhJHLIqDRUMRVpPqFGZ9muJJfMmV8TGt5dcJn/hkl+","baseKeyType":1,"closed":-1,"used":1715769138398,"created":1715769138398,"remoteIdentityKey":"BSlhF2z5qDeJEPDKslBSLw3gqXIghVFIWXnUcxjokBUu"},"_chains":{"BajADw3VbW/40RpfG9S70vq4t4EuzDl8T2DWqXvQ4eAM":{"chainKey":{"counter":0,"key":"k8WIB+my28Up6bzSdMqT3TxOxZN6o2F1EgyYys+ccWI="},"chainType":1,"messageKeys":{}}},"pendingPreKey":{"signedKeyId":1,"baseKey":"BeYhJHLIqDRUMRVpPqFGZ9muJJfMmV8TGt5dcJn/hkl+","preKeyId":855}}},"version":"v1"}