{"_sessions":{"BbVp0kpfddn2lkBa5miyld9+GzBgEI1ecrtexkugavxq":{"registrationId":327016548,"currentRatchet":{"ephemeralKeyPair":{"pubKey":"BbN7Z2a4+VzFD+0ub0v2706TcRkL0gCYC4+tUoi2dTkW","privKey":"sKvn8Au/6l6v2gOAnIx7Hyg6FN3Cd542l7NbB0FA+UU="},"lastRemoteEphemeralKey":"BdJTHHNJT69v79cVG0SNQ7fFwjXdTmPrwAkbHJJLhptG","previousCounter":0,"rootKey":"m4RoTCZUmOzHNinMDviohZwtpNPKm6OLate6syZUi3o="},"indexInfo":{"baseKey":"BbVp0kpfddn2lkBa5miyld9+GzBgEI1ecrtexkugavxq","baseKeyType":1,"closed":-1,"used":1715769138724,"created":1715769138724,"remoteIdentityKey":"BfCYf8ZQyfiKifcAepXu6aL3aZ5XsXWl9F2gPmkmvWkV"},"_chains":{"BbN7Z2a4+VzFD+0ub0v2706TcRkL0gCYC4+tUoi2dTkW":{"chainKey":{"counter":0,"key":"qu6NPMvpXbaVeZYomya9BI4d6wMgcYsliuTr4Zk1wLY="},"chainType":1,"messageKeys":{}}},"pendingPreKey":{"signedKeyId":3,"baseKey":"BbVp0kpfddn2lkBa5miyld9+GzBgEI1ecrtexkugavxq"}}},"version":"v1"}