{"_sessions":{"BY1zXXTaI3jzmehgal36THtEQeZJVCMCK46cHEKvjQo0":{"registrationId":1878634400,"currentRatchet":{"ephemeralKeyPair":{"pubKey":"Bca02DKVPwFGPGEx66cq9/fBh7wOzJGoai2fcrBsMrot","privKey":"YA0oXRmEIiAkCOmIMesjDMKQkhi0pkUwBoMiosn7BEk="},"lastRemoteEphemeralKey":"BWLIAf3WzPDASNSHsmXOYYCUe5l6p0+3+KFgT2qx/wEH","previousCounter":0,"rootKey":"UQEwB2u8eAupHD60Zo3j88v08UmuG4/IYhi4KEcSCrA="},"indexInfo":{"baseKey":"BY1zXXTaI3jzmehgal36THtEQeZJVCMCK46cHEKvjQo0","baseKeyType":1,"closed":1715769560390,"used":1715769138548,"created":1715769138548,"remoteIdentityKey":"BeWw1m9gdFhVFUILAWAadlXHerEMrApR6RsFPGSagAtd"},"_chains":{"Bca02DKVPwFGPGEx66cq9/fBh7wOzJGoai2fcrBsMrot":{"chainKey":{"counter":0,"key":"4Q1yyiz2oEJn0dWH/dQjnxorjmTskjXV7PHlRXayNJA="},"chainType":1,"messageKeys":{}}},"pendingPreKey":{"signedKeyId":15575089,"baseKey":"BY1zXXTaI3jzmehgal36THtEQeZJVCMCK46cHEKvjQo0","preKeyId":9834}},"BS2GOUUNESvD8Qxahs2+EElxKpM4LNtT36+LqhxSfLAe":{"registrationId":1878634400,"currentRatchet":{"ephemeralKeyPair":{"pubKey":"BSi17UlzSWIaep2SxbpTUH/rukWEuXfUwEUmmPVPItNU","privKey":"8F1o+aK2lhl4vvw0g4tg7aMbda0UYmxErOjm8vJ1Rmo="},"lastRemoteEphemeralKey":"BWLIAf3WzPDASNSHsmXOYYCUe5l6p0+3+KFgT2qx/wEH","previousCounter":0,"rootKey":"3BtM06p+eb72UGhMK6vyPIl8Pm05GHT7NQfB6vyYuyg="},"indexInfo":{"baseKey":"BS2GOUUNESvD8Qxahs2+EElxKpM4LNtT36+LqhxSfLAe","baseKeyType":1,"closed":1715769560707,"used":1715769560385,"created":1715769560385,"remoteIdentityKey":"BeWw1m9gdFhVFUILAWAadlXHerEMrApR6RsFPGSagAtd"},"_chains":{"BSi17UlzSWIaep2SxbpTUH/rukWEuXfUwEUmmPVPItNU":{"chainKey":{"counter":-1,"key":"hmAxZh8ugdkb/8IOwAC8FmqYNWgwa8z2noQldpHbH4Q="},"chainType":1,"messageKeys":{}}},"pendingPreKey":{"signedKeyId":15575089,"baseKey":"BS2GOUUNESvD8Qxahs2+EElxKpM4LNtT36+LqhxSfLAe","preKeyId":9835}},"BX/ne/28UYHDpJnYtvXopHdEKchBE6eUyQZiLQwAa1Vf":{"registrationId":1878634400,"currentRatchet":{"ephemeralKeyPair":{"pubKey":"Bbh8Afz73s+faTA0WDK/HdoJF/PIfBkKvtaLJLwz8FQu","privKey":"oLTfVvQuhDDVbYW9YA+jkeauMglZcsT3jzBB2FGLQkU="},"lastRemoteEphemeralKey":"BWLIAf3WzPDASNSHsmXOYYCUe5l6p0+3+KFgT2qx/wEH","previousCounter":0,"rootKey":"8ZYNUwzhWkvztfZzrP54pLqvNeYGWEYs/UGz0o39Dj8="},"indexInfo":{"baseKey":"BX/ne/28UYHDpJnYtvXopHdEKchBE6eUyQZiLQwAa1Vf","baseKeyType":1,"closed":-1,"used":1715769560701,"created":1715769560701,"remoteIdentityKey":"BeWw1m9gdFhVFUILAWAadlXHerEMrApR6RsFPGSagAtd"},"_chains":{"Bbh8Afz73s+faTA0WDK/HdoJF/PIfBkKvtaLJLwz8FQu":{"chainKey":{"counter":-1,"key":"6h4cp/VK76d3MWOOlLFmN0/z+Dl0oqJ80Kz4mA+ra8Y="},"chainType":1,"messageKeys":{}}},"pendingPreKey":{"signedKeyId":15575089,"baseKey":"BX/ne/28UYHDpJnYtvXopHdEKchBE6eUyQZiLQwAa1Vf","preKeyId":9810}}},"version":"v1"}