{"_sessions":{"BVY9G7CpV2xo35NiqPP4HeTrxujfpqs9IM3WB4AzuFNa":{"registrationId":2105043545,"currentRatchet":{"ephemeralKeyPair":{"pubKey":"Bd1o2mrsffx1OwIqExMRRWN/S9rbDFoh+dLTQZxj8Ms6","privKey":"CGesuHxOjzT2a+euOfLQ2JAtLi/p2jCuHRffqH88u2g="},"lastRemoteEphemeralKey":"BWKPSM+LyqdHHTyjZzbVw5KTn3WUm30T3RHNFifyWc49","previousCounter":0,"rootKey":"yzVy05oklO6U+EDKme/XC4PGbb/+4Cn8Tgt1LT+WXng="},"indexInfo":{"baseKey":"BVY9G7CpV2xo35NiqPP4HeTrxujfpqs9IM3WB4AzuFNa","baseKeyType":1,"closed":1715769538720,"used":1715769138443,"created":1715769138443,"remoteIdentityKey":"BZ5Ov4IF0+wGOfsnBK52tZ7JBRz2d/ZgKG7YCopZa2k5"},"_chains":{"Bd1o2mrsffx1OwIqExMRRWN/S9rbDFoh+dLTQZxj8Ms6":{"chainKey":{"counter":0,"key":"t2271aGicvGRuEfuDNClwTo9eosUmrUxTEgpyDkqsaQ="},"chainType":1,"messageKeys":{}}},"pendingPreKey":{"signedKeyId":2,"baseKey":"BVY9G7CpV2xo35NiqPP4HeTrxujfpqs9IM3WB4AzuFNa","preKeyId":15044862}},"BXDPn1e+3ptMiMOR605p72mhHjDgZquIv1CCRDEf/4oq":{"registrationId":2105043545,"currentRatchet":{"ephemeralKeyPair":{"pubKey":"BXFkGILWCmA0IqYJHTAyTGpCeudExXNAFWqeFEX6i8MK","privKey":"SMGl9R7GTViLg3TdinjrT+wS6+GNiIIVPmoERui2sFg="},"lastRemoteEphemeralKey":"BWKPSM+LyqdHHTyjZzbVw5KTn3WUm30T3RHNFifyWc49","previousCounter":0,"rootKey":"KOWU8QxaseUq13pSHismD5lRZ0ROLusfGVy+yYQjjc8="},"indexInfo":{"baseKey":"BXDPn1e+3ptMiMOR605p72mhHjDgZquIv1CCRDEf/4oq","baseKeyType":1,"closed":1715769547748,"used":1715769538715,"created":1715769538715,"remoteIdentityKey":"BZ5Ov4IF0+wGOfsnBK52tZ7JBRz2d/ZgKG7YCopZa2k5"},"_chains":{"BXFkGILWCmA0IqYJHTAyTGpCeudExXNAFWqeFEX6i8MK":{"chainKey":{"counter":-1,"key":"R5A6xXzEss62bgCnE8soQM+02BrGBKWBf5js+9q0x0k="},"chainType":1,"messageKeys":{}}},"pendingPreKey":{"signedKeyId":2,"baseKey":"BXDPn1e+3ptMiMOR605p72mhHjDgZquIv1CCRDEf/4oq","preKeyId":15044728}},"BavLGl4BVO2aPnu2BvLYOeHWe+UDgvRPZfH7ZsheMe1T":{"registrationId":2105043545,"currentRatchet":{"ephemeralKeyPair":{"pubKey":"BRLyHk2YQmp4aXY/2axWdYhSuR3owR4bcXyiNc/MJzNo","privKey":"GPhSV2Q2N/eHSW18h0kXFg+/TIZola3RihU2Gt6/i28="},"lastRemoteEphemeralKey":"BWKPSM+LyqdHHTyjZzbVw5KTn3WUm30T3RHNFifyWc49","previousCounter":0,"rootKey":"N6PJsro8Ybmx9rDmAfTHstW3YRwta02/N+6Inz+vsMk="},"indexInfo":{"baseKey":"BavLGl4BVO2aPnu2BvLYOeHWe+UDgvRPZfH7ZsheMe1T","baseKeyType":1,"closed":-1,"used":1715769547743,"created":1715769547743,"remoteIdentityKey":"BZ5Ov4IF0+wGOfsnBK52tZ7JBRz2d/ZgKG7YCopZa2k5"},"_chains":{"BRLyHk2YQmp4aXY/2axWdYhSuR3owR4bcXyiNc/MJzNo":{"chainKey":{"counter":-1,"key":"yJCEFdCUOKmt3DyS1bg7XdPqQtI/yaKaXgVczcq1yM0="},"chainType":1,"messageKeys":{}}},"pendingPreKey":{"signedKeyId":2,"baseKey":"BavLGl4BVO2aPnu2BvLYOeHWe+UDgvRPZfH7ZsheMe1T","preKeyId":15044856}}},"version":"v1"}