{"_sessions":{"BUKH4u7+49Mn39oGc4QDXg5sPOKJ/BTEpwCbraFZh0gs":{"registrationId":596101886,"currentRatchet":{"ephemeralKeyPair":{"pubKey":"BX0Pg1RSJE+BA2CDpJIQ4+DmNBPwP77AUwTZOnhfio5X","privKey":"+LU9/0s9FPXO2StVkpLTHX4j5v/lIyxZQ3iB4wuZM2g="},"lastRemoteEphemeralKey":"Bd2tOOCgD/T10Iz8Mfy3hQKagcSG6bdpEUjN0huz1sk4","previousCounter":0,"rootKey":"6CeWDcrNN4Lbd1ZRppxVU8qRFyeUWMifbwGeF7SCQpk="},"indexInfo":{"baseKey":"BUKH4u7+49Mn39oGc4QDXg5sPOKJ/BTEpwCbraFZh0gs","baseKeyType":1,"closed":-1,"used":1715769138536,"created":1715769138536,"remoteIdentityKey":"BV/i59V6yQm9HTjBlNvgRdkwhWvM1dwO6zOt624JPoAD"},"_chains":{"BX0Pg1RSJE+BA2CDpJIQ4+DmNBPwP77AUwTZOnhfio5X":{"chainKey":{"counter":0,"key":"kYndliI/YLLLr4vXAEgfrF3hDsZMr2I3pOtmP/GRmJ4="},"chainType":1,"messageKeys":{}}},"pendingPreKey":{"signedKeyId":1,"baseKey":"BUKH4u7+49Mn39oGc4QDXg5sPOKJ/BTEpwCbraFZh0gs"}}},"version":"v1"}