{"_sessions":{"BeJTuCD+iIDHxo6Kv0kHpynoUkjwdFAuxRvoad8c+cQl":{"registrationId":1558427970,"currentRatchet":{"ephemeralKeyPair":{"pubKey":"BUub2tLQJtULd17sNU9bNcZHRWqwd7ThbD6kGqK+B5Ac","privKey":"YFI8lKU2+WPA3yKV2+5ia2MIPrEBsABZcg+eNUtKOk8="},"lastRemoteEphemeralKey":"BbKMASNWX7yk8HOtQv/5TX+RBheXL62KoMjT1BAXn+gJ","previousCounter":0,"rootKey":"qq5uzykMo52PD9bm3Mn0hljIIY9dI4goZ2kZ/iquXTQ="},"indexInfo":{"baseKey":"BeJTuCD+iIDHxo6Kv0kHpynoUkjwdFAuxRvoad8c+cQl","baseKeyType":1,"closed":-1,"used":1715769138576,"created":1715769138576,"remoteIdentityKey":"BTjp3nvXh9DZ7MGs05h6MU9VQge9bXot8MT7Y6lU8W0w"},"_chains":{"BUub2tLQJtULd17sNU9bNcZHRWqwd7ThbD6kGqK+B5Ac":{"chainKey":{"counter":0,"key":"DzIt+4UlIKBljMhaxgKMhYa55q4IACaV+xCVCanA/Cw="},"chainType":1,"messageKeys":{}}},"pendingPreKey":{"signedKeyId":1,"baseKey":"BeJTuCD+iIDHxo6Kv0kHpynoUkjwdFAuxRvoad8c+cQl","preKeyId":9385933}}},"version":"v1"}