{"_sessions":{"BYhr4fD49cJE2x7NsA360ShjzpJB5oF3HI/3UpCKvN5i":{"registrationId":395017526,"currentRatchet":{"ephemeralKeyPair":{"pubKey":"BVBxOHqimjaEPz5vJ9cD6bWRYG5+QsP4TJL8ho8X7uBW","privKey":"YJ7WAvByhKSzV7paADaXk24ZmsEx2+fRgt2MDAccZFs="},"lastRemoteEphemeralKey":"Beu4lwhk17AJzcWu0sQ60ULFdtB9prDlqmJo/Pa7HIxX","previousCounter":0,"rootKey":"4n4ATNAGQezGiDca7jlMsK7PVhp6ENzLRxFpNYxilWU="},"indexInfo":{"baseKey":"BYhr4fD49cJE2x7NsA360ShjzpJB5oF3HI/3UpCKvN5i","baseKeyType":1,"closed":1715769549915,"used":1715769138300,"created":1715769138300,"remoteIdentityKey":"BYyEy2Fa//quL1DVO0J7bFU54OzDPd6kt4FEPKRLnWxM"},"_chains":{"BVBxOHqimjaEPz5vJ9cD6bWRYG5+QsP4TJL8ho8X7uBW":{"chainKey":{"counter":0,"key":"3BYuhKqkFS0IPiNcSWfTawFez67QUVcXiYSgh12uUks="},"chainType":1,"messageKeys":{}}},"pendingPreKey":{"signedKeyId":1,"baseKey":"BYhr4fD49cJE2x7NsA360ShjzpJB5oF3HI/3UpCKvN5i","preKeyId":9178137}},"BYmtMI/aOfhW5Du5u2QCSwf/HMruYfY5Alq3VygzNnww":{"registrationId":395017526,"currentRatchet":{"ephemeralKeyPair":{"pubKey":"Bd+7N2DVLH+bj8dlfiLjVcehQUp4WnyMvJetbZ3Pnt1g","privKey":"uDpSI4PoOcXdAT3lnw/em1bl+4hUqJ+Un3Or8y6uCXM="},"lastRemoteEphemeralKey":"Beu4lwhk17AJzcWu0sQ60ULFdtB9prDlqmJo/Pa7HIxX","previousCounter":0,"rootKey":"WTHMhBmR6MCGZ3V+WWD9nosR7F8AqcfEoUxNh81CwuU="},"indexInfo":{"baseKey":"BYmtMI/aOfhW5Du5u2QCSwf/HMruYfY5Alq3VygzNnww","baseKeyType":1,"closed":1715769550831,"used":1715769549901,"created":1715769549901,"remoteIdentityKey":"BYyEy2Fa//quL1DVO0J7bFU54OzDPd6kt4FEPKRLnWxM"},"_chains":{"Bd+7N2DVLH+bj8dlfiLjVcehQUp4WnyMvJetbZ3Pnt1g":{"chainKey":{"counter":-1,"key":"Db5QD9W50r0EayXsyXAEwHOWhqp2u0tqyvIqhCJ9HWk="},"chainType":1,"messageKeys":{}}},"pendingPreKey":{"signedKeyId":1,"baseKey":"BYmtMI/aOfhW5Du5u2QCSwf/HMruYfY5Alq3VygzNnww","preKeyId":9178807}},"BSsh3ZUMqF1FD7AWsWogZ2mWty8KNzyseQm478ABt2or":{"registrationId":395017526,"currentRatchet":{"ephemeralKeyPair":{"pubKey":"BQa7sZYencQaot3ZSl1onerBUOBqcS6/BN/+TYtjmPNX","privKey":"QFUA/De1A9Mdc4Gd6KxEzz5y7lavQ1/yXsamURKiMEA="},"lastRemoteEphemeralKey":"Beu4lwhk17AJzcWu0sQ60ULFdtB9prDlqmJo/Pa7HIxX","previousCounter":0,"rootKey":"+3ICmnrfAPj60a2Y3F3xQcX4q+uE97B6uKI0dFw38WI="},"indexInfo":{"baseKey":"BSsh3ZUMqF1FD7AWsWogZ2mWty8KNzyseQm478ABt2or","baseKeyType":1,"closed":-1,"used":1715769550827,"created":1715769550827,"remoteIdentityKey":"BYyEy2Fa//quL1DVO0J7bFU54OzDPd6kt4FEPKRLnWxM"},"_chains":{"BQa7sZYencQaot3ZSl1onerBUOBqcS6/BN/+TYtjmPNX":{"chainKey":{"counter":-1,"key":"U4nmVi2ShNx4CUtl+PSlp+0Z5DipMkM78IwemA8xdlc="},"chainType":1,"messageKeys":{}}},"pendingPreKey":{"signedKeyId":1,"baseKey":"BSsh3ZUMqF1FD7AWsWogZ2mWty8KNzyseQm478ABt2or","preKeyId":9178162}}},"version":"v1"}