{"_sessions":{"BWZTpVKfS+rilCqMn/A0px4yLgHSP4zhfVkUfCuYL8Io":{"registrationId":692723067,"currentRatchet":{"ephemeralKeyPair":{"pubKey":"BWHrWQDpAgzcpfT45wL+/5xklGT45zh/cAAbC9gZeSwq","privKey":"2LfPUruSlCTbsPxLwcgMz5w9aPYN3qE8v1ayPYmU5EM="},"lastRemoteEphemeralKey":"BYI8tX6AvUKhDnmF7p8hwb4LN5Dd5S9Ua/4JS9X9x3p1","previousCounter":0,"rootKey":"rgZyn6I/w5ag+iISDG4jdvXQZyOOTiN5Kj09/aK9g9s="},"indexInfo":{"baseKey":"BWZTpVKfS+rilCqMn/A0px4yLgHSP4zhfVkUfCuYL8Io","baseKeyType":1,"closed":-1,"used":1715769138718,"created":1715769138718,"remoteIdentityKey":"BeKk5I/3VMGdo04lPgdPvIX27oBzBsHPgZpjg20JAq5g"},"_chains":{"BWHrWQDpAgzcpfT45wL+/5xklGT45zh/cAAbC9gZeSwq":{"chainKey":{"counter":0,"key":"OdxTqlFdbbI2z0I1XB/2P/QrtiBQK9XmIJHeo+/h70s="},"chainType":1,"messageKeys":{}}},"pendingPreKey":{"signedKeyId":2,"baseKey":"BWZTpVKfS+rilCqMn/A0px4yLgHSP4zhfVkUfCuYL8Io"}}},"version":"v1"}