{"_sessions":{"BQCxHWbeuh6/+w2Up0xjSuIN2sEICNIQISvLi9FXkSwk":{"registrationId":9750,"currentRatchet":{"ephemeralKeyPair":{"pubKey":"Bcq9X6nGoY8ltkgShCX/nTFlDyvozzOG6Tj5yHKJTLVp","privKey":"CGHGMYr6RoMz+zLU4uCtc2jyWTZE3N9iJIxY6NmU/G0="},"lastRemoteEphemeralKey":"BWpMN0YhleZLU9bhwYisyQriqpLWPP/tOqrl5geozHIJ","previousCounter":0,"rootKey":"HZllPefmqRt5dJv9pVLBOwc4uU8QHHJqeps6k/XlrWI="},"indexInfo":{"baseKey":"BQCxHWbeuh6/+w2Up0xjSuIN2sEICNIQISvLi9FXkSwk","baseKeyType":1,"closed":-1,"used":1715769138281,"created":1715769138281,"remoteIdentityKey":"BftxHG72NWX5lNMCOjGusw1GerjG9ru2w1/AnwVsDOdy"},"_chains":{"Bcq9X6nGoY8ltkgShCX/nTFlDyvozzOG6Tj5yHKJTLVp":{"chainKey":{"counter":0,"key":"Ia83ANGXRJb3kEDmf41HFYs2uIwFGPfLvPLnpIWk5qc="},"chainType":1,"messageKeys":{}}},"pendingPreKey":{"signedKeyId":1,"baseKey":"BQCxHWbeuh6/+w2Up0xjSuIN2sEICNIQISvLi9FXkSwk"}}},"version":"v1"}