{"_sessions":{"Ba43a39lG71ynAzSt7PsrTz255Qagyo09HlCXCc+jggb":{"registrationId":838444277,"currentRatchet":{"ephemeralKeyPair":{"pubKey":"BXAnuNQFJijZOVHSUa+NkH9By5IdYfHwGBHpP0Pf4Tpi","privKey":"2BnoMRYer7lwEk8g49MAwpdAKgm4h+5o7FvNO5vC6Us="},"lastRemoteEphemeralKey":"BdIY0OpA6m/2pTRf2YcmVIhi+XABREuT3sA5GkbIbPVA","previousCounter":0,"rootKey":"ZrbXHAABpF0Ol9XE9BnUkpKeo4bsBNOOKabzhTlJRio="},"indexInfo":{"baseKey":"Ba43a39lG71ynAzSt7PsrTz255Qagyo09HlCXCc+jggb","baseKeyType":1,"closed":-1,"used":1715769138456,"created":1715769138456,"remoteIdentityKey":"BW1oGK6vUtj6olEzhQIfL7Y5e1TBfnozONfpMKWdHJhW"},"_chains":{"BXAnuNQFJijZOVHSUa+NkH9By5IdYfHwGBHpP0Pf4Tpi":{"chainKey":{"counter":0,"key":"BvtmI9MZN7HrTnJmYekg86R2/H8uTGAA0xEafGQw+oU="},"chainType":1,"messageKeys":{}}},"pendingPreKey":{"signedKeyId":2,"baseKey":"Ba43a39lG71ynAzSt7PsrTz255Qagyo09HlCXCc+jggb"}}},"version":"v1"}