{"_sessions":{"Bcbr0pYgUPvARSVaO0+o1sSXmT/G6LYM7AZbNiobvTo+":{"registrationId":1012179089,"currentRatchet":{"ephemeralKeyPair":{"pubKey":"BUgVKj38s2zIGUuOl1XluyxLwPkqFf5ARMw6rtMj+RB6","privKey":"+E0ZxFx1sme3R9mBjih0nGYvvuRp9oHP33Uk1F8jpWY="},"lastRemoteEphemeralKey":"BYTlKxPOT0V1GSEMgrBvpa2+p2H+fBhG96DxBfBMaO46","previousCounter":0,"rootKey":"8aV3r/R4JNXMtFY91HxR5e3z4HakVVG+My7kLGnblIg="},"indexInfo":{"baseKey":"Bcbr0pYgUPvARSVaO0+o1sSXmT/G6LYM7AZbNiobvTo+","baseKeyType":1,"closed":1715769530873,"used":1715769138593,"created":1715769138593,"remoteIdentityKey":"BXYp8cDHtJKUFEoIMip8OfVCMG1jpmuWFBMFIXAYeAIq"},"_chains":{"BUgVKj38s2zIGUuOl1XluyxLwPkqFf5ARMw6rtMj+RB6":{"chainKey":{"counter":0,"key":"7dmcwXeIchba6eTlxVqI4blPAH/gb+XK0HhxUge+qow="},"chainType":1,"messageKeys":{}}},"pendingPreKey":{"signedKeyId":32,"baseKey":"Bcbr0pYgUPvARSVaO0+o1sSXmT/G6LYM7AZbNiobvTo+","preKeyId":1381243}},"BTMQ2Gk0f4CG/kyHxf3GySQz08NuoS7stKaomULfHURZ":{"registrationId":1012179089,"currentRatchet":{"ephemeralKeyPair":{"pubKey":"BajX+BtZzHtPJbk1WgimpL6QiyQOYDJAaXjFs3XtChcg","privKey":"oGI6pZ4ZvalTZza6zhm85CM3hpV2jiq+CVQLR+DsT2s="},"lastRemoteEphemeralKey":"BYTlKxPOT0V1GSEMgrBvpa2+p2H+fBhG96DxBfBMaO46","previousCounter":0,"rootKey":"QktqpBx7GSr+hm81CXZUoBCrJRpeQS8F4q3rli1p3Ck="},"indexInfo":{"baseKey":"BTMQ2Gk0f4CG/kyHxf3GySQz08NuoS7stKaomULfHURZ","baseKeyType":1,"closed":1715769533037,"used":1715769530869,"created":1715769530869,"remoteIdentityKey":"BXYp8cDHtJKUFEoIMip8OfVCMG1jpmuWFBMFIXAYeAIq"},"_chains":{"BajX+BtZzHtPJbk1WgimpL6QiyQOYDJAaXjFs3XtChcg":{"chainKey":{"counter":-1,"key":"9fWrXrgYqyS6lmvou81heEoIG+ySCpD29kPtkW8CYvY="},"chainType":1,"messageKeys":{}}},"pendingPreKey":{"signedKeyId":32,"baseKey":"BTMQ2Gk0f4CG/kyHxf3GySQz08NuoS7stKaomULfHURZ","preKeyId":1381217}},"BbaLBskXTe4GlK9Msg407Pa9KazE22HabVlJnAiLv/A9":{"registrationId":1012179089,"currentRatchet":{"ephemeralKeyPair":{"pubKey":"BY6a3vsa99rEQNC1+KmnJPs/X3OEkmF6PftDb2GN7x0R","privKey":"uAFAKw3PiN/wR8ncf6gTIc4QlCLLZgPqIhV9nQw2tXg="},"lastRemoteEphemeralKey":"BYTlKxPOT0V1GSEMgrBvpa2+p2H+fBhG96DxBfBMaO46","previousCounter":0,"rootKey":"3KTW8KmO71+KZBVxW0nC00BxE37AS7VZ57io/IUlK7E="},"indexInfo":{"baseKey":"BbaLBskXTe4GlK9Msg407Pa9KazE22HabVlJnAiLv/A9","baseKeyType":1,"closed":-1,"used":1715769533032,"created":1715769533032,"remoteIdentityKey":"BXYp8cDHtJKUFEoIMip8OfVCMG1jpmuWFBMFIXAYeAIq"},"_chains":{"BY6a3vsa99rEQNC1+KmnJPs/X3OEkmF6PftDb2GN7x0R":{"chainKey":{"counter":-1,"key":"3IiIbjKCItZwrBA3kjSHgOjpfyyDL2Xyc1yAMcItYes="},"chainType":1,"messageKeys":{}}},"pendingPreKey":{"signedKeyId":32,"baseKey":"BbaLBskXTe4GlK9Msg407Pa9KazE22HabVlJnAiLv/A9","preKeyId":1381178}}},"version":"v1"}