{"_sessions":{"BbF9lSKyWLDCE4cVuOYZSFlcyycNn+fHk3JJaz2bgBwJ":{"registrationId":381965339,"currentRatchet":{"ephemeralKeyPair":{"pubKey":"BR02g6pzjppaODGuyPll5oxzbxB5cMm6QHXQm/1Us3Q9","privKey":"iDvPU1ktYD2CQfhdXkqBuwJgKnXdZC7cu3W2akYX4E4="},"lastRemoteEphemeralKey":"BSDFvFVLfpm1/45xn3EjK7pXVf9OycgGuY/aaWvbZB0K","previousCounter":0,"rootKey":"YLduajg3ortEKK+KgmieusV1kKHLmCOPPqlOOZy+V4Q="},"indexInfo":{"baseKey":"BbF9lSKyWLDCE4cVuOYZSFlcyycNn+fHk3JJaz2bgBwJ","baseKeyType":1,"closed":-1,"used":1715769138328,"created":1715769138328,"remoteIdentityKey":"BQSI7zw3060Lm1N5vCCqr10MhTjbGNZ5JX7nTGvvauJ+"},"_chains":{"BR02g6pzjppaODGuyPll5oxzbxB5cMm6QHXQm/1Us3Q9":{"chainKey":{"counter":0,"key":"X7n4yNwlszjFjZrX8zBmTPzZnGX+y0c9epUJrSSvhTY="},"chainType":1,"messageKeys":{}}},"pendingPreKey":{"signedKeyId":0,"baseKey":"BbF9lSKyWLDCE4cVuOYZSFlcyycNn+fHk3JJaz2bgBwJ","preKeyId":10829690}}},"version":"v1"}