{"_sessions":{"BTwJZLah71SF9EPXs5Mb9ACU91cVX2t5GSVl+Y8inTgT":{"registrationId":215021602,"currentRatchet":{"ephemeralKeyPair":{"pubKey":"BWWeiXF+KhjJthIcfpul1/Mxkjo2VSQHh+xoTkngIuFj","privKey":"eHmhnreUGFQXV2oB7rNVPbA3BJ3sWMVZerpj/hq2eUc="},"lastRemoteEphemeralKey":"BbyJ+HHRNR/lEzrYx70GN2kL0AzFE2iemMrvH4/Pj9FS","previousCounter":0,"rootKey":"RxjwO/3a6b+/3hp9WJskdIjO0M3MOmu3PNxkRnvjuiQ="},"indexInfo":{"baseKey":"BTwJZLah71SF9EPXs5Mb9ACU91cVX2t5GSVl+Y8inTgT","baseKeyType":1,"closed":-1,"used":1715769138642,"created":1715769138642,"remoteIdentityKey":"Be0iJMLOfbUlhDBhrVIIg8KjN74vOcRV4pXXJJxyWCJ0"},"_chains":{"BWWeiXF+KhjJthIcfpul1/Mxkjo2VSQHh+xoTkngIuFj":{"chainKey":{"counter":0,"key":"LmwUj1AsgZjQpwVA+bIvLMyAatM9Kqf2uKZrmdVB9ig="},"chainType":1,"messageKeys":{}}},"pendingPreKey":{"signedKeyId":1,"baseKey":"BTwJZLah71SF9EPXs5Mb9ACU91cVX2t5GSVl+Y8inTgT","preKeyId":1715792}}},"version":"v1"}