{"_sessions":{"BbIYCrU/cgKoA8SKImZRD3hu5hiHwv/ee1jB09zaou0H":{"registrationId":123547417,"currentRatchet":{"ephemeralKeyPair":{"pubKey":"BQcwQy7C11VZN0zbONLaL5Hb98yuDJ8wF0X9NXaEZ/Qz","privKey":"aGlmEd9KxsciOfhQhQZpAp2s89lPZ6tvO8F+2BpWWW0="},"lastRemoteEphemeralKey":"BWC1NYJXRhci3vlBGlM/Y7feHFKMSRhTE67CD39UKOgl","previousCounter":0,"rootKey":"LV/u6ZD63OKpPh25q15tG/swAKQCdXS39LoOVRo0PQk="},"indexInfo":{"baseKey":"BbIYCrU/cgKoA8SKImZRD3hu5hiHwv/ee1jB09zaou0H","baseKeyType":1,"closed":-1,"used":1715769138559,"created":1715769138559,"remoteIdentityKey":"BVwtIxCvi6r048jvyrNbUdbWx40abFqL5kJ7X0tgjTIh"},"_chains":{"BQcwQy7C11VZN0zbONLaL5Hb98yuDJ8wF0X9NXaEZ/Qz":{"chainKey":{"counter":0,"key":"enw7YaMopdZwlWkcogN6uOxWHmsVQ8EcAM1cjp7CR08="},"chainType":1,"messageKeys":{}}},"pendingPreKey":{"signedKeyId":2,"baseKey":"BbIYCrU/cgKoA8SKImZRD3hu5hiHwv/ee1jB09zaou0H"}}},"version":"v1"}