{"_sessions":{"BXiIXeQkC1eBWbDacZU0t5kj3lTDTYkwFbsnNQn/BUBS":{"registrationId":1369486170,"currentRatchet":{"ephemeralKeyPair":{"pubKey":"BeUHXhQku3dRjCkk6ci0g0XMh55qxnWf21CdE/Rzl3Ee","privKey":"SPy03EoPId2RkcweLt2uxaPkui8K1P1NxIDkp4JcwHs="},"lastRemoteEphemeralKey":"Be/fvl4WajfIbFFKhoNygD+9e0ogquzJycr+ENqoiWM2","previousCounter":0,"rootKey":"qGdhugIlSQA2JU2caHHIw7yfs0tcVaL0Nb85C4YpTTg="},"indexInfo":{"baseKey":"BXiIXeQkC1eBWbDacZU0t5kj3lTDTYkwFbsnNQn/BUBS","baseKeyType":1,"closed":1715769565107,"used":1715769138770,"created":1715769138770,"remoteIdentityKey":"BcsEad3bcEILSDrrkPhagsVyaqqN0HRfZUdQ1vz/7G5u"},"_chains":{"BeUHXhQku3dRjCkk6ci0g0XMh55qxnWf21CdE/Rzl3Ee":{"chainKey":{"counter":0,"key":"oV/QhyshaqPmqpv5wFYLeZvlKwaXsAFIM4snSosE5eA="},"chainType":1,"messageKeys":{}}},"pendingPreKey":{"signedKeyId":4,"baseKey":"BXiIXeQkC1eBWbDacZU0t5kj3lTDTYkwFbsnNQn/BUBS","preKeyId":10900223}},"BXexVvU5iNlW3BybCR3dFE/haNImCUSIqhaPTbCSlOs8":{"registrationId":1369486170,"currentRatchet":{"ephemeralKeyPair":{"pubKey":"BYeI2cd3zF9JBH/wpfi9fWCGhUsmWRSS9VGnScnPbAJ6","privKey":"mL0Sth/mIVhhR7CAnp6vlCqznKrRyZ15sJy9YNj9hUQ="},"lastRemoteEphemeralKey":"Be/fvl4WajfIbFFKhoNygD+9e0ogquzJycr+ENqoiWM2","previousCounter":0,"rootKey":"0JPvt7rw2s65Hl208zpnUef1uRef2n8Gm+sg/FdckP4="},"indexInfo":{"baseKey":"BXexVvU5iNlW3BybCR3dFE/haNImCUSIqhaPTbCSlOs8","baseKeyType":1,"closed":1715769565397,"used":1715769565102,"created":1715769565102,"remoteIdentityKey":"BcsEad3bcEILSDrrkPhagsVyaqqN0HRfZUdQ1vz/7G5u"},"_chains":{"BYeI2cd3zF9JBH/wpfi9fWCGhUsmWRSS9VGnScnPbAJ6":{"chainKey":{"counter":-1,"key":"BDnn5fywz43bvFXRlvlNR7lo+6xicLzFmdrnWT5WTr0="},"chainType":1,"messageKeys":{}}},"pendingPreKey":{"signedKeyId":4,"baseKey":"BXexVvU5iNlW3BybCR3dFE/haNImCUSIqhaPTbCSlOs8","preKeyId":10900828}},"Batod36YIk2Gu7UHv0qgPoRSc/dr8khSSIAxY4J0DBcp":{"registrationId":1369486170,"currentRatchet":{"ephemeralKeyPair":{"pubKey":"BSRYOf8xTh0PXUfh9/U1JueHLXXh3+hkOWp9EvrbMZRm","privKey":"CO1GJ2H7R6m/g0L96d16rH17Ht5WS9tg/wuzQtPb91k="},"lastRemoteEphemeralKey":"Be/fvl4WajfIbFFKhoNygD+9e0ogquzJycr+ENqoiWM2","previousCounter":0,"rootKey":"tZXwSUsB9cINDavhBGlg0zGDjsiJcFE9IKJgiK9S6ZU="},"indexInfo":{"baseKey":"Batod36YIk2Gu7UHv0qgPoRSc/dr8khSSIAxY4J0DBcp","baseKeyType":1,"closed":-1,"used":1715769565393,"created":1715769565393,"remoteIdentityKey":"BcsEad3bcEILSDrrkPhagsVyaqqN0HRfZUdQ1vz/7G5u"},"_chains":{"BSRYOf8xTh0PXUfh9/U1JueHLXXh3+hkOWp9EvrbMZRm":{"chainKey":{"counter":-1,"key":"V0SrnMZaY0vKuEZc+wKsAKrE3JK2VIgVP3xumvX+IbQ="},"chainType":1,"messageKeys":{}}},"pendingPreKey":{"signedKeyId":4,"baseKey":"Batod36YIk2Gu7UHv0qgPoRSc/dr8khSSIAxY4J0DBcp","preKeyId":10900259}}},"version":"v1"}