{"_sessions":{"BWeGNOq2c6xXMCUtvwSP1L0Z91+xDNiHk59YSo67qLRf":{"registrationId":339241770,"currentRatchet":{"ephemeralKeyPair":{"pubKey":"BXP1g7v7LBJYoWUg6XXYawmHjqusJJ859g7jtI7rMrRP","privKey":"kD9JDBD15OKIq434whD1JUs0wVlqw7CyX2De1XAD5lQ="},"lastRemoteEphemeralKey":"BUlfxr1fdyaxB9nzTQuWEqYuJV6zsNjwEsgsES71RiAR","previousCounter":0,"rootKey":"ITXCebUcnqpnX1bdqwDlwl539toCe3XGadyDs/0uPds="},"indexInfo":{"baseKey":"BWeGNOq2c6xXMCUtvwSP1L0Z91+xDNiHk59YSo67qLRf","baseKeyType":1,"closed":1715769539883,"used":1715769138781,"created":1715769138781,"remoteIdentityKey":"BQGdRkITMpP6QXlDC/XWHCAxEkOJxqKsQQ5Ig9Yjzckw"},"_chains":{"BXP1g7v7LBJYoWUg6XXYawmHjqusJJ859g7jtI7rMrRP":{"chainKey":{"counter":0,"key":"Ocx29D1SDwlRRt7uoJjA2AdiZUntUK00vlz2GfzmCy8="},"chainType":1,"messageKeys":{}}},"pendingPreKey":{"signedKeyId":2,"baseKey":"BWeGNOq2c6xXMCUtvwSP1L0Z91+xDNiHk59YSo67qLRf","preKeyId":10510899}},"BePtD7LC+qyLaydLmhJXtoebNubdZYmf7O/JwS/4TWVt":{"registrationId":339241770,"currentRatchet":{"ephemeralKeyPair":{"pubKey":"Bc/urDtcAaXIZlgJpSaV1e1x1wZuenaYmQtbhFSwkVhv","privKey":"wNBhDZt0hoQyrTmitMyxDq1ARBbRugqrSWVmuTsUHFs="},"lastRemoteEphemeralKey":"BUlfxr1fdyaxB9nzTQuWEqYuJV6zsNjwEsgsES71RiAR","previousCounter":0,"rootKey":"7HB63tDtocLsndCz9PikGe5v+gB6hq5jYnejJA+Id1k="},"indexInfo":{"baseKey":"BePtD7LC+qyLaydLmhJXtoebNubdZYmf7O/JwS/4TWVt","baseKeyType":1,"closed":1715769540188,"used":1715769539879,"created":1715769539879,"remoteIdentityKey":"BQGdRkITMpP6QXlDC/XWHCAxEkOJxqKsQQ5Ig9Yjzckw"},"_chains":{"Bc/urDtcAaXIZlgJpSaV1e1x1wZuenaYmQtbhFSwkVhv":{"chainKey":{"counter":-1,"key":"oEV+olljODBBDIB7j+xUU2fgUD8XzP+lLhAMvoo38Ew="},"chainType":1,"messageKeys":{}}},"pendingPreKey":{"signedKeyId":2,"baseKey":"BePtD7LC+qyLaydLmhJXtoebNubdZYmf7O/JwS/4TWVt","preKeyId":10510713}},"BZQfHDP5GOIHct2zrn/9fCWwxCHouLVio4kvA8Cmz+tV":{"registrationId":339241770,"currentRatchet":{"ephemeralKeyPair":{"pubKey":"BYvilMhPRj5+lwbpU+gXE5aJQ/IFIhnoUlN/rhTog0VT","privKey":"OMIXqmHDu265epCg7HOZhXtJMdZ0VAeIJNtV3vhkPG0="},"lastRemoteEphemeralKey":"BUlfxr1fdyaxB9nzTQuWEqYuJV6zsNjwEsgsES71RiAR","previousCounter":0,"rootKey":"3HR8naAY89+0V6OBodQtPxVkgHHufwewv/3vX9OeiaU="},"indexInfo":{"baseKey":"BZQfHDP5GOIHct2zrn/9fCWwxCHouLVio4kvA8Cmz+tV","baseKeyType":1,"closed":-1,"used":1715769540183,"created":1715769540183,"remoteIdentityKey":"BQGdRkITMpP6QXlDC/XWHCAxEkOJxqKsQQ5Ig9Yjzckw"},"_chains":{"BYvilMhPRj5+lwbpU+gXE5aJQ/IFIhnoUlN/rhTog0VT":{"chainKey":{"counter":-1,"key":"DTUQUx0o0NhghubbOWLtv8TUulZv/HHu0VEQHB1FvDc="},"chainType":1,"messageKeys":{}}},"pendingPreKey":{"signedKeyId":2,"baseKey":"BZQfHDP5GOIHct2zrn/9fCWwxCHouLVio4kvA8Cmz+tV","preKeyId":10510890}}},"version":"v1"}