{"_sessions":{"BUKXlb7eRT/uhJ4uJwRp2jWJEuSxNHKvxKh9/6ok1uM7":{"registrationId":11419,"currentRatchet":{"ephemeralKeyPair":{"pubKey":"BSImltk/NKDvI9vX8G+xwNmnKZAzwzHsAWKwLhXEBdsy","privKey":"qJcJ3tfu0lhHJMiplAzmU+vq6KOowSkGm5ngcKUHe30="},"lastRemoteEphemeralKey":"BWEwtTNFBwLoC6pIXNUidZSSCy6pCr9Ted+NxvFD9PUQ","previousCounter":0,"rootKey":"DCjEUg90fZg4DIa+gsoDoEwAj/LGIEb0mNGY/08PyHs="},"indexInfo":{"baseKey":"BUKXlb7eRT/uhJ4uJwRp2jWJEuSxNHKvxKh9/6ok1uM7","baseKeyType":1,"closed":-1,"used":1715769138367,"created":1715769138367,"remoteIdentityKey":"Bd5pEc+gdFCEBO8gQP0ZjIg7WTkZkqp7fT1nEHNJeIVz"},"_chains":{"BSImltk/NKDvI9vX8G+xwNmnKZAzwzHsAWKwLhXEBdsy":{"chainKey":{"counter":0,"key":"FDhRyWDed6O5x1Jb/vuUpIKLLRuRzYKxOwKZs/tnRKg="},"chainType":1,"messageKeys":{}}},"pendingPreKey":{"signedKeyId":1,"baseKey":"BUKXlb7eRT/uhJ4uJwRp2jWJEuSxNHKvxKh9/6ok1uM7"}}},"version":"v1"}