{"_sessions":{"BbREWEwS2qVNaGWHhrONkg8jSMvAbtOP2sj01dJeempK":{"registrationId":547203381,"currentRatchet":{"ephemeralKeyPair":{"pubKey":"BbZfS7E4PWUAHjru+fqXhh2EKDU1FVxQQRcuj+OH6DxY","privKey":"eHDxuFVruvzdu3foo//Yx5GIEgpLI/4xoUrgGjM9DXQ="},"lastRemoteEphemeralKey":"Beu6mX/yVm0UI4HaikxL5C6GJot0X59QvORT7cSNArUE","previousCounter":0,"rootKey":"GRTGEtrJG/K1kLiTHascKHY7r4sg0Q68M1qb4oGVaQA="},"indexInfo":{"baseKey":"BbREWEwS2qVNaGWHhrONkg8jSMvAbtOP2sj01dJeempK","baseKeyType":1,"closed":1715769533893,"used":1715769138733,"created":1715769138733,"remoteIdentityKey":"BZf7khYaoUTn4P/6aw6iAbi52lCvWXG4f9fxctG9wM9K"},"_chains":{"BbZfS7E4PWUAHjru+fqXhh2EKDU1FVxQQRcuj+OH6DxY":{"chainKey":{"counter":0,"key":"OPN8KoZAVyGY3hYxienj8rfufGbzOxK6ovrC2nQavKU="},"chainType":1,"messageKeys":{}}},"pendingPreKey":{"signedKeyId":10,"baseKey":"BbREWEwS2qVNaGWHhrONkg8jSMvAbtOP2sj01dJeempK","preKeyId":16316617}},"BYqFTAWwhoNI7fFgIky4YnJKXIyGYRxZOjMeWtKmGO07":{"registrationId":547203381,"currentRatchet":{"ephemeralKeyPair":{"pubKey":"BSjXqgeTliAFTiSbbeoSXQ78SWuBgEzO9dGjVW4XCWVd","privKey":"8C0jXPbL00VERDwPBLzqIvTIbDsRztdTLVDKGO+1H1Q="},"lastRemoteEphemeralKey":"Beu6mX/yVm0UI4HaikxL5C6GJot0X59QvORT7cSNArUE","previousCounter":0,"rootKey":"Euk9mU7nUc14mfzN3nNe05Scz/lUpzWGdYORY8y4oNk="},"indexInfo":{"baseKey":"BYqFTAWwhoNI7fFgIky4YnJKXIyGYRxZOjMeWtKmGO07","baseKeyType":1,"closed":1715769538990,"used":1715769533888,"created":1715769533888,"remoteIdentityKey":"BZf7khYaoUTn4P/6aw6iAbi52lCvWXG4f9fxctG9wM9K"},"_chains":{"BSjXqgeTliAFTiSbbeoSXQ78SWuBgEzO9dGjVW4XCWVd":{"chainKey":{"counter":-1,"key":"Z/w+RvTD6qDGsDRulOP0FNrWPNrrTO/DYz4bhkMxgc0="},"chainType":1,"messageKeys":{}}},"pendingPreKey":{"signedKeyId":10,"baseKey":"BYqFTAWwhoNI7fFgIky4YnJKXIyGYRxZOjMeWtKmGO07","preKeyId":16316666}},"BXiacXuKM0dNG+HLVv33l/Axug/6Jj2dAZB1abIZ5YgI":{"registrationId":547203381,"currentRatchet":{"ephemeralKeyPair":{"pubKey":"BSZOmiahC6OLnT00sSL9yehZH6aP375GagaYyUqRGKdK","privKey":"yLgj7zmZYKheI2A9lwyn1AqmIfNb+EygVLzrqVrRXlI="},"lastRemoteEphemeralKey":"Beu6mX/yVm0UI4HaikxL5C6GJot0X59QvORT7cSNArUE","previousCounter":0,"rootKey":"vpffVAJnPQecExtFtlXqyUhhsEfl2HfKpeUzLyAdcsk="},"indexInfo":{"baseKey":"BXiacXuKM0dNG+HLVv33l/Axug/6Jj2dAZB1abIZ5YgI","baseKeyType":1,"closed":-1,"used":1715769538982,"created":1715769538982,"remoteIdentityKey":"BZf7khYaoUTn4P/6aw6iAbi52lCvWXG4f9fxctG9wM9K"},"_chains":{"BSZOmiahC6OLnT00sSL9yehZH6aP375GagaYyUqRGKdK":{"chainKey":{"counter":-1,"key":"P51CKR+apDVtPz3sHFSR6IX0FVJxhWnQoQvzc0zOwlM="},"chainType":1,"messageKeys":{}}},"pendingPreKey":{"signedKeyId":10,"baseKey":"BXiacXuKM0dNG+HLVv33l/Axug/6Jj2dAZB1abIZ5YgI","preKeyId":16316581}}},"version":"v1"}