{"_sessions":{"BT2p8MWQbPVQRZAySgRMkR1xiIw2muPB4Qwdhjkcg/J2":{"registrationId":770918806,"currentRatchet":{"ephemeralKeyPair":{"pubKey":"BQKIUx6rjmOXz+prHXNB1GE8ssERTsgOouD1sl9bc78O","privKey":"EKNDesavUa2CwAxYdgHHAotU0c8EGtvuAZ4DS8GqolI="},"lastRemoteEphemeralKey":"Bfd9u/alD+8xT3QiEUuPAsSJXemkGKpK2c9iFDqqpaMy","previousCounter":0,"rootKey":"BSbtCAtvGnlAS4iN9pWMJhC6YnBUkxXK1pFqDizMRLg="},"indexInfo":{"baseKey":"BT2p8MWQbPVQRZAySgRMkR1xiIw2muPB4Qwdhjkcg/J2","baseKeyType":1,"closed":-1,"used":1715769138639,"created":1715769138639,"remoteIdentityKey":"BWZ1FG9feH+0Jh9MI/kawk/z1S3GDLhVhQ6X2mzE3dld"},"_chains":{"BQKIUx6rjmOXz+prHXNB1GE8ssERTsgOouD1sl9bc78O":{"chainKey":{"counter":0,"key":"zEh0DRU3sHut79EIwYCc3liFbV352Upcz19FMT0qsf4="},"chainType":1,"messageKeys":{}}},"pendingPreKey":{"signedKeyId":2,"baseKey":"BT2p8MWQbPVQRZAySgRMkR1xiIw2muPB4Qwdhjkcg/J2","preKeyId":3724385}}},"version":"v1"}