{"_sessions":{"Bfa06axXi3dGx2QLaErOy758SooSw2aL2hIP0z5RI/V0":{"registrationId":12372,"currentRatchet":{"ephemeralKeyPair":{"pubKey":"BZ1kb8ZO60AzOTqy7CABQ8qqZDXi1NFIZwNu0us8L3ID","privKey":"oKYiZQo7c9Pm4jOcKVe92pk7fojMsM0Bt0G0ikY83FQ="},"lastRemoteEphemeralKey":"BaL69aHquu2cKjSxDXOaeEPOt94OYWjTH2rsC1pAGNM5","previousCounter":0,"rootKey":"f8iqd2c7TFsldfxNHDKwriPJpkOUHdawf1FpKUmuC+k="},"indexInfo":{"baseKey":"Bfa06axXi3dGx2QLaErOy758SooSw2aL2hIP0z5RI/V0","baseKeyType":1,"closed":1715769525689,"used":1715769138312,"created":1715769138312,"remoteIdentityKey":"BTp8Cr5rPGnRyJo3woR4/GrS/D0i+NKm1YaC1XNIOKYY"},"_chains":{"BZ1kb8ZO60AzOTqy7CABQ8qqZDXi1NFIZwNu0us8L3ID":{"chainKey":{"counter":0,"key":"Hi5iLV71nFGPPOns8hz78xdAVW3BzRGxpcJOrmOcC4g="},"chainType":1,"messageKeys":{}}},"pendingPreKey":{"signedKeyId":1,"baseKey":"Bfa06axXi3dGx2QLaErOy758SooSw2aL2hIP0z5RI/V0","preKeyId":2907}},"Bf1aZy5KsK+99V3bOUv6cVW5ZAqzr3LMmagBkGTp+b8e":{"registrationId":12372,"currentRatchet":{"ephemeralKeyPair":{"pubKey":"BZVirDzmYW4uiSlivc4Nm/nLjkkh9B38ZV2GwFb2ulVK","privKey":"kBFehCP8hfYj5y3qBL4BhSzNG9JfZWQk6eoQkJxZ6F4="},"lastRemoteEphemeralKey":"BaL69aHquu2cKjSxDXOaeEPOt94OYWjTH2rsC1pAGNM5","previousCounter":0,"rootKey":"xs30l0JBI6KT4RrZ8itOOkVBKXCax4IGtl2neVgkwnU="},"indexInfo":{"baseKey":"Bf1aZy5KsK+99V3bOUv6cVW5ZAqzr3LMmagBkGTp+b8e","baseKeyType":1,"closed":1715769529629,"used":1715769525680,"created":1715769525680,"remoteIdentityKey":"BTp8Cr5rPGnRyJo3woR4/GrS/D0i+NKm1YaC1XNIOKYY"},"_chains":{"BZVirDzmYW4uiSlivc4Nm/nLjkkh9B38ZV2GwFb2ulVK":{"chainKey":{"counter":-1,"key":"mDNpibFwtjE9BRcBxkerFTv6Ze2HQR+BeTiegur70vg="},"chainType":1,"messageKeys":{}}},"pendingPreKey":{"signedKeyId":1,"baseKey":"Bf1aZy5KsK+99V3bOUv6cVW5ZAqzr3LMmagBkGTp+b8e","preKeyId":3506}},"BYmEm2A83CMWnEaSobl0Z0yvb3T6CJBeRvNXcQ54bS93":{"registrationId":12372,"currentRatchet":{"ephemeralKeyPair":{"pubKey":"BWz5kRD/g4vk1BckmCqei4f4w685eEBcotlSRLW60sgo","privKey":"EOS+Gyjb28zCipNHHehjLzxx+hDxi8BT8sOl3NAihlM="},"lastRemoteEphemeralKey":"BaL69aHquu2cKjSxDXOaeEPOt94OYWjTH2rsC1pAGNM5","previousCounter":0,"rootKey":"n8mlFOX12b5j5JBkxcRL9ihmqssx2NuN3gKfQxuGOcU="},"indexInfo":{"baseKey":"BYmEm2A83CMWnEaSobl0Z0yvb3T6CJBeRvNXcQ54bS93","baseKeyType":1,"closed":-1,"used":1715769529624,"created":1715769529624,"remoteIdentityKey":"BTp8Cr5rPGnRyJo3woR4/GrS/D0i+NKm1YaC1XNIOKYY"},"_chains":{"BWz5kRD/g4vk1BckmCqei4f4w685eEBcotlSRLW60sgo":{"chainKey":{"counter":-1,"key":"/IJtOZGUgMcATaCG7a2Hj8qtjZbTf2YYVkXKWlVz9B0="},"chainType":1,"messageKeys":{}}},"pendingPreKey":{"signedKeyId":1,"baseKey":"BYmEm2A83CMWnEaSobl0Z0yvb3T6CJBeRvNXcQ54bS93","preKeyId":3573}}},"version":"v1"}