{"_sessions":{"BQ3j6J/Ous5UXiSsjdGLzG6+/wuKPM/eFQ6eLsGDmtcJ":{"registrationId":199,"currentRatchet":{"ephemeralKeyPair":{"pubKey":"BREQkjp+V85jsSf2YKWe2VyuogkjL7+bn8YeDSgnJZcK","privKey":"MEIVqzoKqZH2fjZLL6zSGI1S1YufimdLRbXqSJvVeVQ="},"lastRemoteEphemeralKey":"BQmRuAEFgfoksocShApk2uNcL59g+2BMr7fvxM0JjdlC","previousCounter":0,"rootKey":"UZvXt5ZIcqZloQfTqFo3kuGhrUF3gZI7oTp0CzU4OJE="},"indexInfo":{"baseKey":"BQ3j6J/Ous5UXiSsjdGLzG6+/wuKPM/eFQ6eLsGDmtcJ","baseKeyType":1,"closed":-1,"used":1715769002559,"created":1715769002559,"remoteIdentityKey":"BW5pxGZZ+Ew74t7Y8TA2f557Tj4YVC7UtQlV7vMb8TMT"},"_chains":{"BREQkjp+V85jsSf2YKWe2VyuogkjL7+bn8YeDSgnJZcK":{"chainKey":{"counter":16,"key":"GkG14wnr7vkwJa4nglFZT1PLiIid3t5d8WRtW7Ebrn4="},"chainType":1,"messageKeys":{}}},"pendingPreKey":{"signedKeyId":1,"baseKey":"BQ3j6J/Ous5UXiSsjdGLzG6+/wuKPM/eFQ6eLsGDmtcJ","preKeyId":57}}},"version":"v1"}