{"_sessions":{"BdsM0PfO2IxN59IHbD9oa9qLYXzww84S8HydMDthhTRU":{"registrationId":624542762,"currentRatchet":{"ephemeralKeyPair":{"pubKey":"BUCUuz1x66Y7YCeK2B5CO7KnRMN7DOwCKNeEp8o4CDJv","privKey":"iJM9Vv1ccPyRq0mf5AsYUOfCm2osSmIZgvdxNWPuokY="},"lastRemoteEphemeralKey":"BT+kQK7kV1TXFGjv2e3HdxxTfT4yO0zdFKjDvIYXUSFS","previousCounter":0,"rootKey":"SLKzD5hGf87tTOox/lMVPAeuAcjIS8JT4GzPqi/BQeg="},"indexInfo":{"baseKey":"BdsM0PfO2IxN59IHbD9oa9qLYXzww84S8HydMDthhTRU","baseKeyType":1,"closed":-1,"used":1715769138636,"created":1715769138636,"remoteIdentityKey":"BdfKHmHN7hNcvlTE7Un8Xsb6nXyQe/af3zXM31wh68N8"},"_chains":{"BUCUuz1x66Y7YCeK2B5CO7KnRMN7DOwCKNeEp8o4CDJv":{"chainKey":{"counter":0,"key":"pyxTahD+lAQ7lR4DwvOWK5n4duBqrv3t8sZXSxBXYUE="},"chainType":1,"messageKeys":{}}},"pendingPreKey":{"signedKeyId":0,"baseKey":"BdsM0PfO2IxN59IHbD9oa9qLYXzww84S8HydMDthhTRU"}}},"version":"v1"}