{"_sessions":{"BaGChlOnWus/c7P2wa5Ww7oEL4nFiSiFNXqKL8Mkp+pC":{"registrationId":612365326,"currentRatchet":{"ephemeralKeyPair":{"pubKey":"BdYxw2sfb63ECrSAJNmraGyU/Rn57FLpkmlfFIo5LTcd","privKey":"8GQkOA3lk1573i3Mxq1kmxINoHedES8/707KfHMxr2M="},"lastRemoteEphemeralKey":"BQkCO1ZDETFGh6/lx7rfNSnRFj6RW4r5cpBOxayLQ848","previousCounter":0,"rootKey":"5JBVJEBOtjSbjMcNqGCLMZQr5puXXMXIO6Cwbk/Btpw="},"indexInfo":{"baseKey":"BaGChlOnWus/c7P2wa5Ww7oEL4nFiSiFNXqKL8Mkp+pC","baseKeyType":1,"closed":1715769554363,"used":1715769138606,"created":1715769138606,"remoteIdentityKey":"BaRYP4jRShX+XDe9nnsAUbGSdc6t8GlHIBfPmBZqFecD"},"_chains":{"BdYxw2sfb63ECrSAJNmraGyU/Rn57FLpkmlfFIo5LTcd":{"chainKey":{"counter":0,"key":"hzMeiXsZpD2/tXWg/dyDc7uevDtrHpIGP7G4u8yZcVY="},"chainType":1,"messageKeys":{}}},"pendingPreKey":{"signedKeyId":6,"baseKey":"BaGChlOnWus/c7P2wa5Ww7oEL4nFiSiFNXqKL8Mkp+pC","preKeyId":6596085}},"BaOApZ9Lc93PLPamMgU6BDEtPvc2VUqNE2cTeJgx3ghc":{"registrationId":612365326,"currentRatchet":{"ephemeralKeyPair":{"pubKey":"BaJWyIgG7RUHm66XtKZ3bzDqiifzxj8OkEe3kaAV5acK","privKey":"oKb/ZMJNyEx2zAPiirPS/HbvI/O5IxnZDSjvS9tNXkI="},"lastRemoteEphemeralKey":"BQkCO1ZDETFGh6/lx7rfNSnRFj6RW4r5cpBOxayLQ848","previousCounter":0,"rootKey":"7ZnzVHSCkicwqfuaQTIwWqPbUmRzS0m9LWenkjfzKDM="},"indexInfo":{"baseKey":"BaOApZ9Lc93PLPamMgU6BDEtPvc2VUqNE2cTeJgx3ghc","baseKeyType":1,"closed":1715769558313,"used":1715769554358,"created":1715769554358,"remoteIdentityKey":"BaRYP4jRShX+XDe9nnsAUbGSdc6t8GlHIBfPmBZqFecD"},"_chains":{"BaJWyIgG7RUHm66XtKZ3bzDqiifzxj8OkEe3kaAV5acK":{"chainKey":{"counter":-1,"key":"NvMpnKQG2aJEkHioXxLEb1rOqCTBZYujkHZplqFr6IQ="},"chainType":1,"messageKeys":{}}},"pendingPreKey":{"signedKeyId":6,"baseKey":"BaOApZ9Lc93PLPamMgU6BDEtPvc2VUqNE2cTeJgx3ghc","preKeyId":6595821}},"BaFKN3oy49Ki2eWBq+Stfp0CAEehMilU7EAPGx+Wt6EK":{"registrationId":612365326,"currentRatchet":{"ephemeralKeyPair":{"pubKey":"BcplmIa7tBaV4OUXEND//K7k1lWdCDoAndThtqcJyVEx","privKey":"eEC+YCCbEvoqB2OoHze9pUaHUrIq5qQGuHp2pDxbsUE="},"lastRemoteEphemeralKey":"BQkCO1ZDETFGh6/lx7rfNSnRFj6RW4r5cpBOxayLQ848","previousCounter":0,"rootKey":"rh/uLbsbCS+9AxnCu8aGnX0LdbM0PkfLsao5E3cvK7M="},"indexInfo":{"baseKey":"BaFKN3oy49Ki2eWBq+Stfp0CAEehMilU7EAPGx+Wt6EK","baseKeyType":1,"closed":-1,"used":1715769558308,"created":1715769558308,"remoteIdentityKey":"BaRYP4jRShX+XDe9nnsAUbGSdc6t8GlHIBfPmBZqFecD"},"_chains":{"BcplmIa7tBaV4OUXEND//K7k1lWdCDoAndThtqcJyVEx":{"chainKey":{"counter":-1,"key":"KJxrlMLTupLlaEJAMC+YFrDiX7idiP/peaRm3ZXns24="},"chainType":1,"messageKeys":{}}},"pendingPreKey":{"signedKeyId":6,"baseKey":"BaFKN3oy49Ki2eWBq+Stfp0CAEehMilU7EAPGx+Wt6EK","preKeyId":6595549}}},"version":"v1"}