{"_sessions":{"BYrhuQeflXNTF4VNQwvmr9iIbr8bz4xoaRXC8NKBMA9A":{"registrationId":2010280543,"currentRatchet":{"ephemeralKeyPair":{"pubKey":"BYMUtekJMwEIttBp+OLgoYohWEokrQei7ZESs2ylg1o7","privKey":"SFky/qdyCVlNXgmlAb0fAHC/5WCDVhy4kMMubXf4g3I="},"lastRemoteEphemeralKey":"Bdz+rTqnjADlIw4f+AWdDqozDeHb4atfX6XR+60HKice","previousCounter":0,"rootKey":"j52eqVfGo/SBsgEiRO4hG0pUuhkmjv/LUN89suQbbj4="},"indexInfo":{"baseKey":"BYrhuQeflXNTF4VNQwvmr9iIbr8bz4xoaRXC8NKBMA9A","baseKeyType":1,"closed":1715769558626,"used":1715769138699,"created":1715769138699,"remoteIdentityKey":"BX+GmjpHu5QGJJqqQjQ8c4aOOXlV/pxR577nGSmi9A40"},"_chains":{"BYMUtekJMwEIttBp+OLgoYohWEokrQei7ZESs2ylg1o7":{"chainKey":{"counter":0,"key":"MVYknHGUmMb5IFsqKMSlb5Sid4c5cn0rdi0o4B292Ks="},"chainType":1,"messageKeys":{}}},"pendingPreKey":{"signedKeyId":1836050,"baseKey":"BYrhuQeflXNTF4VNQwvmr9iIbr8bz4xoaRXC8NKBMA9A","preKeyId":4851}},"BYMhO/EjwQqkGY3rOVmk6BFvNUV+q5+NrBJ9G0ihCwsH":{"registrationId":2010280543,"currentRatchet":{"ephemeralKeyPair":{"pubKey":"BT5DFJ5XsLqlX95whkDBblblUe/k7dQutlnXZXnpJuRM","privKey":"oPRQpLJp8xJ71G5zCz2Sj+yDyIi26VlXZo6TPuor1mo="},"lastRemoteEphemeralKey":"Bdz+rTqnjADlIw4f+AWdDqozDeHb4atfX6XR+60HKice","previousCounter":0,"rootKey":"oH7dAfaCgQxVlOX2h+Q/i8H0J83IeVeSiUeqs+VhxnE="},"indexInfo":{"baseKey":"BYMhO/EjwQqkGY3rOVmk6BFvNUV+q5+NrBJ9G0ihCwsH","baseKeyType":1,"closed":1715769559236,"used":1715769558621,"created":1715769558621,"remoteIdentityKey":"BX+GmjpHu5QGJJqqQjQ8c4aOOXlV/pxR577nGSmi9A40"},"_chains":{"BT5DFJ5XsLqlX95whkDBblblUe/k7dQutlnXZXnpJuRM":{"chainKey":{"counter":-1,"key":"zekcX80S7ZDK0v/kRBfLQJlBhiUHg9OLDkB1MYl9S9U="},"chainType":1,"messageKeys":{}}},"pendingPreKey":{"signedKeyId":1836050,"baseKey":"BYMhO/EjwQqkGY3rOVmk6BFvNUV+q5+NrBJ9G0ihCwsH","preKeyId":4127}},"BWZ/DVgVnVybr72xJQNXY9m2+3UyzlggyNVHkL9SznRH":{"registrationId":2010280543,"currentRatchet":{"ephemeralKeyPair":{"pubKey":"BawBTDGAqL6vRwNQPlhpsKtfygmhCWUvsrW+OxZNzwMr","privKey":"UP5283vyGM+024W6hj0DbW3RX36bAZwxKmkDpX+Cn30="},"lastRemoteEphemeralKey":"Bdz+rTqnjADlIw4f+AWdDqozDeHb4atfX6XR+60HKice","previousCounter":0,"rootKey":"+li9lD7linUfchPNRmqruc0aDCg5MZpWUV3NFkEyOl0="},"indexInfo":{"baseKey":"BWZ/DVgVnVybr72xJQNXY9m2+3UyzlggyNVHkL9SznRH","baseKeyType":1,"closed":-1,"used":1715769559232,"created":1715769559232,"remoteIdentityKey":"BX+GmjpHu5QGJJqqQjQ8c4aOOXlV/pxR577nGSmi9A40"},"_chains":{"BawBTDGAqL6vRwNQPlhpsKtfygmhCWUvsrW+OxZNzwMr":{"chainKey":{"counter":-1,"key":"djbXJ7ooMJwoOrsOPMBzHVTqv+nkoEWBzu+OR+xPCPU="},"chainType":1,"messageKeys":{}}},"pendingPreKey":{"signedKeyId":1836050,"baseKey":"BWZ/DVgVnVybr72xJQNXY9m2+3UyzlggyNVHkL9SznRH","preKeyId":4750}}},"version":"v1"}