{"_sessions":{"BZnYL7NI3d74ChaNkTdgAuidwse9UtomH/bwWKcVo4M6":{"registrationId":1983546354,"currentRatchet":{"ephemeralKeyPair":{"pubKey":"BeK7m38yind4I5mJeWuKQmjG3fj2TmuDfjcCjI9cPZ8P","privKey":"gN57+cTKhI+mOh5RoxmA7wM1L38bCwI451qXqGlSbXs="},"lastRemoteEphemeralKey":"Bdo5bVWaLHO6hhAg1Bfs1U+CwM/jZBYbQ2Q7Aa5B4D0g","previousCounter":0,"rootKey":"Sg4Ovsq2Dkznq0LFq2QTGGBxnA6wY1TU/3OE6U5mbvY="},"indexInfo":{"baseKey":"BZnYL7NI3d74ChaNkTdgAuidwse9UtomH/bwWKcVo4M6","baseKeyType":1,"closed":-1,"used":1715769138306,"created":1715769138306,"remoteIdentityKey":"BfmA3rb18beRoy1n0CoCPIXX3pCaJNN44ErbyovdMYcq"},"_chains":{"BeK7m38yind4I5mJeWuKQmjG3fj2TmuDfjcCjI9cPZ8P":{"chainKey":{"counter":0,"key":"cAu94hpIXcJCs3zpQHuTzAq9onGyznpIm2FbiU9LeHM="},"chainType":1,"messageKeys":{}}},"pendingPreKey":{"signedKeyId":5,"baseKey":"BZnYL7NI3d74ChaNkTdgAuidwse9UtomH/bwWKcVo4M6","preKeyId":4961}}},"version":"v1"}