{"_sessions":{"BdyKuj6za0iSsVkH9hgNJzOLTLRsV4/QUNEO2+CY3V8T":{"registrationId":1402524818,"currentRatchet":{"ephemeralKeyPair":{"pubKey":"Bdn7Bku3e1a7n4ZmaFtkqYNYAQMjFPuTu4mugB171FYT","privKey":"0MzYbGgXiUm/zUH9uebxAFRjNYXzQ8IJzGIsCumdt0U="},"lastRemoteEphemeralKey":"Bf8V4crACzN8J7ojJApuonD5DzX/KlUadt1gXhsAWus5","previousCounter":0,"rootKey":"N8Px5KDOb3XQw3DtxwNCGoVzOQgAaQRO4xSI9tLuz1w="},"indexInfo":{"baseKey":"BdyKuj6za0iSsVkH9hgNJzOLTLRsV4/QUNEO2+CY3V8T","baseKeyType":1,"closed":1715769535695,"used":1715769138712,"created":1715769138712,"remoteIdentityKey":"BflDHx6eLwaDgxDHcBKhSHgso00PsEy732htiq4yRNdW"},"_chains":{"Bdn7Bku3e1a7n4ZmaFtkqYNYAQMjFPuTu4mugB171FYT":{"chainKey":{"counter":0,"key":"J4JPyQ+5kqKnpiWlYJEDwOnDl8ExyQnyiqtk/bAeH1k="},"chainType":1,"messageKeys":{}}},"pendingPreKey":{"signedKeyId":1,"baseKey":"BdyKuj6za0iSsVkH9hgNJzOLTLRsV4/QUNEO2+CY3V8T","preKeyId":12050845}},"BWi5PoVVZPqy1C8cjz+5weI1u7o/tTxHS7goSHe2xzkD":{"registrationId":1402524818,"currentRatchet":{"ephemeralKeyPair":{"pubKey":"BeJG0+bBMGCdMkZkrSmdHMSysLNhFWqVRw9Uc42C6C4P","privKey":"0COdySZZpGedmUG57YBbah1UumrVhFNu5YoAp3kNa3A="},"lastRemoteEphemeralKey":"Bf8V4crACzN8J7ojJApuonD5DzX/KlUadt1gXhsAWus5","previousCounter":0,"rootKey":"4kkXE0Gnj11+X79+qrv+SfQgMrTTB5eLYqfDqis/JSA="},"indexInfo":{"baseKey":"BWi5PoVVZPqy1C8cjz+5weI1u7o/tTxHS7goSHe2xzkD","baseKeyType":1,"closed":1715769544666,"used":1715769535686,"created":1715769535686,"remoteIdentityKey":"BflDHx6eLwaDgxDHcBKhSHgso00PsEy732htiq4yRNdW"},"_chains":{"BeJG0+bBMGCdMkZkrSmdHMSysLNhFWqVRw9Uc42C6C4P":{"chainKey":{"counter":-1,"key":"BdxXCdf9dS+Gxcx/AnUvx17TkBqKhArZ7exl+MFG884="},"chainType":1,"messageKeys":{}}},"pendingPreKey":{"signedKeyId":1,"baseKey":"BWi5PoVVZPqy1C8cjz+5weI1u7o/tTxHS7goSHe2xzkD","preKeyId":12050983}},"Bc9yzQc+fapyd/mz+YUvb/jObXa/UtOv6JnKQRvKJT48":{"registrationId":1402524818,"currentRatchet":{"ephemeralKeyPair":{"pubKey":"BcHjJUlTmxjbf6fwwgBt8LW6scxwiS7VXAd+FHXbhYZy","privKey":"OFp1TWxdtkbGg/RsLOBiVCoaycIMlqX2LWf8w9q1mmU="},"lastRemoteEphemeralKey":"Bf8V4crACzN8J7ojJApuonD5DzX/KlUadt1gXhsAWus5","previousCounter":0,"rootKey":"effiuu0GGn1V2xv2xSXv+dRVPq5BLOiyNyEuDz6HMm0="},"indexInfo":{"baseKey":"Bc9yzQc+fapyd/mz+YUvb/jObXa/UtOv6JnKQRvKJT48","baseKeyType":1,"closed":-1,"used":1715769544661,"created":1715769544661,"remoteIdentityKey":"BflDHx6eLwaDgxDHcBKhSHgso00PsEy732htiq4yRNdW"},"_chains":{"BcHjJUlTmxjbf6fwwgBt8LW6scxwiS7VXAd+FHXbhYZy":{"chainKey":{"counter":-1,"key":"XVMl/fuoJjCK20SNIGcD5I98ElH6JFjw8LBKN9IpKP4="},"chainType":1,"messageKeys":{}}},"pendingPreKey":{"signedKeyId":1,"baseKey":"Bc9yzQc+fapyd/mz+YUvb/jObXa/UtOv6JnKQRvKJT48","preKeyId":12050874}}},"version":"v1"}