{"_sessions":{"BXt2m3cEu6BfSRYp21gXEYiLWuVa3rZiGcHKa+wziSYy":{"registrationId":20804775,"currentRatchet":{"ephemeralKeyPair":{"pubKey":"BWPq91h8cvO0Z16w9f7mce+LWMWSntQPw/xlZziH2cQH","privKey":"4GusxULMyo/0ccqhnFrRiOGwCrMjD3iUqWVxMQty5GA="},"lastRemoteEphemeralKey":"BdiFQcFwmrQp/KydaOcsSMUQ/xCgfHZOh5ylnvuW6YVV","previousCounter":0,"rootKey":"01197XkX+WpEGUx/s6bsaFxqWSYbY7UMpRK9Ax0fURA="},"indexInfo":{"baseKey":"BXt2m3cEu6BfSRYp21gXEYiLWuVa3rZiGcHKa+wziSYy","baseKeyType":1,"closed":-1,"used":1715769138692,"created":1715769138692,"remoteIdentityKey":"BbVScv0ayGpJ1Bvyougu+hc3V0rQwzMe2g6hZLRnJGQW"},"_chains":{"BWPq91h8cvO0Z16w9f7mce+LWMWSntQPw/xlZziH2cQH":{"chainKey":{"counter":0,"key":"vEXds8VR/cXDVY4nV4rrjvd2ut6gDdERMPxyesAirEM="},"chainType":1,"messageKeys":{}}},"pendingPreKey":{"signedKeyId":0,"baseKey":"BXt2m3cEu6BfSRYp21gXEYiLWuVa3rZiGcHKa+wziSYy"}}},"version":"v1"}