{"_sessions":{"BV7S+UxuAokX7YL3Qg4vFTBsguFPQumpKZZxyFEsbWxs":{"registrationId":288836823,"currentRatchet":{"ephemeralKeyPair":{"pubKey":"BT+cb9QlzdCkGUJ08Pk8nEnmvjCW6MyxbNTy2Ip8sqkf","privKey":"qOp3+/XZMM/b6tj8/i7v69Ts93MScXt/hbo6/2eWh2c="},"lastRemoteEphemeralKey":"BZ5nUplBooetTEYB58IlhXnLuN7WIPZwjjpPrRhFdAo3","previousCounter":0,"rootKey":"gbEeaU4vvYozp52U4SPl9A4uux/x0gxVsEY9IMkhZwk="},"indexInfo":{"baseKey":"BV7S+UxuAokX7YL3Qg4vFTBsguFPQumpKZZxyFEsbWxs","baseKeyType":1,"closed":1715769536034,"used":1715769138646,"created":1715769138646,"remoteIdentityKey":"BVZNxJr/hwNeAHbEjirylMoHnWF8EgLu0tcYh68UVB5I"},"_chains":{"BT+cb9QlzdCkGUJ08Pk8nEnmvjCW6MyxbNTy2Ip8sqkf":{"chainKey":{"counter":0,"key":"/deCIAfQXcl0ZkPv2PDeIbhfh0eVzwIVU+5IMo6Oi4Q="},"chainType":1,"messageKeys":{}}},"pendingPreKey":{"signedKeyId":6,"baseKey":"BV7S+UxuAokX7YL3Qg4vFTBsguFPQumpKZZxyFEsbWxs","preKeyId":9695837}},"BW4cryFaUVpYZUlh7kee6rhT52Rd5DG3IPB+J43imQx8":{"registrationId":288836823,"currentRatchet":{"ephemeralKeyPair":{"pubKey":"BV01on7xxX52xzEZsdRp8lnij8sAnmEdiZ/7FwduMBhs","privKey":"eNQWwz7yurqYhqWmA2th/TDQsQJvMcsfvIP9YcMc4mU="},"lastRemoteEphemeralKey":"BZ5nUplBooetTEYB58IlhXnLuN7WIPZwjjpPrRhFdAo3","previousCounter":0,"rootKey":"98FNOjIMCK0jJTFEPCDN1TfzuDQLrKLttZAXBNDhHAU="},"indexInfo":{"baseKey":"BW4cryFaUVpYZUlh7kee6rhT52Rd5DG3IPB+J43imQx8","baseKeyType":1,"closed":1715769536320,"used":1715769536029,"created":1715769536029,"remoteIdentityKey":"BVZNxJr/hwNeAHbEjirylMoHnWF8EgLu0tcYh68UVB5I"},"_chains":{"BV01on7xxX52xzEZsdRp8lnij8sAnmEdiZ/7FwduMBhs":{"chainKey":{"counter":-1,"key":"LlE3cB+GOCtbNZOj8tKkgwUyV7o+FQ4NCYayYSgKgLs="},"chainType":1,"messageKeys":{}}},"pendingPreKey":{"signedKeyId":6,"baseKey":"BW4cryFaUVpYZUlh7kee6rhT52Rd5DG3IPB+J43imQx8","preKeyId":9695230}},"BbNL6cu2LtnSg0vDZPx5We0kyIte90wqdQAUHYj8j69r":{"registrationId":288836823,"currentRatchet":{"ephemeralKeyPair":{"pubKey":"BaCd+SPnHGLJuOei8HACEYaJZof6EhoDLkvNvJV4/ldm","privKey":"0P3L4SaVKpRAtYKnwzUFgl2aYAeRAX20OEVEiN+21nA="},"lastRemoteEphemeralKey":"BZ5nUplBooetTEYB58IlhXnLuN7WIPZwjjpPrRhFdAo3","previousCounter":0,"rootKey":"qVGXLUmp5delawnviWqPHNKhE739g9qXDrD4SbprB5k="},"indexInfo":{"baseKey":"BbNL6cu2LtnSg0vDZPx5We0kyIte90wqdQAUHYj8j69r","baseKeyType":1,"closed":-1,"used":1715769536314,"created":1715769536314,"remoteIdentityKey":"BVZNxJr/hwNeAHbEjirylMoHnWF8EgLu0tcYh68UVB5I"},"_chains":{"BaCd+SPnHGLJuOei8HACEYaJZof6EhoDLkvNvJV4/ldm":{"chainKey":{"counter":-1,"key":"fnKOnVJ8b9M5/h8iMHOSN3/1AnlbqsSpnd0c6rFqj+w="},"chainType":1,"messageKeys":{}}},"pendingPreKey":{"signedKeyId":6,"baseKey":"BbNL6cu2LtnSg0vDZPx5We0kyIte90wqdQAUHYj8j69r","preKeyId":9695212}}},"version":"v1"}