{"_sessions":{"BVdMVyB7vhfj787nDoasnrID2V2VLd+Lts0/sLcuEb5h":{"registrationId":952974152,"currentRatchet":{"ephemeralKeyPair":{"pubKey":"BV+3U4u/UjdjW9JxHuF9Zj+3BkShE6Ej1cveOGQIIB9q","privKey":"2PnQdmMcRJoXqWcuBFxfAAiB1HgHjx06JQYaa3XzYnA="},"lastRemoteEphemeralKey":"BXCS6wIhbzugPwPQqHSljlW6hkiCFISE0udFKOn4yr5y","previousCounter":0,"rootKey":"V3i+Pmzdw48aVnuwjj9pLzlcxic6J5NN2EhidKFhqOU="},"indexInfo":{"baseKey":"BVdMVyB7vhfj787nDoasnrID2V2VLd+Lts0/sLcuEb5h","baseKeyType":1,"closed":1715769530243,"used":1715769138613,"created":1715769138613,"remoteIdentityKey":"BVaUuv5JK15s+MFASMIChRIi5JhAiK7mEa42q9sqQSNb"},"_chains":{"BV+3U4u/UjdjW9JxHuF9Zj+3BkShE6Ej1cveOGQIIB9q":{"chainKey":{"counter":0,"key":"LPdDB5NXs+oqDMs1y4s0ekw/ykn57jVqZI0w3QngNSI="},"chainType":1,"messageKeys":{}}},"pendingPreKey":{"signedKeyId":29,"baseKey":"BVdMVyB7vhfj787nDoasnrID2V2VLd+Lts0/sLcuEb5h","preKeyId":15079461}},"Bfa9fiMbIiQQ9qt6nU+NW+ZYSkeplWYCe7WZ0YMREwFa":{"registrationId":952974152,"currentRatchet":{"ephemeralKeyPair":{"pubKey":"BUxiFaU/ZmVRG6dWl7yGJcPg6nvqkzFK5MkPWrNcIu4B","privKey":"2HKZOpGB+QBgoMFrRP5QDpGxlkuhhi8kv41N7KIHYkM="},"lastRemoteEphemeralKey":"BXCS6wIhbzugPwPQqHSljlW6hkiCFISE0udFKOn4yr5y","previousCounter":0,"rootKey":"uo+D63TtiCGK2yTRdgIY+sodCm/3XgslyUIX+UWi8Ws="},"indexInfo":{"baseKey":"Bfa9fiMbIiQQ9qt6nU+NW+ZYSkeplWYCe7WZ0YMREwFa","baseKeyType":1,"closed":1715769552360,"used":1715769530235,"created":1715769530235,"remoteIdentityKey":"BVaUuv5JK15s+MFASMIChRIi5JhAiK7mEa42q9sqQSNb"},"_chains":{"BUxiFaU/ZmVRG6dWl7yGJcPg6nvqkzFK5MkPWrNcIu4B":{"chainKey":{"counter":-1,"key":"b4ImGjfVGxsDaxzTnsBTqRCY+iX5kjEkQNGl8ep5xHM="},"chainType":1,"messageKeys":{}}},"pendingPreKey":{"signedKeyId":29,"baseKey":"Bfa9fiMbIiQQ9qt6nU+NW+ZYSkeplWYCe7WZ0YMREwFa","preKeyId":15079733}},"BRiQHbYYs4y2vD0ia3WADgHYKGRBZdoPoHlYYtoke/kn":{"registrationId":952974152,"currentRatchet":{"ephemeralKeyPair":{"pubKey":"BY5mmacbPNdpC/+Iow6CcNa5C7h46k8b0bUmXePOfxMR","privKey":"ACWfRauyyNQA5xt7MXIFJn5kzjMKFqUogJfqVwDatFk="},"lastRemoteEphemeralKey":"BXCS6wIhbzugPwPQqHSljlW6hkiCFISE0udFKOn4yr5y","previousCounter":0,"rootKey":"GdpYW+1Ism05FhJcPWN2Q6chGq4I95seN69y/wTCArI="},"indexInfo":{"baseKey":"BRiQHbYYs4y2vD0ia3WADgHYKGRBZdoPoHlYYtoke/kn","baseKeyType":1,"closed":-1,"used":1715769552355,"created":1715769552355,"remoteIdentityKey":"BVaUuv5JK15s+MFASMIChRIi5JhAiK7mEa42q9sqQSNb"},"_chains":{"BY5mmacbPNdpC/+Iow6CcNa5C7h46k8b0bUmXePOfxMR":{"chainKey":{"counter":-1,"key":"cKeJkcAw8ys122gPJTCPY0I6jrSP2RiZW7LLFxWNwVk="},"chainType":1,"messageKeys":{}}},"pendingPreKey":{"signedKeyId":29,"baseKey":"BRiQHbYYs4y2vD0ia3WADgHYKGRBZdoPoHlYYtoke/kn","preKeyId":15079809}}},"version":"v1"}