{"_sessions":{"BZEbvvpJ3Y27ou0NqLuvIzjeO1z6HX7h/WIEVQpXSzt5":{"registrationId":14881,"currentRatchet":{"ephemeralKeyPair":{"pubKey":"BU4XLei0/Qjm3am/vciviaa95+QMoaPwSxGM5gZZGANr","privKey":"wDWvz4VsKzW8CP6lou9rnPCaLyNDMB9nNUZcaf/h3GY="},"lastRemoteEphemeralKey":"BWunRdneaNwG4x2m+IvYDB/f5i1J52gZRJyfHdPinTUt","previousCounter":0,"rootKey":"L1pYjAN3wFVOHxFpcUDB2vp+NKqmloICTP0IFGUYCoU="},"indexInfo":{"baseKey":"BZEbvvpJ3Y27ou0NqLuvIzjeO1z6HX7h/WIEVQpXSzt5","baseKeyType":1,"closed":-1,"used":1715769138316,"created":1715769138316,"remoteIdentityKey":"BYzBrxgFnpMxewybUljzn3YtFwkkyVOybsrJHKcsidsT"},"_chains":{"BU4XLei0/Qjm3am/vciviaa95+QMoaPwSxGM5gZZGANr":{"chainKey":{"counter":0,"key":"AF1D7vcPDe/YtZzP5WPgpYMFRc+smzlCJkHx8qiVrJg="},"chainType":1,"messageKeys":{}}},"pendingPreKey":{"signedKeyId":1,"baseKey":"BZEbvvpJ3Y27ou0NqLuvIzjeO1z6HX7h/WIEVQpXSzt5","preKeyId":154}}},"version":"v1"}