{"_sessions":{"Bbq0QMtRyWxyHjVyLsmXWHC07q9rHHWTPWDxTDgKpUdE":{"registrationId":11229,"currentRatchet":{"ephemeralKeyPair":{"pubKey":"BVPXSB7Vc14UN/b8J4cYzxbnMwzjhsXk5PtEG+osqUcd","privKey":"IIfRFJ7bp14psQhlCdANvZC7d+ajU/ZRHuNoqUn6gXc="},"lastRemoteEphemeralKey":"Ba4ah+WRZr9r68U2TQIWlWWFISXnY4pe3f5Z0Bx9ZOlm","previousCounter":0,"rootKey":"hWbrYBcTfYOSixglPkic6xjBjCJDgO2W4H4ETTKtaoE="},"indexInfo":{"baseKey":"Bbq0QMtRyWxyHjVyLsmXWHC07q9rHHWTPWDxTDgKpUdE","baseKeyType":1,"closed":-1,"used":1715769138343,"created":1715769138343,"remoteIdentityKey":"BRFAVY/2mVLw2ClZdpzj4PUA8THi2X3bG+chR1virWEr"},"_chains":{"BVPXSB7Vc14UN/b8J4cYzxbnMwzjhsXk5PtEG+osqUcd":{"chainKey":{"counter":0,"key":"fBwjJVSzkt3JcMYiQKoh3yZ2j3VyyBP3RGPUBBN7d4o="},"chainType":1,"messageKeys":{}}},"pendingPreKey":{"signedKeyId":1,"baseKey":"Bbq0QMtRyWxyHjVyLsmXWHC07q9rHHWTPWDxTDgKpUdE"}}},"version":"v1"}