{"_sessions":{"BVEb+EjbHF8+P+PtVYvzm4C7v6Bb4yu9DrgYpm6QhQ9/":{"registrationId":271504425,"currentRatchet":{"ephemeralKeyPair":{"pubKey":"BVpdVi+Cs6EJl+ij0aDlF54zFyfE9vlHLAez/WXLilsF","privKey":"YFeqFQ4YJ/+UUN1uzh+I1tjdl8PeE3I2zceZ3xqzglY="},"lastRemoteEphemeralKey":"BV2QzEW/lt1vt+VlptjHP3oTAoW8GPjwzikbvBOMM107","previousCounter":0,"rootKey":"UTPf0Ho/MHKE/e3enSjH3+8ERjT3y10ssoErM3+lydQ="},"indexInfo":{"baseKey":"BVEb+EjbHF8+P+PtVYvzm4C7v6Bb4yu9DrgYpm6QhQ9/","baseKeyType":1,"closed":1715769538114,"used":1715769138739,"created":1715769138739,"remoteIdentityKey":"BV8fiBSZZYd/VPJjEtQiwfeFOSNPvjpPbEgXcpRSYfs9"},"_chains":{"BVpdVi+Cs6EJl+ij0aDlF54zFyfE9vlHLAez/WXLilsF":{"chainKey":{"counter":0,"key":"9FGlpte93FZS8VrGEg7LNCQVOmQoAqgZNOcrNE+SOJk="},"chainType":1,"messageKeys":{}}},"pendingPreKey":{"signedKeyId":7758443,"baseKey":"BVEb+EjbHF8+P+PtVYvzm4C7v6Bb4yu9DrgYpm6QhQ9/","preKeyId":38966}},"BTYD3ZykVNzQrnwt95MvcE5y0DUgxZZGLF0UcJdWsvN+":{"registrationId":271504425,"currentRatchet":{"ephemeralKeyPair":{"pubKey":"BbC2dunWva5pA/DbPKYWZGiDEKILEdir4VaPIdzzFjZw","privKey":"6HE25fpQx/uxAk2kvrDSxEIpaZDyPOBJlMhSpS027ns="},"lastRemoteEphemeralKey":"BV2QzEW/lt1vt+VlptjHP3oTAoW8GPjwzikbvBOMM107","previousCounter":0,"rootKey":"IQbwNeWpNfzKpWqQDoALeskbjZZFJ8/2p8XfqRsdJU8="},"indexInfo":{"baseKey":"BTYD3ZykVNzQrnwt95MvcE5y0DUgxZZGLF0UcJdWsvN+","baseKeyType":1,"closed":1715769552032,"used":1715769538109,"created":1715769538109,"remoteIdentityKey":"BV8fiBSZZYd/VPJjEtQiwfeFOSNPvjpPbEgXcpRSYfs9"},"_chains":{"BbC2dunWva5pA/DbPKYWZGiDEKILEdir4VaPIdzzFjZw":{"chainKey":{"counter":-1,"key":"kA4ZMc4Uh2uUEFoQu6ZoFFN7BZgtuf7eOv4EeyFeWQk="},"chainType":1,"messageKeys":{}}},"pendingPreKey":{"signedKeyId":7758443,"baseKey":"BTYD3ZykVNzQrnwt95MvcE5y0DUgxZZGLF0UcJdWsvN+","preKeyId":38209}},"BZGhjzB4lOecJ2zIuq6uyufbsqq47lZNYQrBpoBZMKB3":{"registrationId":271504425,"currentRatchet":{"ephemeralKeyPair":{"pubKey":"BQYuC6J/JJsODmaPJCyzS5btIMy8h8EguTE9S5nIoRwr","privKey":"6M/Y/x7s21x2MPaMqtDJkz1d+Fi2cpjAnHXE509/2WE="},"lastRemoteEphemeralKey":"BV2QzEW/lt1vt+VlptjHP3oTAoW8GPjwzikbvBOMM107","previousCounter":0,"rootKey":"Rh94np9tGGP3PYRJd5UhCp7AmwpvmQI7jL/nax8albY="},"indexInfo":{"baseKey":"BZGhjzB4lOecJ2zIuq6uyufbsqq47lZNYQrBpoBZMKB3","baseKeyType":1,"closed":-1,"used":1715769552028,"created":1715769552028,"remoteIdentityKey":"BV8fiBSZZYd/VPJjEtQiwfeFOSNPvjpPbEgXcpRSYfs9"},"_chains":{"BQYuC6J/JJsODmaPJCyzS5btIMy8h8EguTE9S5nIoRwr":{"chainKey":{"counter":-1,"key":"kVWe1oenLFrfPhoSDsquB1I3Q4c7d0ebG0MpVEs6iRc="},"chainType":1,"messageKeys":{}}},"pendingPreKey":{"signedKeyId":7758443,"baseKey":"BZGhjzB4lOecJ2zIuq6uyufbsqq47lZNYQrBpoBZMKB3","preKeyId":38244}}},"version":"v1"}