{"_sessions":{"BWaBAdsuxI7m3iCUyLdolA5Yy3Ue6NA5dLDMnUViMh1v":{"registrationId":153225548,"currentRatchet":{"ephemeralKeyPair":{"pubKey":"BW5BoUDLW8b4hVqCQmGL9677N+mF7f4i4y4ZaxRy8uI2","privKey":"gBnx4jldKX/CWoFLu5oij8v3OAxtP6/EiY2gPiJPpXE="},"lastRemoteEphemeralKey":"BZgvlv9MWIDL7dxucpH5uxfAddF1o84U7TE3TJ9qY7U1","previousCounter":0,"rootKey":"gokMC3EP8d21RcpAGzkeZjKyQNB/Zss/Dagq6qU2UaY="},"indexInfo":{"baseKey":"BWaBAdsuxI7m3iCUyLdolA5Yy3Ue6NA5dLDMnUViMh1v","baseKeyType":1,"closed":-1,"used":1715769138542,"created":1715769138542,"remoteIdentityKey":"BZCHu5YQjZwn8EGpDsDQtlqiC9IhMmOg9KSiO6664T4L"},"_chains":{"BW5BoUDLW8b4hVqCQmGL9677N+mF7f4i4y4ZaxRy8uI2":{"chainKey":{"counter":0,"key":"FhBCdfKcnHyU+TNfSZ562YhskrD/1gzmyhmkgxzTY4g="},"chainType":1,"messageKeys":{}}},"pendingPreKey":{"signedKeyId":1,"baseKey":"BWaBAdsuxI7m3iCUyLdolA5Yy3Ue6NA5dLDMnUViMh1v"}}},"version":"v1"}