{"_sessions":{"BZfHalHqAPITAU6Cke10ClXpZlvtr46xw6nVwU7rEZ1M":{"registrationId":1998684151,"currentRatchet":{"ephemeralKeyPair":{"pubKey":"BUaQc+Ukinu2AogLlbWQUVyNyjTPZJCBR0d/b+3Gv0sP","privKey":"qKF7120GjJBhJll1KnZO7Mfm66p40zepNgA2WMcLc1c="},"lastRemoteEphemeralKey":"BS60DTN9Ug3Xjjt704E+3uqvOxEo/dFYkTkXKXi4p0k3","previousCounter":0,"rootKey":"cVekC8Oe+w+Kls/zLyHbRnp4+tnc5HQxJw75w19isSg="},"indexInfo":{"baseKey":"BZfHalHqAPITAU6Cke10ClXpZlvtr46xw6nVwU7rEZ1M","baseKeyType":1,"closed":1715769548360,"used":1715769138527,"created":1715769138527,"remoteIdentityKey":"BfObNHN3ziLy81ZODy78jSb8kEy/uBcMvKOuBi+wM/gu"},"_chains":{"BUaQc+Ukinu2AogLlbWQUVyNyjTPZJCBR0d/b+3Gv0sP":{"chainKey":{"counter":0,"key":"Cl869Lku9dOaCmNFstjaR2cPgls115f4PB2lSxqgkyY="},"chainType":1,"messageKeys":{}}},"pendingPreKey":{"signedKeyId":3,"baseKey":"BZfHalHqAPITAU6Cke10ClXpZlvtr46xw6nVwU7rEZ1M","preKeyId":16633670}},"BVQgIEPjt5dxa+aPbBZa4VfMDfzmVdgRUOG/ApjvCVc/":{"registrationId":1998684151,"currentRatchet":{"ephemeralKeyPair":{"pubKey":"BSsVLPP7+lSF3Td0/cRaL1TVZnviJ2fzkz0KM96hJ3lY","privKey":"wPU0LoVinGiEd6YC7mPZjMyhp+1MqcMh9Kr7hFg8Tkg="},"lastRemoteEphemeralKey":"BS60DTN9Ug3Xjjt704E+3uqvOxEo/dFYkTkXKXi4p0k3","previousCounter":0,"rootKey":"+zGzGSOIqzwYtjeGxKmFbnupMerOwf2lo/4Cg+OPF7c="},"indexInfo":{"baseKey":"BVQgIEPjt5dxa+aPbBZa4VfMDfzmVdgRUOG/ApjvCVc/","baseKeyType":1,"closed":1715769548961,"used":1715769548355,"created":1715769548355,"remoteIdentityKey":"BfObNHN3ziLy81ZODy78jSb8kEy/uBcMvKOuBi+wM/gu"},"_chains":{"BSsVLPP7+lSF3Td0/cRaL1TVZnviJ2fzkz0KM96hJ3lY":{"chainKey":{"counter":-1,"key":"q/NjtDMfV8/0kcMMV0xNf74Qg0iBOhQxILS+2I4pTVk="},"chainType":1,"messageKeys":{}}},"pendingPreKey":{"signedKeyId":3,"baseKey":"BVQgIEPjt5dxa+aPbBZa4VfMDfzmVdgRUOG/ApjvCVc/","preKeyId":16633580}},"BRViWzgxnR+X6J6I2p1ncmsAiplLuHMWNFim8ZhKNWY2":{"registrationId":1998684151,"currentRatchet":{"ephemeralKeyPair":{"pubKey":"BWJoSnnUGC++vXIIqT/JzrS+so6/hrbtLvdsYe46AOdd","privKey":"uI3k8k4vLcRzZ1Smdn77jS6PH28y98Ely0LZGM6j4FE="},"lastRemoteEphemeralKey":"BS60DTN9Ug3Xjjt704E+3uqvOxEo/dFYkTkXKXi4p0k3","previousCounter":0,"rootKey":"7tkJhI10mSeU/oEoi7+7e0mlRdXO7EwT1Ip6i6rEiPE="},"indexInfo":{"baseKey":"BRViWzgxnR+X6J6I2p1ncmsAiplLuHMWNFim8ZhKNWY2","baseKeyType":1,"closed":-1,"used":1715769548958,"created":1715769548958,"remoteIdentityKey":"BfObNHN3ziLy81ZODy78jSb8kEy/uBcMvKOuBi+wM/gu"},"_chains":{"BWJoSnnUGC++vXIIqT/JzrS+so6/hrbtLvdsYe46AOdd":{"chainKey":{"counter":-1,"key":"Bbd5yePX3xVjrkEn2oX42FUAEdmmEtwYlCQG33PF2HU="},"chainType":1,"messageKeys":{}}},"pendingPreKey":{"signedKeyId":3,"baseKey":"BRViWzgxnR+X6J6I2p1ncmsAiplLuHMWNFim8ZhKNWY2","preKeyId":16633377}}},"version":"v1"}