{"_sessions":{"BWl7DTGrUW20rUfXWqOO82TnukJSYaWsXJXO0mJba14o":{"registrationId":1972155153,"currentRatchet":{"ephemeralKeyPair":{"pubKey":"BWNARaFG7GZBxsTTA8045PhkGS5S9VpqLBuYP3530Rws","privKey":"GMJLdyAFJnOmTm1h4WL3pg1eGkBv8aP9FbeCf0jd9EQ="},"lastRemoteEphemeralKey":"Be4hfarpy6WQMyjkxsiVQ/zngevJwbVMhgZB0PyHICxH","previousCounter":0,"rootKey":"l5DytPhrFuM2FJJJpGBfFqkINqlIXTlMLt4lpckWDSw="},"indexInfo":{"baseKey":"BWl7DTGrUW20rUfXWqOO82TnukJSYaWsXJXO0mJba14o","baseKeyType":1,"closed":1715769545854,"used":1715769138682,"created":1715769138682,"remoteIdentityKey":"BUYJsnqkJjk4svo8EPrOedxD76YrSidMF8wZ9SuHJp5P"},"_chains":{"BWNARaFG7GZBxsTTA8045PhkGS5S9VpqLBuYP3530Rws":{"chainKey":{"counter":0,"key":"tJf82rsVf8BJEh1B0GdDro3YIewjz6PdiP6J63smmyY="},"chainType":1,"messageKeys":{}}},"pendingPreKey":{"signedKeyId":1,"baseKey":"BWl7DTGrUW20rUfXWqOO82TnukJSYaWsXJXO0mJba14o","preKeyId":3752339}},"BWZS1Crf2mhKgXlkzolt+aF32mI+6PJKqPNIsRaFKbAt":{"registrationId":1972155153,"currentRatchet":{"ephemeralKeyPair":{"pubKey":"BYQgjvwFlLG/DnTL6hPy7hanWaIUNVDWymgmj49i2TM6","privKey":"GLVu34wwTbwjAsi4RROBhWU2Uqfi9azFRgjRaFmNS0I="},"lastRemoteEphemeralKey":"Be4hfarpy6WQMyjkxsiVQ/zngevJwbVMhgZB0PyHICxH","previousCounter":0,"rootKey":"THJ7DjHRrnpJBy5MXqAAFOp9ycLTekuK2N0N4X6yt3M="},"indexInfo":{"baseKey":"BWZS1Crf2mhKgXlkzolt+aF32mI+6PJKqPNIsRaFKbAt","baseKeyType":1,"closed":1715769549622,"used":1715769545849,"created":1715769545849,"remoteIdentityKey":"BUYJsnqkJjk4svo8EPrOedxD76YrSidMF8wZ9SuHJp5P"},"_chains":{"BYQgjvwFlLG/DnTL6hPy7hanWaIUNVDWymgmj49i2TM6":{"chainKey":{"counter":-1,"key":"rJDS7sGVor+Glj6h59Rvm7VT4dnpGtqw+oWrYb4x0a8="},"chainType":1,"messageKeys":{}}},"pendingPreKey":{"signedKeyId":1,"baseKey":"BWZS1Crf2mhKgXlkzolt+aF32mI+6PJKqPNIsRaFKbAt","preKeyId":3752242}},"BbTe4+xnI6tQOctdVychqWo3WTSRLXpjfSzesS6Ck0wG":{"registrationId":1972155153,"currentRatchet":{"ephemeralKeyPair":{"pubKey":"Bad28IrQkyMKHi4qK+zF+DIKZSeRrUO9A1QWjUeVF/9U","privKey":"INOrjOOPi3Bmbwuz8GLbgoOGOCYS6KAcDB3qYWN3ImA="},"lastRemoteEphemeralKey":"Be4hfarpy6WQMyjkxsiVQ/zngevJwbVMhgZB0PyHICxH","previousCounter":0,"rootKey":"/yzDpOIZwaZdbOG8W625bMoFCHFaHPh67jSaIB5aGfs="},"indexInfo":{"baseKey":"BbTe4+xnI6tQOctdVychqWo3WTSRLXpjfSzesS6Ck0wG","baseKeyType":1,"closed":-1,"used":1715769549616,"created":1715769549616,"remoteIdentityKey":"BUYJsnqkJjk4svo8EPrOedxD76YrSidMF8wZ9SuHJp5P"},"_chains":{"Bad28IrQkyMKHi4qK+zF+DIKZSeRrUO9A1QWjUeVF/9U":{"chainKey":{"counter":-1,"key":"rUfCUzYlsznxl157F2wG8e1CTDA3SoK1orH8WVg8GL8="},"chainType":1,"messageKeys":{}}},"pendingPreKey":{"signedKeyId":1,"baseKey":"BbTe4+xnI6tQOctdVychqWo3WTSRLXpjfSzesS6Ck0wG","preKeyId":3752268}}},"version":"v1"}