{"_sessions":{"Be6ACTwAsj88u+E01UqmNgmiGq3Gwjx7U8/iKzUU1GUP":{"registrationId":740806546,"currentRatchet":{"ephemeralKeyPair":{"pubKey":"BXCsMT/2DRFZMDzQScA/gdjWfnGY55YOEadxmmFEnodJ","privKey":"UAbISke1w8ErHDDOFYutQyS7tdxObMCG70Ex+DlKJXo="},"lastRemoteEphemeralKey":"BQJI2j0KrNGwIGghsd4bEgnjjlXQIdnWxJ5/Vhh6Om0P","previousCounter":0,"rootKey":"6vIhKnzWg07+AqC5Mzb4JBzZfyqd+t6XxFsjkcvsEms="},"indexInfo":{"baseKey":"Be6ACTwAsj88u+E01UqmNgmiGq3Gwjx7U8/iKzUU1GUP","baseKeyType":1,"closed":1715769543701,"used":1715769138539,"created":1715769138539,"remoteIdentityKey":"BXkFOszP56GDEwN3ndqCHM6UrR1t09RDJ8gogc5Da4w4"},"_chains":{"BXCsMT/2DRFZMDzQScA/gdjWfnGY55YOEadxmmFEnodJ":{"chainKey":{"counter":0,"key":"Z1w2G3QzFoZOr3nttRYwHDo8Pib39nD3oApkElLemq8="},"chainType":1,"messageKeys":{}}},"pendingPreKey":{"signedKeyId":5,"baseKey":"Be6ACTwAsj88u+E01UqmNgmiGq3Gwjx7U8/iKzUU1GUP","preKeyId":3913235}},"BRZ4TUpMIdnQWkqNiBTirfyid4UlnKcaZJmpRo7LfTZ4":{"registrationId":740806546,"currentRatchet":{"ephemeralKeyPair":{"pubKey":"Be6PzwLEliAwPKxXMS9sqmvShjJDsfhQJaK5bowfLjob","privKey":"sG1GtdRr6HCnwryCnfelB2A8x8sevDmJdercEUarMX4="},"lastRemoteEphemeralKey":"BQJI2j0KrNGwIGghsd4bEgnjjlXQIdnWxJ5/Vhh6Om0P","previousCounter":0,"rootKey":"PwCROie+L78lVa/g/j8pmhQxwssASF3JZKTjEpq4ix8="},"indexInfo":{"baseKey":"BRZ4TUpMIdnQWkqNiBTirfyid4UlnKcaZJmpRo7LfTZ4","baseKeyType":1,"closed":1715769544003,"used":1715769543697,"created":1715769543697,"remoteIdentityKey":"BXkFOszP56GDEwN3ndqCHM6UrR1t09RDJ8gogc5Da4w4"},"_chains":{"Be6PzwLEliAwPKxXMS9sqmvShjJDsfhQJaK5bowfLjob":{"chainKey":{"counter":-1,"key":"JvjPvNpRAS/AoqTR0aXDuCj1N8E+WyFStS/wN5wWQeI="},"chainType":1,"messageKeys":{}}},"pendingPreKey":{"signedKeyId":5,"baseKey":"BRZ4TUpMIdnQWkqNiBTirfyid4UlnKcaZJmpRo7LfTZ4","preKeyId":3912879}},"BRAy9qFpU/8ECMcqkNCFz04DlOUUcFvphWJH/WKMIn9X":{"registrationId":740806546,"currentRatchet":{"ephemeralKeyPair":{"pubKey":"BQwk1SONJsiuSAOpYtO3ixIJCQAJXSaqkTfz51crDLlq","privKey":"oBGDfAXFA66/Af9AQJN+Hu52WHIlfGIK7BkMERJWfU8="},"lastRemoteEphemeralKey":"BQJI2j0KrNGwIGghsd4bEgnjjlXQIdnWxJ5/Vhh6Om0P","previousCounter":0,"rootKey":"KHeipWr3TS93OBFCZyRPQISdrjZg8c/T4FM71Y1ulBQ="},"indexInfo":{"baseKey":"BRAy9qFpU/8ECMcqkNCFz04DlOUUcFvphWJH/WKMIn9X","baseKeyType":1,"closed":-1,"used":1715769543998,"created":1715769543998,"remoteIdentityKey":"BXkFOszP56GDEwN3ndqCHM6UrR1t09RDJ8gogc5Da4w4"},"_chains":{"BQwk1SONJsiuSAOpYtO3ixIJCQAJXSaqkTfz51crDLlq":{"chainKey":{"counter":-1,"key":"+BjBvQ5sFX1Iivxo4x7OikE4YzF8U8Bjfe96/dz2/QM="},"chainType":1,"messageKeys":{}}},"pendingPreKey":{"signedKeyId":5,"baseKey":"BRAy9qFpU/8ECMcqkNCFz04DlOUUcFvphWJH/WKMIn9X","preKeyId":3913343}}},"version":"v1"}