{"_sessions":{"BRInqV8P7ZRoUWr4rQCWUbdZk5RZMFJoUl3VNkkzfgxs":{"registrationId":1411664014,"currentRatchet":{"ephemeralKeyPair":{"pubKey":"BRoN7aDVM+XUmAXO3RcCHBQQjt8GRbCXUndrrSXDQB5L","privKey":"GOfO+Mu0523OHdqaZ0blG0ckyaTFcrjVIfHBZhnlmkA="},"lastRemoteEphemeralKey":"BT3XoEcNcMK4IBmdPvJJPEBwd62LAQBrslGzv4cHbCA/","previousCounter":0,"rootKey":"hXRFVui66s95eNF7/nx4dNoZyb2SUcsJ1DLm4/3vqWI="},"indexInfo":{"baseKey":"BRInqV8P7ZRoUWr4rQCWUbdZk5RZMFJoUl3VNkkzfgxs","baseKeyType":1,"closed":1715769535103,"used":1715769138439,"created":1715769138439,"remoteIdentityKey":"BcCqohHuldMYFNhm5D8zxgtgy2EfoTmHWSUqdjdiH9kM"},"_chains":{"BRoN7aDVM+XUmAXO3RcCHBQQjt8GRbCXUndrrSXDQB5L":{"chainKey":{"counter":0,"key":"GYx3rz/q6i2lYl4OtGNDTo62yMbj4Wh9kr8jJF9nErk="},"chainType":1,"messageKeys":{}}},"pendingPreKey":{"signedKeyId":14,"baseKey":"BRInqV8P7ZRoUWr4rQCWUbdZk5RZMFJoUl3VNkkzfgxs","preKeyId":1090925}},"BUkWXLowOxobMDVeHRgMq2gGdt5Im68E/PJ/Fy/OkN4n":{"registrationId":1411664014,"currentRatchet":{"ephemeralKeyPair":{"pubKey":"BW25hpiCf97yjHo1ulButQa8uNMO4eo/ysphDi+vr/56","privKey":"EH/yzoDfw0kYj5iHXmAyrfjl8CF6EFqr1u9kFyU1bXQ="},"lastRemoteEphemeralKey":"BT3XoEcNcMK4IBmdPvJJPEBwd62LAQBrslGzv4cHbCA/","previousCounter":0,"rootKey":"z1ygkHIbI5SP7SLlDv3seEOj8GWlddTzOp4hCirhqzk="},"indexInfo":{"baseKey":"BUkWXLowOxobMDVeHRgMq2gGdt5Im68E/PJ/Fy/OkN4n","baseKeyType":1,"closed":1715769545250,"used":1715769535094,"created":1715769535094,"remoteIdentityKey":"BcCqohHuldMYFNhm5D8zxgtgy2EfoTmHWSUqdjdiH9kM"},"_chains":{"BW25hpiCf97yjHo1ulButQa8uNMO4eo/ysphDi+vr/56":{"chainKey":{"counter":-1,"key":"79wiU1J5RHIPGkY0O8sL08XfWAe1v8DiIcIq6gq5hHw="},"chainType":1,"messageKeys":{}}},"pendingPreKey":{"signedKeyId":14,"baseKey":"BUkWXLowOxobMDVeHRgMq2gGdt5Im68E/PJ/Fy/OkN4n","preKeyId":1090880}},"Baz2iyTo+1X3rgwCJAeb/S9P8IV2atby8LbKytnCtugv":{"registrationId":1411664014,"currentRatchet":{"ephemeralKeyPair":{"pubKey":"BUmqO4ydxYtWmuKqu0gsiSXyIu6bpeY1XeqiZtJXxm0E","privKey":"cJCIWTWMdRrWq0qtj76lOIDut5YxDR73O4RjAEeyykQ="},"lastRemoteEphemeralKey":"BT3XoEcNcMK4IBmdPvJJPEBwd62LAQBrslGzv4cHbCA/","previousCounter":0,"rootKey":"TP1fexx+B1aamzA4pnrMcm7L7O21LJN9kOgiHpfGK+g="},"indexInfo":{"baseKey":"Baz2iyTo+1X3rgwCJAeb/S9P8IV2atby8LbKytnCtugv","baseKeyType":1,"closed":-1,"used":1715769545245,"created":1715769545245,"remoteIdentityKey":"BcCqohHuldMYFNhm5D8zxgtgy2EfoTmHWSUqdjdiH9kM"},"_chains":{"BUmqO4ydxYtWmuKqu0gsiSXyIu6bpeY1XeqiZtJXxm0E":{"chainKey":{"counter":-1,"key":"6IyN4vuC36R8K+pw8OQXZ1T/Bnwqm+A0CHaWlaM6hZo="},"chainType":1,"messageKeys":{}}},"pendingPreKey":{"signedKeyId":14,"baseKey":"Baz2iyTo+1X3rgwCJAeb/S9P8IV2atby8LbKytnCtugv","preKeyId":1090857}}},"version":"v1"}