{"_sessions":{"BYghmZoJEbdT0kLWRkHD51mLA/tltGwp7eKPPxhuus8f":{"registrationId":1568622066,"currentRatchet":{"ephemeralKeyPair":{"pubKey":"BYhouH+xEAuxPAVehh09xSGtziglW/j6BuJsR+o97kdF","privKey":"qL/U+Q5I5J7LAHgJK9VS2rnh+SqK373TinXi/O2RXlQ="},"lastRemoteEphemeralKey":"BYv2FgUSk03f9jfWoCCHwZ+0WnmybhY69EV8W3rOT+QH","previousCounter":0,"rootKey":"LvcXh3NWlyeQaTUfakwmnDLZef8u3u8W9OWby4lrswE="},"indexInfo":{"baseKey":"BYghmZoJEbdT0kLWRkHD51mLA/tltGwp7eKPPxhuus8f","baseKeyType":1,"closed":1715769531500,"used":1715769138523,"created":1715769138523,"remoteIdentityKey":"BT2aEG+ykpaBP5ElRWp3OgAvH8ia8LKBUscVENWl/Nhj"},"_chains":{"BYhouH+xEAuxPAVehh09xSGtziglW/j6BuJsR+o97kdF":{"chainKey":{"counter":0,"key":"L3r9td8xMttadEvnA2KZvhe9ObjCiBNy/jFUGAQHK/s="},"chainType":1,"messageKeys":{}}},"pendingPreKey":{"signedKeyId":0,"baseKey":"BYghmZoJEbdT0kLWRkHD51mLA/tltGwp7eKPPxhuus8f","preKeyId":1050728}},"Bbw/nfGG19Q+ikhnS3aa9YzubQX1/CtRtS8bqyv3AItG":{"registrationId":1568622066,"currentRatchet":{"ephemeralKeyPair":{"pubKey":"BYNCA8Tiy2nz+PwRtWdqSmfBjR4yqw1ykfWZyoN1ENc+","privKey":"0LKHNVSA04goiyQFJE61IWZsfUA7bMfM7ioiVPBViUM="},"lastRemoteEphemeralKey":"BYv2FgUSk03f9jfWoCCHwZ+0WnmybhY69EV8W3rOT+QH","previousCounter":0,"rootKey":"Lw3OnsQsusbRB8nHzkcFjVf6uFaoAfgbOKbM1rIJV5w="},"indexInfo":{"baseKey":"Bbw/nfGG19Q+ikhnS3aa9YzubQX1/CtRtS8bqyv3AItG","baseKeyType":1,"closed":1715769539304,"used":1715769531494,"created":1715769531494,"remoteIdentityKey":"BT2aEG+ykpaBP5ElRWp3OgAvH8ia8LKBUscVENWl/Nhj"},"_chains":{"BYNCA8Tiy2nz+PwRtWdqSmfBjR4yqw1ykfWZyoN1ENc+":{"chainKey":{"counter":-1,"key":"aDFPvKAFGHUTLyufb/n5hfBFMJCuZsYqMZoAIZnQb2w="},"chainType":1,"messageKeys":{}}},"pendingPreKey":{"signedKeyId":0,"baseKey":"Bbw/nfGG19Q+ikhnS3aa9YzubQX1/CtRtS8bqyv3AItG","preKeyId":1050163}},"BcNztIt1Teh3efTO/hTP9LlwcyC7JvmwfOXi/HNrXvUs":{"registrationId":1568622066,"currentRatchet":{"ephemeralKeyPair":{"pubKey":"BewmhY9biD7WUwuamEnadv3LwB7aNEZmYd3EbDafDiAv","privKey":"eD4WomV5SllrTNtQahLLPg59qgjbXbl/ka6AON0IZn8="},"lastRemoteEphemeralKey":"BYv2FgUSk03f9jfWoCCHwZ+0WnmybhY69EV8W3rOT+QH","previousCounter":0,"rootKey":"gUNqbzfMkgSnKd4WyeG6jQH5jOqR1NOH2+7/BIZwkSg="},"indexInfo":{"baseKey":"BcNztIt1Teh3efTO/hTP9LlwcyC7JvmwfOXi/HNrXvUs","baseKeyType":1,"closed":-1,"used":1715769539297,"created":1715769539297,"remoteIdentityKey":"BT2aEG+ykpaBP5ElRWp3OgAvH8ia8LKBUscVENWl/Nhj"},"_chains":{"BewmhY9biD7WUwuamEnadv3LwB7aNEZmYd3EbDafDiAv":{"chainKey":{"counter":-1,"key":"SYw5GReRpkX8nDPNHcUhozFT69aSHF9DArB5itNNg4E="},"chainType":1,"messageKeys":{}}},"pendingPreKey":{"signedKeyId":0,"baseKey":"BcNztIt1Teh3efTO/hTP9LlwcyC7JvmwfOXi/HNrXvUs","preKeyId":1050747}}},"version":"v1"}