{"_sessions":{"BU2Xx9tXNNs76Ftg5v+a8MEkaPMcRu5e6Ih2bN+g4dot":{"registrationId":1553026375,"currentRatchet":{"ephemeralKeyPair":{"pubKey":"BZvi5CKJWk1FMFopDlgx0vF/Cx683L46ObFn6dNQwi4O","privKey":"oFLWs+O0zL4AYrQRMf99iGeXh8ervWzGOPihFebDxXM="},"lastRemoteEphemeralKey":"BQPNvfPgOXrhrY0dnuxZGJPYQuRsjZX0QuN7zVk4ylVK","previousCounter":0,"rootKey":"X3Ydy0GWl/FUZZTWKR1c47OxtVzZcGobY5X0aqCu9lQ="},"indexInfo":{"baseKey":"BU2Xx9tXNNs76Ftg5v+a8MEkaPMcRu5e6Ih2bN+g4dot","baseKeyType":1,"closed":-1,"used":1715769138673,"created":1715769138673,"remoteIdentityKey":"BVz6gpfhg2UOTbBX6fPVZnjOTIDOa+RNXe2PA5NYo0wf"},"_chains":{"BZvi5CKJWk1FMFopDlgx0vF/Cx683L46ObFn6dNQwi4O":{"chainKey":{"counter":0,"key":"f5FR3y5mzs6m15mTMzZcR7+wpdmxBRn/dOlVME6OO9s="},"chainType":1,"messageKeys":{}}},"pendingPreKey":{"signedKeyId":1,"baseKey":"BU2Xx9tXNNs76Ftg5v+a8MEkaPMcRu5e6Ih2bN+g4dot"}}},"version":"v1"}