{"_sessions":{"BdEO5UQmkAVJM4gcOpqSdyGSQQpXauFU+ZmwDqRaMxJY":{"registrationId":1882627337,"currentRatchet":{"ephemeralKeyPair":{"pubKey":"Bef5CL+wW7cLZgSW+MrPq3cU4m/4K13RY+uoGlxcAtYt","privKey":"oOJGKCy9wY9TPf1k6Y4oRyOmmeAgda1YM9XVZvSKfmA="},"lastRemoteEphemeralKey":"BfXcH+OjIQotmK+QRLI4R/iKDTlDLY9LAmpnGD+dJjsU","previousCounter":0,"rootKey":"9PDgvPZrv2nm5oKPif585oa6gVqUQojMYplhOjL57i4="},"indexInfo":{"baseKey":"BdEO5UQmkAVJM4gcOpqSdyGSQQpXauFU+ZmwDqRaMxJY","baseKeyType":1,"closed":-1,"used":1715769138760,"created":1715769138760,"remoteIdentityKey":"Ba5WVQg2tpZEs9s0uJ+eSWVUPXOSjABYtsv+WJf7JdcT"},"_chains":{"Bef5CL+wW7cLZgSW+MrPq3cU4m/4K13RY+uoGlxcAtYt":{"chainKey":{"counter":0,"key":"IOnVqYlGiTAx6cU0l3Gr5C6mZq9bMlWgp9lun3fInKA="},"chainType":1,"messageKeys":{}}},"pendingPreKey":{"signedKeyId":1,"baseKey":"BdEO5UQmkAVJM4gcOpqSdyGSQQpXauFU+ZmwDqRaMxJY","preKeyId":2015345}}},"version":"v1"}