{"_sessions":{"BQipn1AxoJV8INjIJTy9tNyXkaYifpkb5J/daTklPmhC":{"registrationId":630724677,"currentRatchet":{"ephemeralKeyPair":{"pubKey":"BU71wKioBAPkglKdiYoyktT2bQUzmdJWT6J5/ioUcPUK","privKey":"QFtQDk597wXXb7yIxGJIRF6TFhEJnTJbN7orpzYsjHI="},"lastRemoteEphemeralKey":"BX+BRibPw6kktoMIUQtVeLmK9XcY+bIvLqW+Xfmsku0T","previousCounter":0,"rootKey":"Usukj7leLpTnBi71A12ieIDepC2mbCsi+h9SMIXPyuU="},"indexInfo":{"baseKey":"BQipn1AxoJV8INjIJTy9tNyXkaYifpkb5J/daTklPmhC","baseKeyType":1,"closed":1715769523754,"used":1715769138626,"created":1715769138626,"remoteIdentityKey":"BSuwnsHKYMkpNH0ouvvWXSiKoBNheNYeQmq/uajW02oJ"},"_chains":{"BU71wKioBAPkglKdiYoyktT2bQUzmdJWT6J5/ioUcPUK":{"chainKey":{"counter":0,"key":"4FO1tCBV7qo9hpi6NlQYRiTWuqfrWgbEwRA1Y2Y+W68="},"chainType":1,"messageKeys":{}}},"pendingPreKey":{"signedKeyId":13,"baseKey":"BQipn1AxoJV8INjIJTy9tNyXkaYifpkb5J/daTklPmhC","preKeyId":11001808}},"BbR5aSLL+35QkvFYYKt8GM9GxaxB3etnLJozdByj3SIt":{"registrationId":630724677,"currentRatchet":{"ephemeralKeyPair":{"pubKey":"BVrLFVw5MKHgcxMJOxbBtyk7zkssuQzboZHV/OJ0xhc6","privKey":"IBytA77SGGt1eMyI83lcUgtgZqMs7M+qXT/YLCAeTlY="},"lastRemoteEphemeralKey":"BRoCFX44BnRjwVrFKOWCg1xRtQOcNfCd4+uySxyVlMQ/","previousCounter":0,"rootKey":"ZoKptbek+V0ennQHuZa/wKHIIAyOVVJuIhgVjo1StmA="},"indexInfo":{"baseKey":"BbR5aSLL+35QkvFYYKt8GM9GxaxB3etnLJozdByj3SIt","baseKeyType":2,"closed":1715769555796,"used":1715769523758,"created":1715769523758,"remoteIdentityKey":"BSuwnsHKYMkpNH0ouvvWXSiKoBNheNYeQmq/uajW02oJ"},"_chains":{"BRoCFX44BnRjwVrFKOWCg1xRtQOcNfCd4+uySxyVlMQ/":{"chainKey":{"counter":0,"key":"JeUN/PH1Hcx+cG/GDFde2QNfJFF8hbdv7eooMvsAYhY="},"chainType":2,"messageKeys":{}},"BVrLFVw5MKHgcxMJOxbBtyk7zkssuQzboZHV/OJ0xhc6":{"chainKey":{"counter":-1,"key":"+DgsC5VOsq3JI4hBYjtw4s/AqZ6OvVGJg35WxkC1E/U="},"chainType":1,"messageKeys":{}}}},"BalyoHOWYJFaZa8d8MsaWfZDNOk6WUgEianD80KlVGJt":{"registrationId":630724677,"currentRatchet":{"ephemeralKeyPair":{"pubKey":"BThozg+4/o5vvUlGuLJrUC/obaxbpDwkpOvgDY6blU4p","privKey":"2AYcO86/6NVKRp1ZFhjbwuYwR3+DEVuL3J+dqyhwNnc="},"lastRemoteEphemeralKey":"BX+BRibPw6kktoMIUQtVeLmK9XcY+bIvLqW+Xfmsku0T","previousCounter":0,"rootKey":"5m5G87Crhz0OofuRdayISOwU61Sn6m13gkTfmJpuAoE="},"indexInfo":{"baseKey":"BalyoHOWYJFaZa8d8MsaWfZDNOk6WUgEianD80KlVGJt","baseKeyType":1,"closed":1715769557515,"used":1715769555791,"created":1715769555791,"remoteIdentityKey":"BSuwnsHKYMkpNH0ouvvWXSiKoBNheNYeQmq/uajW02oJ"},"_chains":{"BThozg+4/o5vvUlGuLJrUC/obaxbpDwkpOvgDY6blU4p":{"chainKey":{"counter":-1,"key":"gkHGTsXQjQ+pDBqWJBBkZjWS7uCNIefTtfcdheXaa70="},"chainType":1,"messageKeys":{}}},"pendingPreKey":{"signedKeyId":13,"baseKey":"BalyoHOWYJFaZa8d8MsaWfZDNOk6WUgEianD80KlVGJt","preKeyId":11001831}},"BQ/NTLCj7y3hlw4IGiQ4jVP6Lar04FtzrXt07M49lq97":{"registrationId":630724677,"currentRatchet":{"ephemeralKeyPair":{"pubKey":"BUoB3fPfBfQtnGqpiGGR8ors70JV6Hzijo4WYndmptpV","privKey":"YMDh/zGB0fUAhoVRvakYy01FeqI9cnLbdnLatFYnb3o="},"lastRemoteEphemeralKey":"BX+BRibPw6kktoMIUQtVeLmK9XcY+bIvLqW+Xfmsku0T","previousCounter":0,"rootKey":"ONHplhARyneQ9haJ+hhaJbtgBMwhPzT4Vzuev6saHwA="},"indexInfo":{"baseKey":"BQ/NTLCj7y3hlw4IGiQ4jVP6Lar04FtzrXt07M49lq97","baseKeyType":1,"closed":-1,"used":1715769557509,"created":1715769557509,"remoteIdentityKey":"BSuwnsHKYMkpNH0ouvvWXSiKoBNheNYeQmq/uajW02oJ"},"_chains":{"BUoB3fPfBfQtnGqpiGGR8ors70JV6Hzijo4WYndmptpV":{"chainKey":{"counter":-1,"key":"fMvMSc2wEkCGhC2yi7ei26rDhgVzZ9wqJLbdwWsgCxg="},"chainType":1,"messageKeys":{}}},"pendingPreKey":{"signedKeyId":13,"baseKey":"BQ/NTLCj7y3hlw4IGiQ4jVP6Lar04FtzrXt07M49lq97","preKeyId":11002191}}},"version":"v1"}