{"_sessions":{"BbywCJLnEoeTF64req8qVFklNQ+XMG5WhhydsbAEq3RU":{"registrationId":448424674,"currentRatchet":{"ephemeralKeyPair":{"pubKey":"BQj81JNxqMoW+iKbjj6UP6a9Zdpx/+c7AlNRSua7Q5Z3","privKey":"6BwXW+4ZqfrzgdFQ3fDJmpNCyBK1IFdqhDJM2XLtj0o="},"lastRemoteEphemeralKey":"BQ2PM58PvRWVURRyU/2VxddtErFgdhA/UejY1yjSyBo7","previousCounter":0,"rootKey":"6mCNscbLsobUlow2vRV4YfxQOED5TipBY9rW6e3wGcE="},"indexInfo":{"baseKey":"BbywCJLnEoeTF64req8qVFklNQ+XMG5WhhydsbAEq3RU","baseKeyType":1,"closed":-1,"used":1715769138708,"created":1715769138708,"remoteIdentityKey":"BUYqFdEUaIVDHiRZ5BBeHX/yIpERmFVf4ejGFokzUGse"},"_chains":{"BQj81JNxqMoW+iKbjj6UP6a9Zdpx/+c7AlNRSua7Q5Z3":{"chainKey":{"counter":0,"key":"mlCQiX43T90/HghnHOKdhCwggYC4i0CYzggZZrrB2CA="},"chainType":1,"messageKeys":{}}},"pendingPreKey":{"signedKeyId":1,"baseKey":"BbywCJLnEoeTF64req8qVFklNQ+XMG5WhhydsbAEq3RU","preKeyId":9798776}}},"version":"v1"}