{"_sessions":{"BVNtvw+u4lG3S0UUTw6NElciPb2x7vmYGSA3L17XD/kK":{"registrationId":1785346233,"currentRatchet":{"ephemeralKeyPair":{"pubKey":"BZiXmGxA4+9ytV4WuaKzwn7pRKmuV2uLifHR3RLdEW9E","privKey":"yI7TheNOS4AV+g/v/+HRt1oOBEQzNN8E5Xh9MyzHcUo="},"lastRemoteEphemeralKey":"BW+LmGvRFdrAVylrPUCPbe9WZO4Y+fuAlieBShRSDMZc","previousCounter":2,"rootKey":"fxgFeyodBviiToFqAMrfXSmhkq2LUW1vsp9b4wvlcGo="},"indexInfo":{"baseKey":"BVNtvw+u4lG3S0UUTw6NElciPb2x7vmYGSA3L17XD/kK","baseKeyType":2,"closed":1715769553780,"used":1715769367503,"created":1715769135401,"remoteIdentityKey":"BVK0NmREawtY+zZq4Jp0DvJTdJ0BRVN6LzM4qaNbw6Mj"},"_chains":{"BUCT3rxS/yVyMpQ6ArdbXu0OaZhJg4M4DtVJFcxB/qsA":{"chainKey":{"counter":0},"chainType":2,"messageKeys":{}},"BW+LmGvRFdrAVylrPUCPbe9WZO4Y+fuAlieBShRSDMZc":{"chainKey":{"counter":0,"key":"oF6vN34+iGpo5rghjxFTDjmnhjficTwe+U086lyuY90="},"chainType":2,"messageKeys":{}},"BZiXmGxA4+9ytV4WuaKzwn7pRKmuV2uLifHR3RLdEW9E":{"chainKey":{"counter":-1,"key":"Jp5DA0+6NNkV4mqD64xpm2jEtPHWc2m0Lof3XmaKCCU="},"chainType":1,"messageKeys":{}}}},"BTHtaYwhExG/kVp9kI47ZXNile0wQgeUW+h7QEQN8jAh":{"registrationId":1785346233,"currentRatchet":{"ephemeralKeyPair":{"pubKey":"BaMGUBfuckv/4PO8aVD7C32HWQaHjCVPRSbhYOc9zU12","privKey":"YHqbhOnbe8RMpBxuxPjWQB4MyGunhgGyAI8biPiGPXY="},"lastRemoteEphemeralKey":"BVCv/ZAFMDglDEvfAjDz5oRz45UXbP0THEGiea23bSQH","previousCounter":0,"rootKey":"fjMPlHW7VQWl4+SFgwO358KJL9/An1QWNArsMATdMSQ="},"indexInfo":{"baseKey":"BTHtaYwhExG/kVp9kI47ZXNile0wQgeUW+h7QEQN8jAh","baseKeyType":1,"closed":1715769555507,"used":1715769553770,"created":1715769553770,"remoteIdentityKey":"BVK0NmREawtY+zZq4Jp0DvJTdJ0BRVN6LzM4qaNbw6Mj"},"_chains":{"BaMGUBfuckv/4PO8aVD7C32HWQaHjCVPRSbhYOc9zU12":{"chainKey":{"counter":-1,"key":"OkwHtDeVbpthJxv5Ak8JfwDW3+aNnzInVzBBDiutiLM="},"chainType":1,"messageKeys":{}}},"pendingPreKey":{"signedKeyId":18,"baseKey":"BTHtaYwhExG/kVp9kI47ZXNile0wQgeUW+h7QEQN8jAh","preKeyId":9514578}},"BecjEVAQtJg5O6Q5EzE1cgyWnbwzst1PTBjAwpI2Vt42":{"registrationId":1785346233,"currentRatchet":{"ephemeralKeyPair":{"pubKey":"BRr+VJszCba1B+aPhdVhB2oKk7QEfVoGpEGMHC72rDsg","privKey":"cPEHyzJExjBfF7wvR3Cs0vdVKk9/HOgcinAmZivYz3w="},"lastRemoteEphemeralKey":"BVCv/ZAFMDglDEvfAjDz5oRz45UXbP0THEGiea23bSQH","previousCounter":0,"rootKey":"Ozg4IzGhgJLqN8mt5Q64fb0tSwHR13p2NSmljkqq5Bw="},"indexInfo":{"baseKey":"BecjEVAQtJg5O6Q5EzE1cgyWnbwzst1PTBjAwpI2Vt42","baseKeyType":1,"closed":-1,"used":1715769555494,"created":1715769555494,"remoteIdentityKey":"BVK0NmREawtY+zZq4Jp0DvJTdJ0BRVN6LzM4qaNbw6Mj"},"_chains":{"BRr+VJszCba1B+aPhdVhB2oKk7QEfVoGpEGMHC72rDsg":{"chainKey":{"counter":-1,"key":"tqT08WZ3F9Vv3vKAQ9IgP3pbBWI2Ofmtxgtcg+1iHt4="},"chainType":1,"messageKeys":{}}},"pendingPreKey":{"signedKeyId":18,"baseKey":"BecjEVAQtJg5O6Q5EzE1cgyWnbwzst1PTBjAwpI2Vt42","preKeyId":9515064}}},"version":"v1"}