{"_sessions":{"BWthGI6D5lg+LoJNJGi6Qb3vQkPVHdhHY+1ADKcwZNYQ":{"registrationId":392910932,"currentRatchet":{"ephemeralKeyPair":{"pubKey":"BRDx6zVj5KvFKUtfjVeziK6LiiivUPUGanTGtoB5GQ9a","privKey":"4CgjX1lCNzPAW4NwL+zLUnxbM2rnvi9xrSYFK7InmXE="},"lastRemoteEphemeralKey":"BTu38mIHYwuRx+y9KWBTQE0Bd928WAJAT2UUO8OtvQNb","previousCounter":0,"rootKey":"8iSmlszKihCIRfMoG6MA89kS8+tLVgg7ErGEcb5t4mU="},"indexInfo":{"baseKey":"BWthGI6D5lg+LoJNJGi6Qb3vQkPVHdhHY+1ADKcwZNYQ","baseKeyType":1,"closed":1715769534194,"used":1715769138463,"created":1715769138463,"remoteIdentityKey":"BYbiekpJE0JB6ogm0Rvls1pv33cQTahJHYBD2Th3tFVV"},"_chains":{"BRDx6zVj5KvFKUtfjVeziK6LiiivUPUGanTGtoB5GQ9a":{"chainKey":{"counter":0,"key":"4Ei6VsHOemex4PjllJ4igIk6lNgJ9nM0kHAFtQM8a+Y="},"chainType":1,"messageKeys":{}}},"pendingPreKey":{"signedKeyId":1,"baseKey":"BWthGI6D5lg+LoJNJGi6Qb3vQkPVHdhHY+1ADKcwZNYQ","preKeyId":12752192}},"BQ5WplOoPnyvsa/UoouDVNkg+VoCWGcavyJ+tWUykO8a":{"registrationId":392910932,"currentRatchet":{"ephemeralKeyPair":{"pubKey":"BcVOQTIdOcspl4BpDgD2FaGqpmhl3TbCRCAFRFZ5tMhb","privKey":"WODR1K45hk6Uhoz2EDiIWnxQ67Lra3bQ06ZOXvvU4Gw="},"lastRemoteEphemeralKey":"BTu38mIHYwuRx+y9KWBTQE0Bd928WAJAT2UUO8OtvQNb","previousCounter":0,"rootKey":"m2VaBRhUPsCDAhBzPMBqY9jvILDcemve+yria3B2OM8="},"indexInfo":{"baseKey":"BQ5WplOoPnyvsa/UoouDVNkg+VoCWGcavyJ+tWUykO8a","baseKeyType":1,"closed":1715769546782,"used":1715769534189,"created":1715769534189,"remoteIdentityKey":"BYbiekpJE0JB6ogm0Rvls1pv33cQTahJHYBD2Th3tFVV"},"_chains":{"BcVOQTIdOcspl4BpDgD2FaGqpmhl3TbCRCAFRFZ5tMhb":{"chainKey":{"counter":-1,"key":"w2hkhgziXm6qr07X9xxISOv+wab5Hh5SRbRY91NXf6M="},"chainType":1,"messageKeys":{}}},"pendingPreKey":{"signedKeyId":1,"baseKey":"BQ5WplOoPnyvsa/UoouDVNkg+VoCWGcavyJ+tWUykO8a","preKeyId":12752393}},"BQoegSJFYPkLgVSVX6sR/ngVPYMiSSUYjcMXWp4zEX4Q":{"registrationId":392910932,"currentRatchet":{"ephemeralKeyPair":{"pubKey":"BbXnJidgYgFkte8U6JTxl1G7v549M1YULaVjIBAfl0RY","privKey":"cH745Zfnd9+NVhGeraKFNmBKG7itplzR/jBjZBuD204="},"lastRemoteEphemeralKey":"BTu38mIHYwuRx+y9KWBTQE0Bd928WAJAT2UUO8OtvQNb","previousCounter":0,"rootKey":"NNWgctZEnDNntySPKw2Ay4lm8LfhrcL4J/u4ivGIA3U="},"indexInfo":{"baseKey":"BQoegSJFYPkLgVSVX6sR/ngVPYMiSSUYjcMXWp4zEX4Q","baseKeyType":1,"closed":-1,"used":1715769546778,"created":1715769546778,"remoteIdentityKey":"BYbiekpJE0JB6ogm0Rvls1pv33cQTahJHYBD2Th3tFVV"},"_chains":{"BbXnJidgYgFkte8U6JTxl1G7v549M1YULaVjIBAfl0RY":{"chainKey":{"counter":-1,"key":"CdZvLXp0Yt8PUPwyYoff+I0K/sVVPkEL6JXwjMCZQF0="},"chainType":1,"messageKeys":{}}},"pendingPreKey":{"signedKeyId":1,"baseKey":"BQoegSJFYPkLgVSVX6sR/ngVPYMiSSUYjcMXWp4zEX4Q","preKeyId":12752109}}},"version":"v1"}