{"_sessions":{"BSn1PARuGwxe0wKjI+JnTuIp8d7KxVSTji9uVLbefNMJ":{"registrationId":232004435,"currentRatchet":{"ephemeralKeyPair":{"pubKey":"Bc1sjYmWiqlwUsqV++QEao9HUL71z2FlGPFmE9T2+A0a","privKey":"MCZmqOqGtcPtjOe7K7v68C+hKIFPs5I5D+B+pg4MxHk="},"lastRemoteEphemeralKey":"BeMM7wHM+NTcCrWaNkJYvzjYBg+JGKpGizRVBRtEI3wk","previousCounter":0,"rootKey":"o8ArI1/5HXia1c4HVH1Zt4gyxW2gWTgU0eRh60MQ0nI="},"indexInfo":{"baseKey":"BSn1PARuGwxe0wKjI+JnTuIp8d7KxVSTji9uVLbefNMJ","baseKeyType":1,"closed":-1,"used":1715769138450,"created":1715769138450,"remoteIdentityKey":"Bew1YGduHY5xqLkDyopDzgaGXxY+o6a7l+H3XnL/cUoA"},"_chains":{"Bc1sjYmWiqlwUsqV++QEao9HUL71z2FlGPFmE9T2+A0a":{"chainKey":{"counter":0,"key":"jMsaa2AF0gkkZLa9cP7PeyZcigWedShEuMWNk3aAKjA="},"chainType":1,"messageKeys":{}}},"pendingPreKey":{"signedKeyId":2,"baseKey":"BSn1PARuGwxe0wKjI+JnTuIp8d7KxVSTji9uVLbefNMJ","preKeyId":12873437}}},"version":"v1"}