{"_sessions":{"BSMRFpgeE4DL+qK0HgR1TWxU0W/7KFF0NrpknunZxZ9Q":{"registrationId":792603441,"currentRatchet":{"ephemeralKeyPair":{"pubKey":"BbogLlAviNkUqhdnjNgffQbwHiADJgd8ctA3hkY0g38D","privKey":"MOQlt2FL+Yc7LqeeAiRScGbc8Xg5g65XRQWpsQvLQG0="},"lastRemoteEphemeralKey":"BQm5HIIgxovPkU1SWQnljnAsdLPZOUIiEIqBf9TqHow0","previousCounter":0,"rootKey":"1VnuyjG2R2+h5M2CzCj8oiNmZ6wHpnof2sAfLvE9o6s="},"indexInfo":{"baseKey":"BSMRFpgeE4DL+qK0HgR1TWxU0W/7KFF0NrpknunZxZ9Q","baseKeyType":1,"closed":1715769557745,"used":1715769138600,"created":1715769138600,"remoteIdentityKey":"BWaAEF0qyJZZniRtTFpMLLVKN/ZrQ5twoNQQRMDC1TM3"},"_chains":{"BbogLlAviNkUqhdnjNgffQbwHiADJgd8ctA3hkY0g38D":{"chainKey":{"counter":0,"key":"8pJnUaKyYurxv3J4OSeAos5omCBBfVGuBcrSQ4Smg3k="},"chainType":1,"messageKeys":{}}},"pendingPreKey":{"signedKeyId":11393906,"baseKey":"BSMRFpgeE4DL+qK0HgR1TWxU0W/7KFF0NrpknunZxZ9Q"}},"BchVZjBlb+kYlvSmIJtNNAA1xMZH1HRu3kK6As+522FF":{"registrationId":792603441,"currentRatchet":{"ephemeralKeyPair":{"pubKey":"BcAmWpfIMqbk32wrD0+wYeFsD0o32lByU94R0lyJNTZL","privKey":"oOtGuQSkuYPe0kTRRWkBoNla50iu6pYkksbY4CEfqmM="},"lastRemoteEphemeralKey":"BQm5HIIgxovPkU1SWQnljnAsdLPZOUIiEIqBf9TqHow0","previousCounter":0,"rootKey":"IEqVq/YqlI0JpcGsKsrx47IkodlNHwdwGJazls4X2mg="},"indexInfo":{"baseKey":"BchVZjBlb+kYlvSmIJtNNAA1xMZH1HRu3kK6As+522FF","baseKeyType":1,"closed":1715769557990,"used":1715769557740,"created":1715769557740,"remoteIdentityKey":"BWaAEF0qyJZZniRtTFpMLLVKN/ZrQ5twoNQQRMDC1TM3"},"_chains":{"BcAmWpfIMqbk32wrD0+wYeFsD0o32lByU94R0lyJNTZL":{"chainKey":{"counter":-1,"key":"A5GsyTH8Yeq1q2YXIJtEvaNWu8fIWNciunXc2cMxuw8="},"chainType":1,"messageKeys":{}}},"pendingPreKey":{"signedKeyId":11393906,"baseKey":"BchVZjBlb+kYlvSmIJtNNAA1xMZH1HRu3kK6As+522FF"}},"Bdmg6nYyAolre7ESZhmcmrBiUQw9iAK8RsTRc6GRRyY4":{"registrationId":792603441,"currentRatchet":{"ephemeralKeyPair":{"pubKey":"BVnW38h8loP6yJOMlMJw2+X2vR8BSZW6BBbp4We7ZwJB","privKey":"oCpmyqZoOa/DcZAITAhFrTZ/6hdRk+dDJGP0ZDbX9U8="},"lastRemoteEphemeralKey":"BQm5HIIgxovPkU1SWQnljnAsdLPZOUIiEIqBf9TqHow0","previousCounter":0,"rootKey":"lRuYJggaf23mvEd7vTnIBxhRT4ilQNe3e22nX55O3r4="},"indexInfo":{"baseKey":"Bdmg6nYyAolre7ESZhmcmrBiUQw9iAK8RsTRc6GRRyY4","baseKeyType":1,"closed":-1,"used":1715769557984,"created":1715769557984,"remoteIdentityKey":"BWaAEF0qyJZZniRtTFpMLLVKN/ZrQ5twoNQQRMDC1TM3"},"_chains":{"BVnW38h8loP6yJOMlMJw2+X2vR8BSZW6BBbp4We7ZwJB":{"chainKey":{"counter":-1,"key":"uuw3iHtVD0vFV1/uiZEXO3R5gOT44yrYQ2z4NoH0HXM="},"chainType":1,"messageKeys":{}}},"pendingPreKey":{"signedKeyId":11393906,"baseKey":"Bdmg6nYyAolre7ESZhmcmrBiUQw9iAK8RsTRc6GRRyY4"}}},"version":"v1"}