{"_sessions":{"BZ9tcGUdAIuFPwn5wstZCdZIWhXxHJCH1K238KNzi+EP":{"registrationId":722950017,"currentRatchet":{"ephemeralKeyPair":{"pubKey":"BT3uVWwzHrBcrTcKgXQf4BYB6k70yCu6W5pyYYUuq/kw","privKey":"uDGfd7YvN5hE8MdrzoFLAMEI5Vz5ptTveeT4LpNXRn4="},"lastRemoteEphemeralKey":"BeGm8cayB3RAidQOi+bEs+RtnwhUuQrLmUxXpJbaLu9K","previousCounter":0,"rootKey":"zPqDY+bfcPoUojAznqo+kwzI2x+f/fzx/3TVOrPOZco="},"indexInfo":{"baseKey":"BZ9tcGUdAIuFPwn5wstZCdZIWhXxHJCH1K238KNzi+EP","baseKeyType":1,"closed":-1,"used":1715769138617,"created":1715769138617,"remoteIdentityKey":"BbNAyniegrub/sMShsRS3WdZzOtS0TSCloBdXZ/ONb8N"},"_chains":{"BT3uVWwzHrBcrTcKgXQf4BYB6k70yCu6W5pyYYUuq/kw":{"chainKey":{"counter":0,"key":"xe1vhp+AJfCwqWYXQbSWt9j9Kua4WC41TPN6ppqz1/A="},"chainType":1,"messageKeys":{}}},"pendingPreKey":{"signedKeyId":5487484,"baseKey":"BZ9tcGUdAIuFPwn5wstZCdZIWhXxHJCH1K238KNzi+EP","preKeyId":7283}}},"version":"v1"}