{"_sessions":{"Bc/+EeQGp/KzNSTFQ+/palNq9oLNmKtDI4uUslcjcHcl":{"registrationId":4085,"currentRatchet":{"ephemeralKeyPair":{"pubKey":"BZPtqBlQUFXM8tiRglsvJDqV4aFPbZPjjXSj4t0U2OZj","privKey":"kPZAxk+oMoU4j6AR8dB8BHBJU8lk6YS5LDjLuWh4Ulo="},"lastRemoteEphemeralKey":"BXHU3fCtQh3kj3vGfUIrO5peQyPPeVpaYFyii+2uy3p1","previousCounter":0,"rootKey":"dd7Mw/HLhl9d1o5ZSYmu0YWOiarYnElT7+T/aD1yO0w="},"indexInfo":{"baseKey":"Bc/+EeQGp/KzNSTFQ+/palNq9oLNmKtDI4uUslcjcHcl","baseKeyType":1,"closed":-1,"used":1715769138377,"created":1715769138377,"remoteIdentityKey":"BU0q6GEXKrjTNqtYdJJOqVoGxGIS+4MchNxguWAYbatF"},"_chains":{"BZPtqBlQUFXM8tiRglsvJDqV4aFPbZPjjXSj4t0U2OZj":{"chainKey":{"counter":0,"key":"mDgzc7EJWr+P1b4VUi8Gnm/6XaZEPlaDxwAyCuAW6pI="},"chainType":1,"messageKeys":{}}},"pendingPreKey":{"signedKeyId":1,"baseKey":"Bc/+EeQGp/KzNSTFQ+/palNq9oLNmKtDI4uUslcjcHcl","preKeyId":103}}},"version":"v1"}