{"_sessions":{"BVn+KKjte5OZT7wUtLhouCViFXBtfH8z0sBOLKrLklw5":{"registrationId":1433,"currentRatchet":{"ephemeralKeyPair":{"pubKey":"BWBpzo6KAcYs1xsLyK9dRPzkBnqsndGQrC+JiwW8Smsa","privKey":"uAsrG/qSSqhxb1WkwwUh4b+SQYUbRj3u20RsT4D5Xms="},"lastRemoteEphemeralKey":"Bed+mu3sj7Msb0Txk3U4APu0Vi0aHxDrHVugreG/LLZK","previousCounter":0,"rootKey":"YIbs30o6+NscnsoEkmVE0zsJbQjujsmo1m/zVlpfAOw="},"indexInfo":{"baseKey":"BVn+KKjte5OZT7wUtLhouCViFXBtfH8z0sBOLKrLklw5","baseKeyType":1,"closed":-1,"used":1715769138353,"created":1715769138353,"remoteIdentityKey":"BUL3PoSabjiVhQUz7nqfE2i7jT3E2g5uZMQRFNxVUyU0"},"_chains":{"BWBpzo6KAcYs1xsLyK9dRPzkBnqsndGQrC+JiwW8Smsa":{"chainKey":{"counter":0,"key":"aC4kcYuyIKHAHdA2P+krdRn10lUQ34UA44QcBMUjwmg="},"chainType":1,"messageKeys":{}}},"pendingPreKey":{"signedKeyId":1,"baseKey":"BVn+KKjte5OZT7wUtLhouCViFXBtfH8z0sBOLKrLklw5"}}},"version":"v1"}