{"_sessions":{"BZxbd587HKjAnB6J8phT/NWWKbQOHekANSjqZuFhJGpK":{"registrationId":1108019854,"currentRatchet":{"ephemeralKeyPair":{"pubKey":"BWeUt+qTLXZuaGotJ4VscWmlAF4+TXeHgwZhVmK1Lsde","privKey":"4HmJRUykWQsjljjwXi3IVB/hglUyZEIYUvMKu6H5gWE="},"lastRemoteEphemeralKey":"BdLju2QcTeH7+NDRVHO3b2cGSRNt4PoS3o36TaKsthMu","previousCounter":0,"rootKey":"hy6rDz7qEULltF1+Y0jtx3+nzfREVt8h0qlZ1YyqAeI="},"indexInfo":{"baseKey":"BZxbd587HKjAnB6J8phT/NWWKbQOHekANSjqZuFhJGpK","baseKeyType":1,"closed":1715769563291,"used":1715769138446,"created":1715769138446,"remoteIdentityKey":"BctRCfaoIjgNQFNIRLThjoxR38kuUMx1zZGsn9lPV3hC"},"_chains":{"BWeUt+qTLXZuaGotJ4VscWmlAF4+TXeHgwZhVmK1Lsde":{"chainKey":{"counter":0,"key":"yVJSpmOWINXiHh8kAhj82l6KBZ2hmGler8dv4U8JGHo="},"chainType":1,"messageKeys":{}}},"pendingPreKey":{"signedKeyId":24,"baseKey":"BZxbd587HKjAnB6J8phT/NWWKbQOHekANSjqZuFhJGpK","preKeyId":16381691}},"BXyx11HbSuLXKfCSGPkkPstFcPFwmOGTmSE1Ihi2LdNA":{"registrationId":1108019854,"currentRatchet":{"ephemeralKeyPair":{"pubKey":"BVABuvUx08gNNHzeR97/5PxlDl2ai5L5KYQ1RTt5Qnx1","privKey":"4Ct6MC+SNdKuwwFKr5uZcK/t6aorFAT5Wazx+3HFqVM="},"lastRemoteEphemeralKey":"BdLju2QcTeH7+NDRVHO3b2cGSRNt4PoS3o36TaKsthMu","previousCounter":0,"rootKey":"7NxpHjXT5yKeNVf2h7NdItY/OyCjKCcNNL3+YCpNsZs="},"indexInfo":{"baseKey":"BXyx11HbSuLXKfCSGPkkPstFcPFwmOGTmSE1Ihi2LdNA","baseKeyType":1,"closed":1715769563578,"used":1715769563280,"created":1715769563280,"remoteIdentityKey":"BctRCfaoIjgNQFNIRLThjoxR38kuUMx1zZGsn9lPV3hC"},"_chains":{"BVABuvUx08gNNHzeR97/5PxlDl2ai5L5KYQ1RTt5Qnx1":{"chainKey":{"counter":-1,"key":"lemdkAHWKqA7BRDGy0qH9TBSvA+W0YJ4J2xGiwKNqKY="},"chainType":1,"messageKeys":{}}},"pendingPreKey":{"signedKeyId":24,"baseKey":"BXyx11HbSuLXKfCSGPkkPstFcPFwmOGTmSE1Ihi2LdNA","preKeyId":16381571}},"BTUbVPHs7ZYoH2OSY4mKlFMigIBMWJtjQBCRUI4hO55f":{"registrationId":1108019854,"currentRatchet":{"ephemeralKeyPair":{"pubKey":"BdJgNf2suIZvjDnQ7lApIo+Nut1PoljD5/4+G6fPz7Zn","privKey":"iCwZBPGA4YnSm4og4Todgpsqdxu15lpJdQuAXHd65XI="},"lastRemoteEphemeralKey":"BdLju2QcTeH7+NDRVHO3b2cGSRNt4PoS3o36TaKsthMu","previousCounter":0,"rootKey":"eBt6G1pAMLVwXZIC61TaEjEy5PDNL40/L4ATLgz26HA="},"indexInfo":{"baseKey":"BTUbVPHs7ZYoH2OSY4mKlFMigIBMWJtjQBCRUI4hO55f","baseKeyType":1,"closed":-1,"used":1715769563573,"created":1715769563573,"remoteIdentityKey":"BctRCfaoIjgNQFNIRLThjoxR38kuUMx1zZGsn9lPV3hC"},"_chains":{"BdJgNf2suIZvjDnQ7lApIo+Nut1PoljD5/4+G6fPz7Zn":{"chainKey":{"counter":-1,"key":"sbQzrFtG+HGmfgdmGmqN3S2uBLVXexxGsU/BiVtgdw0="},"chainType":1,"messageKeys":{}}},"pendingPreKey":{"signedKeyId":24,"baseKey":"BTUbVPHs7ZYoH2OSY4mKlFMigIBMWJtjQBCRUI4hO55f","preKeyId":16381617}}},"version":"v1"}