{"_sessions":{"BaY5vQQkg3I9xF5Gkwz9yRNTmR3/kMCDWcX64AHb5y84":{"registrationId":809024007,"currentRatchet":{"ephemeralKeyPair":{"pubKey":"BcqVw9GvXSoQNNEnf64j7fgT3RHdYT4UgcHJVOVv8LA8","privKey":"CCDUWZ9+hFIueu5dZzW4S65cmZ595FwZyyKFIIMibW4="},"lastRemoteEphemeralKey":"BRhnemGERreCsUeDOoPqhMLvBjoSgdNabanAHq2y7cAs","previousCounter":0,"rootKey":"h0P4KSLri/dvEzRwoDogl5z41Cfl8kX0Uu41+OGlTYg="},"indexInfo":{"baseKey":"BaY5vQQkg3I9xF5Gkwz9yRNTmR3/kMCDWcX64AHb5y84","baseKeyType":1,"closed":1715769527571,"used":1715769138277,"created":1715769138277,"remoteIdentityKey":"BSQ5HSg5E5BlyLb3JhDUXGuPoJTCVB0N1OW+P816HvNN"},"_chains":{"BcqVw9GvXSoQNNEnf64j7fgT3RHdYT4UgcHJVOVv8LA8":{"chainKey":{"counter":0,"key":"Zt5a9w25Koe5CWhfiJOnD5EnsbVtcWmEIChJICOd3NQ="},"chainType":1,"messageKeys":{}}},"pendingPreKey":{"signedKeyId":1,"baseKey":"BaY5vQQkg3I9xF5Gkwz9yRNTmR3/kMCDWcX64AHb5y84","preKeyId":434}},"BauuViuqGbUXo1atun/GQ0pCUMCQ6VgnJfqnFS9QiVw2":{"registrationId":809024007,"currentRatchet":{"ephemeralKeyPair":{"pubKey":"BTyCI4dQ8y+9HtQJQ3G5aX324tjByp7QjzX32DzDietq","privKey":"WFyBsluR+YsAH3QJaGiIRy6TxT8BZYIsfFjoRQYKKUE="},"lastRemoteEphemeralKey":"BRhnemGERreCsUeDOoPqhMLvBjoSgdNabanAHq2y7cAs","previousCounter":0,"rootKey":"sqIpehEVQdUOi50rGVT5buFQLySgYTloqLli7vLAVWw="},"indexInfo":{"baseKey":"BauuViuqGbUXo1atun/GQ0pCUMCQ6VgnJfqnFS9QiVw2","baseKeyType":1,"closed":1715769534812,"used":1715769527565,"created":1715769527565,"remoteIdentityKey":"BSQ5HSg5E5BlyLb3JhDUXGuPoJTCVB0N1OW+P816HvNN"},"_chains":{"BTyCI4dQ8y+9HtQJQ3G5aX324tjByp7QjzX32DzDietq":{"chainKey":{"counter":-1,"key":"2SEW0cc1K27ra3mvWBlJmxFV3FtSjX+PrCBzj5mzGEo="},"chainType":1,"messageKeys":{}}},"pendingPreKey":{"signedKeyId":1,"baseKey":"BauuViuqGbUXo1atun/GQ0pCUMCQ6VgnJfqnFS9QiVw2","preKeyId":358}},"BcxBTfh4tEE9Shm9Fe6QkYcZ4MxcEz4nKFh6FEpnnzB8":{"registrationId":809024007,"currentRatchet":{"ephemeralKeyPair":{"pubKey":"BWJu7hKv6LF3PC2qnu+C11LWfshxsBEHAremOlY8oB47","privKey":"+EVAzyDy9lI4EvONBojXKS3vpSHkzRtvXbruEQH4Wl4="},"lastRemoteEphemeralKey":"BRhnemGERreCsUeDOoPqhMLvBjoSgdNabanAHq2y7cAs","previousCounter":0,"rootKey":"t08PeoDl7b6RZbfBVRprpLt56R3ctHLzgBsNFk8jHOA="},"indexInfo":{"baseKey":"BcxBTfh4tEE9Shm9Fe6QkYcZ4MxcEz4nKFh6FEpnnzB8","baseKeyType":1,"closed":-1,"used":1715769534807,"created":1715769534807,"remoteIdentityKey":"BSQ5HSg5E5BlyLb3JhDUXGuPoJTCVB0N1OW+P816HvNN"},"_chains":{"BWJu7hKv6LF3PC2qnu+C11LWfshxsBEHAremOlY8oB47":{"chainKey":{"counter":-1,"key":"e/d+9rqxKK/cZVKa/gppXxMh1KguURrRbo+lXPojGpQ="},"chainType":1,"messageKeys":{}}},"pendingPreKey":{"signedKeyId":1,"baseKey":"BcxBTfh4tEE9Shm9Fe6QkYcZ4MxcEz4nKFh6FEpnnzB8","preKeyId":484}}},"version":"v1"}