{"_sessions":{"BZs3X0CzVisp28k3nZ1FmJwoU9L9ak3NtEQU7LCm1r5O":{"registrationId":1519327040,"currentRatchet":{"ephemeralKeyPair":{"pubKey":"BfDHFUw/+cUhqQobEE1UIJCz3WGdHltbqjE+p+HCUP95","privKey":"+LSD3kjZprcT67ifNwo7ma72BA1mT5NHGKMX2+oZjGc="},"lastRemoteEphemeralKey":"BXC4FdZF9G0FFKgUexqBO96h4UoCSTS6jyjRGERY4hID","previousCounter":0,"rootKey":"hfhiyc/ktch+s/nQ8Gq7oFZi/DH8omcpMuW6YjeoYX4="},"indexInfo":{"baseKey":"BZs3X0CzVisp28k3nZ1FmJwoU9L9ak3NtEQU7LCm1r5O","baseKeyType":1,"closed":-1,"used":1715769138470,"created":1715769138470,"remoteIdentityKey":"BfZSTxfr3S5wQo2Crv1p86OZDdcDJET1j8DZa9Z+5qkn"},"_chains":{"BfDHFUw/+cUhqQobEE1UIJCz3WGdHltbqjE+p+HCUP95":{"chainKey":{"counter":0,"key":"yMEdWcyikdc6GFDLU9yB/0FlvoaC8FeWhwrSznZbAZ8="},"chainType":1,"messageKeys":{}}},"pendingPreKey":{"signedKeyId":1,"baseKey":"BZs3X0CzVisp28k3nZ1FmJwoU9L9ak3NtEQU7LCm1r5O","preKeyId":7365133}}},"version":"v1"}