{"_sessions":{"BcjVt3b0PCZTe1h8ci0ks6xCQ1CNO0GDDwh6iJzhBZRz":{"registrationId":1496634750,"currentRatchet":{"ephemeralKeyPair":{"pubKey":"BY63+azlYp3nWkbxj2tk//nYwQV63fKAtoQyQq2AdJob","privKey":"iNSj9WfU63qVO/uplkbKx70PeGo8Wf7lTP4sPes/gWQ="},"lastRemoteEphemeralKey":"BRU4wrRyYs4fSocuvXGRwBL5sM2XTPhy0HHwFj1AnK9R","previousCounter":0,"rootKey":"WqdscGl2cck3fQ6h9p2uG6L/OgPEIM7dMO+SUx0c0/g="},"indexInfo":{"baseKey":"BcjVt3b0PCZTe1h8ci0ks6xCQ1CNO0GDDwh6iJzhBZRz","baseKeyType":1,"closed":1715769535408,"used":1715769138695,"created":1715769138695,"remoteIdentityKey":"Bf3UOLVEpKC6BfDgPCRdbBBvs/it1l99uVQ/+yJzluNo"},"_chains":{"BY63+azlYp3nWkbxj2tk//nYwQV63fKAtoQyQq2AdJob":{"chainKey":{"counter":0,"key":"6MVrx93sK6uLE+Uk3rNPFegAw80AgLwxrxbPxSZsIfg="},"chainType":1,"messageKeys":{}}},"pendingPreKey":{"signedKeyId":8,"baseKey":"BcjVt3b0PCZTe1h8ci0ks6xCQ1CNO0GDDwh6iJzhBZRz","preKeyId":16564382}},"BS3cXUpr2deqBKWJ+tucH1E397W9K5nLL6wCdEWYkQIL":{"registrationId":1496634750,"currentRatchet":{"ephemeralKeyPair":{"pubKey":"BSr3c6sTNw+rGlhUZak2KoMPCsmxqJ+5g7ie2Yq34M0Q","privKey":"aH5IU0IlBZm6bWeCd8sNijvpx2TiQL1zk0niD+htK1E="},"lastRemoteEphemeralKey":"BRU4wrRyYs4fSocuvXGRwBL5sM2XTPhy0HHwFj1AnK9R","previousCounter":0,"rootKey":"heq5xnhJHheF/MND/6fRBZg34PndB1F9ReDpSIhlvDQ="},"indexInfo":{"baseKey":"BS3cXUpr2deqBKWJ+tucH1E397W9K5nLL6wCdEWYkQIL","baseKeyType":1,"closed":1715769546453,"used":1715769535400,"created":1715769535400,"remoteIdentityKey":"Bf3UOLVEpKC6BfDgPCRdbBBvs/it1l99uVQ/+yJzluNo"},"_chains":{"BSr3c6sTNw+rGlhUZak2KoMPCsmxqJ+5g7ie2Yq34M0Q":{"chainKey":{"counter":-1,"key":"so//T+l8MHC2AcCRsM7zkJIavDlg/Nebqv2IwG2+Eqk="},"chainType":1,"messageKeys":{}}},"pendingPreKey":{"signedKeyId":8,"baseKey":"BS3cXUpr2deqBKWJ+tucH1E397W9K5nLL6wCdEWYkQIL","preKeyId":16565161}},"Bb5/NDeP7BpIzSgVsd9fVEcR1/yh1GJGS4TdW40x1Od1":{"registrationId":1496634750,"currentRatchet":{"ephemeralKeyPair":{"pubKey":"BfjIBt+nXRsDtSRm//Z7tiykfWO9r5mIdRzBBhUsDeAt","privKey":"0AjhQOHAwD3qr8PYiiMt6b208Txx6Yzq4NesSwehdkM="},"lastRemoteEphemeralKey":"BRU4wrRyYs4fSocuvXGRwBL5sM2XTPhy0HHwFj1AnK9R","previousCounter":0,"rootKey":"LwQF14eZZLifE8fT25MtTd8QTlRNXtNrKXxwsVtYvQA="},"indexInfo":{"baseKey":"Bb5/NDeP7BpIzSgVsd9fVEcR1/yh1GJGS4TdW40x1Od1","baseKeyType":1,"closed":-1,"used":1715769546448,"created":1715769546448,"remoteIdentityKey":"Bf3UOLVEpKC6BfDgPCRdbBBvs/it1l99uVQ/+yJzluNo"},"_chains":{"BfjIBt+nXRsDtSRm//Z7tiykfWO9r5mIdRzBBhUsDeAt":{"chainKey":{"counter":-1,"key":"DrjkMx3R5H0urwVFUrw5uN0augD0UwPFTnjyRrteAN0="},"chainType":1,"messageKeys":{}}},"pendingPreKey":{"signedKeyId":8,"baseKey":"Bb5/NDeP7BpIzSgVsd9fVEcR1/yh1GJGS4TdW40x1Od1","preKeyId":16565126}}},"version":"v1"}