{"_sessions":{"BU/nBaXVgupsSzSehPL2i1ndcrE7LuXAUqrmQmT0JLFf":{"registrationId":1805322214,"currentRatchet":{"ephemeralKeyPair":{"pubKey":"BUXmyLKAytFhy7bZ6itHcGkCJc8abieBgob8tIu00vB5","privKey":"yCcJ75h+HkdQNHKgnYUrFylgvEDIH8ILgYJQrCZw7HY="},"lastRemoteEphemeralKey":"BerWpMk4Dqr77HVDq+LGlOM+wJYAGBNxuG8v0KjeCpQk","previousCounter":0,"rootKey":"B8yo+zT+8fNo1UpdqxyKTTB3e/j4XKoet08exbQDnds="},"indexInfo":{"baseKey":"BU/nBaXVgupsSzSehPL2i1ndcrE7LuXAUqrmQmT0JLFf","baseKeyType":1,"closed":1715769553486,"used":1715769138590,"created":1715769138590,"remoteIdentityKey":"BQBVZeDHNQ18GBo4/5SHGbZg9qYQbl9zxKGoGVGLF5d5"},"_chains":{"BUXmyLKAytFhy7bZ6itHcGkCJc8abieBgob8tIu00vB5":{"chainKey":{"counter":0,"key":"WyOBvEgzHnjNdc1evBAccOUB+I6wLMpG/+NKvlCOMBA="},"chainType":1,"messageKeys":{}}},"pendingPreKey":{"signedKeyId":12,"baseKey":"BU/nBaXVgupsSzSehPL2i1ndcrE7LuXAUqrmQmT0JLFf","preKeyId":1541279}},"BbPG/lh7KuL3/BUzT/+81XSfwU+mrEkCRv7iey+9dll0":{"registrationId":1805322214,"currentRatchet":{"ephemeralKeyPair":{"pubKey":"BcuXInmfPmRjH6aNkh7VVXRTTaEegV4ywLki4vvbkXFI","privKey":"INMZpQxlgvbkOW3Vg72mkuK0lXbaxQVREvnxbHAkJnE="},"lastRemoteEphemeralKey":"BerWpMk4Dqr77HVDq+LGlOM+wJYAGBNxuG8v0KjeCpQk","previousCounter":0,"rootKey":"/USfjjdSqADa2tHYYIE3pxllMd+lEREBwinlL8umAWs="},"indexInfo":{"baseKey":"BbPG/lh7KuL3/BUzT/+81XSfwU+mrEkCRv7iey+9dll0","baseKeyType":1,"closed":1715769554047,"used":1715769553481,"created":1715769553481,"remoteIdentityKey":"BQBVZeDHNQ18GBo4/5SHGbZg9qYQbl9zxKGoGVGLF5d5"},"_chains":{"BcuXInmfPmRjH6aNkh7VVXRTTaEegV4ywLki4vvbkXFI":{"chainKey":{"counter":-1,"key":"rIHF1RCAcrt1QygpFEbmxbKQrei7V47hKPeXuT0NZtA="},"chainType":1,"messageKeys":{}}},"pendingPreKey":{"signedKeyId":12,"baseKey":"BbPG/lh7KuL3/BUzT/+81XSfwU+mrEkCRv7iey+9dll0","preKeyId":1541274}},"BSFqPcRNWku6P1FPUj4kOI/vgCA4gfRYm3/JRPlezSZD":{"registrationId":1805322214,"currentRatchet":{"ephemeralKeyPair":{"pubKey":"BYaviisfnh1zMD6nXEmhCeJUOONFXvpdsinmMYFCphY7","privKey":"SKm4jnDgAloEWjzM9R0vkban2wOedqDWen1NSR7rv0E="},"lastRemoteEphemeralKey":"BerWpMk4Dqr77HVDq+LGlOM+wJYAGBNxuG8v0KjeCpQk","previousCounter":0,"rootKey":"JdwqRhjy7qtLMf7txFhLURudsddlGiqmcbYVXYn1iGc="},"indexInfo":{"baseKey":"BSFqPcRNWku6P1FPUj4kOI/vgCA4gfRYm3/JRPlezSZD","baseKeyType":1,"closed":-1,"used":1715769554042,"created":1715769554042,"remoteIdentityKey":"BQBVZeDHNQ18GBo4/5SHGbZg9qYQbl9zxKGoGVGLF5d5"},"_chains":{"BYaviisfnh1zMD6nXEmhCeJUOONFXvpdsinmMYFCphY7":{"chainKey":{"counter":-1,"key":"nw2WoaumP/XTjz3lWvheTWTn1ygYsNIFeImVBro31fk="},"chainType":1,"messageKeys":{}}},"pendingPreKey":{"signedKeyId":12,"baseKey":"BSFqPcRNWku6P1FPUj4kOI/vgCA4gfRYm3/JRPlezSZD","preKeyId":1541277}}},"version":"v1"}