{"_sessions":{"BSqEK/3RFilVL2+0z2dzo/n6lbNuGObZt9feCRKzorBj":{"registrationId":2064189271,"currentRatchet":{"ephemeralKeyPair":{"pubKey":"Bf5w5pVrlyOElFqDQU84gBXbDHwMsuhSfSyld4GQeDor","privKey":"WGVnVpRWvVmfGYU2fx9Dcdx+girbXhAXfiDTX8CeCWg="},"lastRemoteEphemeralKey":"Bb0kOPF0iDV0G4fDbiyA58DQNKOAeDXpuB+udU5AIaMX","previousCounter":0,"rootKey":"Jj35qRQi/H64LAQparKyKJ56M6AVaSgxe5N31ARW8Gk="},"indexInfo":{"baseKey":"BSqEK/3RFilVL2+0z2dzo/n6lbNuGObZt9feCRKzorBj","baseKeyType":1,"closed":-1,"used":1715769138784,"created":1715769138784,"remoteIdentityKey":"Ben4d9lRMTKHVYRLiqqxZnhtPb6iNjFu5h4/lLeQ26M7"},"_chains":{"Bf5w5pVrlyOElFqDQU84gBXbDHwMsuhSfSyld4GQeDor":{"chainKey":{"counter":0,"key":"gXzL86amMX4m2LhnFSIx2xj+9FDvrJm9sLP688UeR2w="},"chainType":1,"messageKeys":{}}},"pendingPreKey":{"signedKeyId":0,"baseKey":"BSqEK/3RFilVL2+0z2dzo/n6lbNuGObZt9feCRKzorBj"}}},"version":"v1"}