{"_sessions":{"BY1Q4g8QRLLIrxjzcj46yQLJpbvns534jcn24Mjv8eQy":{"registrationId":1710761612,"currentRatchet":{"ephemeralKeyPair":{"pubKey":"Bc3er3Na7qnXnrPjGMAZj2CvoqHquop/2T4luksBm5I7","privKey":"sCTd382JJItzdq16S7XkZVUHmM37DvlkHAZrqC22uGY="},"lastRemoteEphemeralKey":"BYTES5Dg9CQd4AmMaF5tLPLlwCIQ2IYeJBUlyDtSINYR","previousCounter":0,"rootKey":"jDpgGx7qKRYnme+AvVNhXosj9joMvYjNOiUppxR9uTg="},"indexInfo":{"baseKey":"BY1Q4g8QRLLIrxjzcj46yQLJpbvns534jcn24Mjv8eQy","baseKeyType":1,"closed":1715769564500,"used":1715769138679,"created":1715769138679,"remoteIdentityKey":"BRRXtsoGLH5yGEDsWcOoWXw9du4C9kCSXaBDiztHh94w"},"_chains":{"Bc3er3Na7qnXnrPjGMAZj2CvoqHquop/2T4luksBm5I7":{"chainKey":{"counter":0,"key":"FqurHHuB63BXYioUeG0WuStGiDvnUGriVQWfLp3VsYY="},"chainType":1,"messageKeys":{}}},"pendingPreKey":{"signedKeyId":6,"baseKey":"BY1Q4g8QRLLIrxjzcj46yQLJpbvns534jcn24Mjv8eQy","preKeyId":4606102}},"BfUeIZC3xy/LE11sGKK3UezQzCx/9ZFT9zmoFb9vlGUm":{"registrationId":1710761612,"currentRatchet":{"ephemeralKeyPair":{"pubKey":"BeEmPM7lKTLzaO3FlpLqabfKr1fB6yf+ygy/wCbk+R4/","privKey":"gH7vSB91jMjE6dmQIYdNtNWKyDbP00JYgZ/reBAA/G0="},"lastRemoteEphemeralKey":"BYTES5Dg9CQd4AmMaF5tLPLlwCIQ2IYeJBUlyDtSINYR","previousCounter":0,"rootKey":"bAj3KoK/0fyLNutOLU2fj4FkavO6Fw0bOOQyElUKdg4="},"indexInfo":{"baseKey":"BfUeIZC3xy/LE11sGKK3UezQzCx/9ZFT9zmoFb9vlGUm","baseKeyType":1,"closed":1715769564775,"used":1715769564494,"created":1715769564494,"remoteIdentityKey":"BRRXtsoGLH5yGEDsWcOoWXw9du4C9kCSXaBDiztHh94w"},"_chains":{"BeEmPM7lKTLzaO3FlpLqabfKr1fB6yf+ygy/wCbk+R4/":{"chainKey":{"counter":-1,"key":"SoycUAkM2Ow8NqLxxeh34TAMWby4/GtVXei4MLLtrps="},"chainType":1,"messageKeys":{}}},"pendingPreKey":{"signedKeyId":6,"baseKey":"BfUeIZC3xy/LE11sGKK3UezQzCx/9ZFT9zmoFb9vlGUm","preKeyId":4606559}},"Bae4B2YZYJ4wq1pX32Z45U5ALVRu2u8B/WuNhQA971EV":{"registrationId":1710761612,"currentRatchet":{"ephemeralKeyPair":{"pubKey":"BR0Ts6plDY3EppT4jByCe+1CM2OZXBPPAOOW0Ebf1BAp","privKey":"INmEBshxbwSgD54Q8AAwwfXv788yh33u/N4VwdvNi3E="},"lastRemoteEphemeralKey":"BYTES5Dg9CQd4AmMaF5tLPLlwCIQ2IYeJBUlyDtSINYR","previousCounter":0,"rootKey":"rG6La3oVh+sjp1jPzABhReq0oLAfzJ/1eqcV9Ki5/Ys="},"indexInfo":{"baseKey":"Bae4B2YZYJ4wq1pX32Z45U5ALVRu2u8B/WuNhQA971EV","baseKeyType":1,"closed":-1,"used":1715769564771,"created":1715769564771,"remoteIdentityKey":"BRRXtsoGLH5yGEDsWcOoWXw9du4C9kCSXaBDiztHh94w"},"_chains":{"BR0Ts6plDY3EppT4jByCe+1CM2OZXBPPAOOW0Ebf1BAp":{"chainKey":{"counter":-1,"key":"6DfHq3MVMEclCkRJYSuGIowfk0lB89SvVSV7QI8osP0="},"chainType":1,"messageKeys":{}}},"pendingPreKey":{"signedKeyId":6,"baseKey":"Bae4B2YZYJ4wq1pX32Z45U5ALVRu2u8B/WuNhQA971EV","preKeyId":4606158}}},"version":"v1"}