{"_sessions":{"Bb7FcrZCDgU/XSAcfS1BGBWafOdaxnq7dRfcrIEWO3cJ":{"registrationId":1697011947,"currentRatchet":{"ephemeralKeyPair":{"pubKey":"Bd8LMzEztgepWtHdMiM7IxKjCUudcEEz9rcZa17+dQM/","privKey":"OJKkBQcM1KC4BxyOFJY113+uiMSgbeu3JFxYbzmzC38="},"lastRemoteEphemeralKey":"BQvUpHOoxtqJtDFtRRZPfEbsOMRI29OFPQEufJKf2Edm","previousCounter":0,"rootKey":"zayITLqYbVtgVu4Qdhj2PGoIO4Wm1FisCElGzk6wVvg="},"indexInfo":{"baseKey":"Bb7FcrZCDgU/XSAcfS1BGBWafOdaxnq7dRfcrIEWO3cJ","baseKeyType":1,"closed":1715769529351,"used":1715769138493,"created":1715769138493,"remoteIdentityKey":"BTB6NV2KGOxuF5e6vk8XVkLoFG5+W6knuM3DWaUviy4m"},"_chains":{"Bd8LMzEztgepWtHdMiM7IxKjCUudcEEz9rcZa17+dQM/":{"chainKey":{"counter":0,"key":"nF7kVL7Z886U+DUjTkBd4VxLnT5//pkQY8Ps/Jrmjus="},"chainType":1,"messageKeys":{}}},"pendingPreKey":{"signedKeyId":7,"baseKey":"Bb7FcrZCDgU/XSAcfS1BGBWafOdaxnq7dRfcrIEWO3cJ","preKeyId":8169750}},"BcOAQw5fomzAmBSwz5aIFsPUmOFvEiqgvwo9AZrVZ+xr":{"registrationId":1697011947,"currentRatchet":{"ephemeralKeyPair":{"pubKey":"BSVB7j6ImL3uAO7CDdvhnexMZNwJ3ORVRAmqqqSDEuMc","privKey":"QOTFesJGl4q95bC6bhd+3isEHj+viobGyX5C9RPQaEc="},"lastRemoteEphemeralKey":"BQvUpHOoxtqJtDFtRRZPfEbsOMRI29OFPQEufJKf2Edm","previousCounter":0,"rootKey":"fsA+7eFhhkR7Bp4JTkjQhA0/Ra/XpKCZK/ntMEwXduk="},"indexInfo":{"baseKey":"BcOAQw5fomzAmBSwz5aIFsPUmOFvEiqgvwo9AZrVZ+xr","baseKeyType":1,"closed":1715769543093,"used":1715769529346,"created":1715769529346,"remoteIdentityKey":"BTB6NV2KGOxuF5e6vk8XVkLoFG5+W6knuM3DWaUviy4m"},"_chains":{"BSVB7j6ImL3uAO7CDdvhnexMZNwJ3ORVRAmqqqSDEuMc":{"chainKey":{"counter":-1,"key":"nFz1Z3pkW0y3Lc+Xo6ATUGkDd0oP0nrNY50DCcfopk8="},"chainType":1,"messageKeys":{}}},"pendingPreKey":{"signedKeyId":7,"baseKey":"BcOAQw5fomzAmBSwz5aIFsPUmOFvEiqgvwo9AZrVZ+xr","preKeyId":8169822}},"BVCitv5aTqyO79Itl+YBkExuSk+KlI0Xf5MXFcuEq+lL":{"registrationId":1697011947,"currentRatchet":{"ephemeralKeyPair":{"pubKey":"BSJS54riemUvvDpUFeQmkwMFREhc+6mv5LqkxEAh34EO","privKey":"QHDwiqvoAuMSUkbtFi+9O8EfXSc8/ayn+e3KbAB+qVs="},"lastRemoteEphemeralKey":"BQvUpHOoxtqJtDFtRRZPfEbsOMRI29OFPQEufJKf2Edm","previousCounter":0,"rootKey":"mhna+BAIMbeYqfTTogrINu4OCG0X5QHH1mjKHCbR5xo="},"indexInfo":{"baseKey":"BVCitv5aTqyO79Itl+YBkExuSk+KlI0Xf5MXFcuEq+lL","baseKeyType":1,"closed":-1,"used":1715769543086,"created":1715769543086,"remoteIdentityKey":"BTB6NV2KGOxuF5e6vk8XVkLoFG5+W6knuM3DWaUviy4m"},"_chains":{"BSJS54riemUvvDpUFeQmkwMFREhc+6mv5LqkxEAh34EO":{"chainKey":{"counter":-1,"key":"qkdqC6FbaZ8V+iPDViBjSUxJzGiftNGpapvwUPSnnRI="},"chainType":1,"messageKeys":{}}},"pendingPreKey":{"signedKeyId":7,"baseKey":"BVCitv5aTqyO79Itl+YBkExuSk+KlI0Xf5MXFcuEq+lL","preKeyId":8169723}}},"version":"v1"}