{"_sessions":{"BWk+sxJHdi5/Q8UBDPOxAY8T8ZgVOhYfCKz8xU8gct9u":{"registrationId":1139829200,"currentRatchet":{"ephemeralKeyPair":{"pubKey":"BY8icA2lGI8egLouIAhBvsuAx0vo4ddQz92Kjiu6KQUF","privKey":"8JetqKG7GavC48D4m3+GjfVnKjEFbRl2sd7ycrjvJ0E="},"lastRemoteEphemeralKey":"BXi9RcqMV5XyuePedaDwlJvdI/OY7sPo+ElpBRvxDhx8","previousCounter":0,"rootKey":"PvlQdLXOw+ethW3BS56HKcnZhFtTMDTszKrckbv7/1g="},"indexInfo":{"baseKey":"BWk+sxJHdi5/Q8UBDPOxAY8T8ZgVOhYfCKz8xU8gct9u","baseKeyType":1,"closed":1715769528796,"used":1715769138763,"created":1715769138763,"remoteIdentityKey":"BdErdOkWb4reUrSP33CLsy5SOOaga7IAM3H/0qgA+NlT"},"_chains":{"BY8icA2lGI8egLouIAhBvsuAx0vo4ddQz92Kjiu6KQUF":{"chainKey":{"counter":0,"key":"IU2p/WS53X67BIsTX9NqOYglfyPXhQIppjZHq7GwcRo="},"chainType":1,"messageKeys":{}}},"pendingPreKey":{"signedKeyId":4,"baseKey":"BWk+sxJHdi5/Q8UBDPOxAY8T8ZgVOhYfCKz8xU8gct9u","preKeyId":7544442}},"BVTVfbQps1S7uj2i4ormEEfT8QVgqpQimg20LTtgtOwE":{"registrationId":1139829200,"currentRatchet":{"ephemeralKeyPair":{"pubKey":"BTUiWTFHIuNaaKJZMDcehHe53lajOi1yZ84/aH3li6pS","privKey":"ACf14FZMkg4d7mxq1/LDytwhj8LU7jJNjwoUeu45CVg="},"lastRemoteEphemeralKey":"BXi9RcqMV5XyuePedaDwlJvdI/OY7sPo+ElpBRvxDhx8","previousCounter":0,"rootKey":"w8+l1HvXrmruJbc8/HQ7jFNoNCgZCWxiBFeaeK7zqQY="},"indexInfo":{"baseKey":"BVTVfbQps1S7uj2i4ormEEfT8QVgqpQimg20LTtgtOwE","baseKeyType":1,"closed":1715769541361,"used":1715769528791,"created":1715769528791,"remoteIdentityKey":"BdErdOkWb4reUrSP33CLsy5SOOaga7IAM3H/0qgA+NlT"},"_chains":{"BTUiWTFHIuNaaKJZMDcehHe53lajOi1yZ84/aH3li6pS":{"chainKey":{"counter":-1,"key":"JePsf1o1SrNKs6drDis13W8PyK4+1WsKjkVhDB4YDV4="},"chainType":1,"messageKeys":{}}},"pendingPreKey":{"signedKeyId":4,"baseKey":"BVTVfbQps1S7uj2i4ormEEfT8QVgqpQimg20LTtgtOwE","preKeyId":7544440}},"BbhexP6bRBsykuKlZ+tbbl/DXKIeyORpNQAdLoEsqHwQ":{"registrationId":1139829200,"currentRatchet":{"ephemeralKeyPair":{"pubKey":"BWiPaI7yyxnwlaC6zZqceruQhqjVd7pn/hM5LFGIiL0x","privKey":"aNLWsvrKfD+P+gcm8zHEaLVf2ZTsRtwIMMFJhzgOl2c="},"lastRemoteEphemeralKey":"BXi9RcqMV5XyuePedaDwlJvdI/OY7sPo+ElpBRvxDhx8","previousCounter":0,"rootKey":"j6YyLQPoa1y87ilMwj2Vq3bXLvvEfTK+zBI8DoAxfPI="},"indexInfo":{"baseKey":"BbhexP6bRBsykuKlZ+tbbl/DXKIeyORpNQAdLoEsqHwQ","baseKeyType":1,"closed":-1,"used":1715769541357,"created":1715769541357,"remoteIdentityKey":"BdErdOkWb4reUrSP33CLsy5SOOaga7IAM3H/0qgA+NlT"},"_chains":{"BWiPaI7yyxnwlaC6zZqceruQhqjVd7pn/hM5LFGIiL0x":{"chainKey":{"counter":-1,"key":"zlk1R1W78CuSWxbCQYdMsb74qXQ3DsPTkkvoUuYVl3I="},"chainType":1,"messageKeys":{}}},"pendingPreKey":{"signedKeyId":4,"baseKey":"BbhexP6bRBsykuKlZ+tbbl/DXKIeyORpNQAdLoEsqHwQ","preKeyId":7545194}}},"version":"v1"}