{"_sessions":{"BRiJCgF76AdBNeVzsW7XWuAFeL2Goo2OjObnZpkqXsVk":{"registrationId":281122107,"currentRatchet":{"ephemeralKeyPair":{"pubKey":"BetoccoJPtEoSQ6LJ0Xzv/1lAp9aqK/oBg/jDPcr6iUQ","privKey":"wHnPDM63vhrlZIM0Nkn9qTkMt6s4qYX9uaqx5zEyWnw="},"lastRemoteEphemeralKey":"BaOcENM/AoiaVOYqQ3qzUzkHM94CjUgdLFKI9Nx7qE0S","previousCounter":0,"rootKey":"3KlE/DXbcltoO0wvKk2qBr+7CEMwS+m1e1X/L30bJKQ="},"indexInfo":{"baseKey":"BRiJCgF76AdBNeVzsW7XWuAFeL2Goo2OjObnZpkqXsVk","baseKeyType":1,"closed":-1,"used":1715769138529,"created":1715769138529,"remoteIdentityKey":"BQ37ph2C9IlcaFvXc0r4w0DocpYZ4TcxZwkTa82kvtgs"},"_chains":{"BetoccoJPtEoSQ6LJ0Xzv/1lAp9aqK/oBg/jDPcr6iUQ":{"chainKey":{"counter":0,"key":"aImX1DF6+nXBv+aMUAjM66oE6eT/hvdgw1ok5if5arg="},"chainType":1,"messageKeys":{}}},"pendingPreKey":{"signedKeyId":0,"baseKey":"BRiJCgF76AdBNeVzsW7XWuAFeL2Goo2OjObnZpkqXsVk"}}},"version":"v1"}