{"_sessions":{"BQUoiZ2X+x5V4ri1N4N7TEF8oklfWJKVcxvFtC8VV3Mr":{"registrationId":12795,"currentRatchet":{"ephemeralKeyPair":{"pubKey":"BagAPHa0nKKI7ohSsEnBMnqmoSCeLTUWimqCi0dKRNYV","privKey":"QDUPhIpQhPGvg4tbLG4tJWsgwTlPn2RNuf5jO3I3+EM="},"lastRemoteEphemeralKey":"BfLqxhgG63MMqYXmEbgkuYrEKVuujH5+rn8CkAgNjcdr","previousCounter":0,"rootKey":"HtE4HlZt1Qy2WjMEeiuAS6YKx8N/thNe5YK7GlBRvLI="},"indexInfo":{"baseKey":"BQUoiZ2X+x5V4ri1N4N7TEF8oklfWJKVcxvFtC8VV3Mr","baseKeyType":1,"closed":-1,"used":1715769138291,"created":1715769138291,"remoteIdentityKey":"BVY4pFNujyGLTadK41Bqd858Kvf7CkHNTotOd49cSKg7"},"_chains":{"BagAPHa0nKKI7ohSsEnBMnqmoSCeLTUWimqCi0dKRNYV":{"chainKey":{"counter":0,"key":"668WYuEFdtBlPgBcDyuKi2kaj/PUwthDTCh4+yHYniw="},"chainType":1,"messageKeys":{}}},"pendingPreKey":{"signedKeyId":1,"baseKey":"BQUoiZ2X+x5V4ri1N4N7TEF8oklfWJKVcxvFtC8VV3Mr"}}},"version":"v1"}