{"_sessions":{"BX6kWrBxSjZEQ10nOMgEn3RFV4GuPWjvpeCuQ9Cz25Fk":{"registrationId":1210177378,"currentRatchet":{"ephemeralKeyPair":{"pubKey":"BdRuD8DMMELrdID/YQUVldAEpYaXZCjgSzrvPx5EGZ4l","privKey":"wKwltUcYH1v1Zw0EufS0Y0N2kq951F56JRsLYCR1K1c="},"lastRemoteEphemeralKey":"BXiTeqOi+sc5quM/0oAxWaD1gVdS5oZNdMfErEUolDwT","previousCounter":0,"rootKey":"vgwwOt+HyePLFD6rgCaqnLFjuOClp2KL6MwDVC4p/CQ="},"indexInfo":{"baseKey":"BX6kWrBxSjZEQ10nOMgEn3RFV4GuPWjvpeCuQ9Cz25Fk","baseKeyType":1,"closed":1715769531190,"used":1715769138653,"created":1715769138653,"remoteIdentityKey":"BeGp6CzF4I+qmL+6U2+aK3r6t5V3FIs3sU2N4D4ZRScQ"},"_chains":{"BdRuD8DMMELrdID/YQUVldAEpYaXZCjgSzrvPx5EGZ4l":{"chainKey":{"counter":0,"key":"GkBR5hwhzku2ABZmHQd0af0/AqDUpU5BcYKr34Hw5do="},"chainType":1,"messageKeys":{}}},"pendingPreKey":{"signedKeyId":0,"baseKey":"BX6kWrBxSjZEQ10nOMgEn3RFV4GuPWjvpeCuQ9Cz25Fk","preKeyId":5110205}},"BSKlDx0nHQ9l7b+Sx8tpxQp+y6xgVBZE/HmQtzs+92xz":{"registrationId":1210177378,"currentRatchet":{"ephemeralKeyPair":{"pubKey":"BV2pYTZcV+Kvj9Nu8bnZqVVTqsdAJb+WZPoqLxSVlyB7","privKey":"2Gbn7++Ei8xMkV4/AuyVUTuuoyxIntLtyHd2W+dt8FM="},"lastRemoteEphemeralKey":"BXiTeqOi+sc5quM/0oAxWaD1gVdS5oZNdMfErEUolDwT","previousCounter":0,"rootKey":"WgsA+Y6p0U3yTCGWbDKmLbE/MSLq+IENUXkt1hR4dmM="},"indexInfo":{"baseKey":"BSKlDx0nHQ9l7b+Sx8tpxQp+y6xgVBZE/HmQtzs+92xz","baseKeyType":1,"closed":1715769543380,"used":1715769531184,"created":1715769531184,"remoteIdentityKey":"BeGp6CzF4I+qmL+6U2+aK3r6t5V3FIs3sU2N4D4ZRScQ"},"_chains":{"BV2pYTZcV+Kvj9Nu8bnZqVVTqsdAJb+WZPoqLxSVlyB7":{"chainKey":{"counter":-1,"key":"XKnimnSr4M666kZ6uEb/xoZYfs3CFw0EI/brlK1atb0="},"chainType":1,"messageKeys":{}}},"pendingPreKey":{"signedKeyId":0,"baseKey":"BSKlDx0nHQ9l7b+Sx8tpxQp+y6xgVBZE/HmQtzs+92xz","preKeyId":5110040}},"BUnffd2RUGTQssW8IriJGCsH/iI/L/o2eG9kAlKlR54H":{"registrationId":1210177378,"currentRatchet":{"ephemeralKeyPair":{"pubKey":"BedoYDjI1auj+gAWsvUO4btgQ5D7Vv8HK6/X17SALFVc","privKey":"uOtJjsYSO7bUune2fi+Ol+R5ivhVAOfmtsXI+dJCZEM="},"lastRemoteEphemeralKey":"BXiTeqOi+sc5quM/0oAxWaD1gVdS5oZNdMfErEUolDwT","previousCounter":0,"rootKey":"5SCiSIDNud+tRgfdBIfinAwm58WXL82G76b3UTEjXu4="},"indexInfo":{"baseKey":"BUnffd2RUGTQssW8IriJGCsH/iI/L/o2eG9kAlKlR54H","baseKeyType":1,"closed":1715769565729,"used":1715769543372,"created":1715769543372,"remoteIdentityKey":"BeGp6CzF4I+qmL+6U2+aK3r6t5V3FIs3sU2N4D4ZRScQ"},"_chains":{"BedoYDjI1auj+gAWsvUO4btgQ5D7Vv8HK6/X17SALFVc":{"chainKey":{"counter":-1,"key":"7HYIc8lStXX5hZ7Ai341tJwF3XkBYw9jBYsbWS5bxJc="},"chainType":1,"messageKeys":{}}},"pendingPreKey":{"signedKeyId":0,"baseKey":"BUnffd2RUGTQssW8IriJGCsH/iI/L/o2eG9kAlKlR54H","preKeyId":5110218}},"BXVlTollGbU6UsIzHkBkbneiMK9OzdrzY3bUeyChChFz":{"registrationId":1210177378,"currentRatchet":{"ephemeralKeyPair":{"pubKey":"BZn5ErEZc4CyT5s8QecN213WUVUZ5w/hRuREmdjVqm4T","privKey":"ADv1KpmXF5NrBNcpSKhvb9By7iMsYh6+v1wmlFjH4H0="},"lastRemoteEphemeralKey":"BXiTeqOi+sc5quM/0oAxWaD1gVdS5oZNdMfErEUolDwT","previousCounter":0,"rootKey":"1vgTjdNQeD7hEmpm6LQjYCbJGKq7QxYk1jQvCzGY4w4="},"indexInfo":{"baseKey":"BXVlTollGbU6UsIzHkBkbneiMK9OzdrzY3bUeyChChFz","baseKeyType":1,"closed":1715769566062,"used":1715769565724,"created":1715769565724,"remoteIdentityKey":"BeGp6CzF4I+qmL+6U2+aK3r6t5V3FIs3sU2N4D4ZRScQ"},"_chains":{"BZn5ErEZc4CyT5s8QecN213WUVUZ5w/hRuREmdjVqm4T":{"chainKey":{"counter":-1,"key":"u2HdcAgrxLt9XzdRtK0c17l+5gfAjbye9m79qLSYpnA="},"chainType":1,"messageKeys":{}}},"pendingPreKey":{"signedKeyId":0,"baseKey":"BXVlTollGbU6UsIzHkBkbneiMK9OzdrzY3bUeyChChFz","preKeyId":5110143}},"BTIGRI+zkaPXtXFgppUWJFyFTPGM312xBWXobsxm5I1p":{"registrationId":1210177378,"currentRatchet":{"ephemeralKeyPair":{"pubKey":"BT9C+VYQFnt/8obH4/T3fFqM+u6nDyLSyGgkZbweZXsH","privKey":"YIsWTjjdfA/dQjX6JKZYX15yhFBvo7M77U10jobOTlw="},"lastRemoteEphemeralKey":"BXiTeqOi+sc5quM/0oAxWaD1gVdS5oZNdMfErEUolDwT","previousCounter":0,"rootKey":"RU7PI+c9LJYWQsF6xaIifZvP1H23G9a/hfhoGZKAoUA="},"indexInfo":{"baseKey":"BTIGRI+zkaPXtXFgppUWJFyFTPGM312xBWXobsxm5I1p","baseKeyType":1,"closed":-1,"used":1715769566057,"created":1715769566057,"remoteIdentityKey":"BeGp6CzF4I+qmL+6U2+aK3r6t5V3FIs3sU2N4D4ZRScQ"},"_chains":{"BT9C+VYQFnt/8obH4/T3fFqM+u6nDyLSyGgkZbweZXsH":{"chainKey":{"counter":-1,"key":"GHkOX9Z+dyVmqTpPp+KZp14gJY7Lt6WB5Xtz2nKbc8I="},"chainType":1,"messageKeys":{}}},"pendingPreKey":{"signedKeyId":0,"baseKey":"BTIGRI+zkaPXtXFgppUWJFyFTPGM312xBWXobsxm5I1p","preKeyId":5109981}}},"version":"v1"}