{"_sessions":{"BQ6VpeVDJhx00e1KQ9NiCEGbMZkdOn35kWf4LzTLYbpP":{"registrationId":846617910,"currentRatchet":{"ephemeralKeyPair":{"pubKey":"Baurm/Fae6DosEWZZZRCJ7mRSMF3XodlE8Jkr6Wwqzsy","privKey":"0F30zgqRgUBkCnsxVG/8ohv8qHDhqHwWJNinwJgZpWI="},"lastRemoteEphemeralKey":"BZGeTmjtnW/Itkwo4luYbwJSBxebigIwTVDsAHa6US8E","previousCounter":0,"rootKey":"YO7lqtcbvX8is4NsgIkedjU0wBIMGUMFOoflJ6WJjbs="},"indexInfo":{"baseKey":"BQ6VpeVDJhx00e1KQ9NiCEGbMZkdOn35kWf4LzTLYbpP","baseKeyType":1,"closed":-1,"used":1715769379023,"created":1715769002567,"remoteIdentityKey":"BXsTBrq61yOPm5GPylSd7y03zWUSXznH/P8kR6JfziZO"},"_chains":{"Bfbh+LLIlW22p8ZdO1TapHtvwIPJwE0HNLknGoIORKIt":{"chainKey":{"counter":0},"chainType":2,"messageKeys":{}},"Bd+bcWgQZldwiZrPkF/ZgvOvA0Aj++P5GzA/jtpIrioS":{"chainKey":{"counter":2},"chainType":2,"messageKeys":{}},"BXad0uf/2c+0EU1k+SqyheOUs2okFkVXC9cRuTj/6uwY":{"chainKey":{"counter":0},"chainType":2,"messageKeys":{}},"BbodcAxIQy6btNweyzN56rlPQ0rytGGl3Ihw0UA7xw9+":{"chainKey":{"counter":2},"chainType":2,"messageKeys":{}},"BU37Xu2+PBYwoisx5QtpYPHlRgi8wG3Y7bmuu6qn1nRc":{"chainKey":{"counter":0},"chainType":2,"messageKeys":{}},"BdpZvj4ACv/IiayJwVI2Js2NX2NmgEIHcxUzyd58UUMJ":{"chainKey":{"counter":0},"chainType":2,"messageKeys":{}},"BYQ6/1wvZbA/0xRjAluwO8rkbSXSpEMyB86DEJhb76cq":{"chainKey":{"counter":0},"chainType":2,"messageKeys":{}},"BaXgGBmb/fotXPQXgN+SsT+/bZcd6oFO5p9oRXmkGmo7":{"chainKey":{"counter":0},"chainType":2,"messageKeys":{}},"BZGeTmjtnW/Itkwo4luYbwJSBxebigIwTVDsAHa6US8E":{"chainKey":{"counter":0,"key":"ZNPdn1vy9VDLSVTrKfUtkAckkq7Ox0mPkR6dw9GD8UY="},"chainType":2,"messageKeys":{}},"Baurm/Fae6DosEWZZZRCJ7mRSMF3XodlE8Jkr6Wwqzsy":{"chainKey":{"counter":0,"key":"AJUxipSdH2lrLLtiKpevCdhHZuxCaIUFWwp3vMFitg0="},"chainType":1,"messageKeys":{}}}}},"version":"v1"}