{"_sessions":{"BSgVvzVFrA77y21OvMv1HjpgdQKh+9XHW5pDMKXZ3nln":{"registrationId":718967478,"currentRatchet":{"ephemeralKeyPair":{"pubKey":"BUL3M5CsR8z6w+MrlqXZQQQT/AJX9m/IaMZQLO6mGJ9b","privKey":"SMeGKy4kIA55HmrHPzbOskWtImRJpkaJk1JcKQ6qYWU="},"lastRemoteEphemeralKey":"BaQqEf7enCjfNUUHMeIqLfE2MZ8kq1ULPCH/MHwcMt0x","previousCounter":0,"rootKey":"bJqZ0XGEX74x4oH3mE5QjDD2NswKVSVgPuS6omzZ1DQ="},"indexInfo":{"baseKey":"BSgVvzVFrA77y21OvMv1HjpgdQKh+9XHW5pDMKXZ3nln","baseKeyType":1,"closed":1715769555197,"used":1715769138573,"created":1715769138573,"remoteIdentityKey":"BdehYxmtphII2Osv0SpGKOoA4Oj/zUt9mP0kb2oS4BwQ"},"_chains":{"BUL3M5CsR8z6w+MrlqXZQQQT/AJX9m/IaMZQLO6mGJ9b":{"chainKey":{"counter":0,"key":"a9gcTKL8H+uu0EpKs3bPcxWQ8eppgl5VWTDZX+htmFo="},"chainType":1,"messageKeys":{}}},"pendingPreKey":{"signedKeyId":2,"baseKey":"BSgVvzVFrA77y21OvMv1HjpgdQKh+9XHW5pDMKXZ3nln","preKeyId":11059704}},"BUw3s0XgI2V53G5Voo0QLuNcA5I+33VN1CeYd8HC2Wc/":{"registrationId":718967478,"currentRatchet":{"ephemeralKeyPair":{"pubKey":"BZ2A2y+MBBVNii9C14BZAY/Lnpj0MY8JeGjkdETz44hG","privKey":"MAZf1Mn95m9JiiRpPM8rm8SaykT9tGA8mGOeor5t+kI="},"lastRemoteEphemeralKey":"BaQqEf7enCjfNUUHMeIqLfE2MZ8kq1ULPCH/MHwcMt0x","previousCounter":0,"rootKey":"k4mdHxV+U3QdrVPNfkk3iChe/FWuukbrJUAodvLbYPc="},"indexInfo":{"baseKey":"BUw3s0XgI2V53G5Voo0QLuNcA5I+33VN1CeYd8HC2Wc/","baseKeyType":1,"closed":1715769556101,"used":1715769555191,"created":1715769555191,"remoteIdentityKey":"BdehYxmtphII2Osv0SpGKOoA4Oj/zUt9mP0kb2oS4BwQ"},"_chains":{"BZ2A2y+MBBVNii9C14BZAY/Lnpj0MY8JeGjkdETz44hG":{"chainKey":{"counter":-1,"key":"QYVHUbLzxB4cluQJCDvcrDYF1+c9WtoNVW2A/jWL9T0="},"chainType":1,"messageKeys":{}}},"pendingPreKey":{"signedKeyId":2,"baseKey":"BUw3s0XgI2V53G5Voo0QLuNcA5I+33VN1CeYd8HC2Wc/","preKeyId":11060416}},"BeeyExUEhAdPzTLD4unG1MVUY2olyE7xzReCYvyicPQe":{"registrationId":718967478,"currentRatchet":{"ephemeralKeyPair":{"pubKey":"BVi+gHPaQMk0wJd9byQIzYk5T7bOk3g+/ZlDMTvY5Vpw","privKey":"WMjJpyzBO3SH+LqKA+gnKKXW7WsDSDE6Taq5/j4yoF0="},"lastRemoteEphemeralKey":"BaQqEf7enCjfNUUHMeIqLfE2MZ8kq1ULPCH/MHwcMt0x","previousCounter":0,"rootKey":"hM9aM1jrdLbxvhcKXq0Jw67Mm7Y6qY7JjOSjzv7ckEk="},"indexInfo":{"baseKey":"BeeyExUEhAdPzTLD4unG1MVUY2olyE7xzReCYvyicPQe","baseKeyType":1,"closed":-1,"used":1715769556096,"created":1715769556096,"remoteIdentityKey":"BdehYxmtphII2Osv0SpGKOoA4Oj/zUt9mP0kb2oS4BwQ"},"_chains":{"BVi+gHPaQMk0wJd9byQIzYk5T7bOk3g+/ZlDMTvY5Vpw":{"chainKey":{"counter":-1,"key":"6QT2qnFsr/REF6JcoE4ndxHzDYn4vyPdDaNtDBM1JbU="},"chainType":1,"messageKeys":{}}},"pendingPreKey":{"signedKeyId":2,"baseKey":"BeeyExUEhAdPzTLD4unG1MVUY2olyE7xzReCYvyicPQe","preKeyId":11060449}}},"version":"v1"}