{"_sessions":{"BZnLr6Dh42dzsgaqaF9UISCJdqnUD6sRXeXCMTeSb+Ne":{"registrationId":995643585,"currentRatchet":{"ephemeralKeyPair":{"pubKey":"BXTrxqDnXM3n8n/AjtLQKnFF7URzawYXsIdCQ1J0YTx6","privKey":"8Bb0zOfUZZslD+KF4LlxclAzPr//Daac84G/NyLz9GA="},"lastRemoteEphemeralKey":"BUkkyBucqxeYTGVYtPiRTUzZyjx/4bSFcv9qcBDjJ0Qy","previousCounter":0,"rootKey":"7zH3bIALJWHoHP9HwtoCXasVY4OzrahUch0PYoPJnKQ="},"indexInfo":{"baseKey":"BZnLr6Dh42dzsgaqaF9UISCJdqnUD6sRXeXCMTeSb+Ne","baseKeyType":1,"closed":-1,"used":1715769138729,"created":1715769138729,"remoteIdentityKey":"BVnEDlRORqT/fXVZ5jdkmnPuHNxsApmRAVlf3/+bHawa"},"_chains":{"BXTrxqDnXM3n8n/AjtLQKnFF7URzawYXsIdCQ1J0YTx6":{"chainKey":{"counter":0,"key":"bdIcAyYaI5Cjq0yaPkx6ocYWCa668EIubl7vvIWRMOw="},"chainType":1,"messageKeys":{}}},"pendingPreKey":{"signedKeyId":0,"baseKey":"BZnLr6Dh42dzsgaqaF9UISCJdqnUD6sRXeXCMTeSb+Ne"}}},"version":"v1"}