{"_sessions":{"BQ2QGKf/zQCPCqlU7m/ul3e6IimBWMRBF+KX7sYqv4RD":{"registrationId":220,"currentRatchet":{"ephemeralKeyPair":{"pubKey":"BTA4Ll0hj0FxuGIS8zL8krNGZlK7Mm0QcPKpULrhlgUI","privKey":"eGqJ1a93yDHXzYs/RwmQ6HTPDYXWIk5fXPGLuOkEmH4="},"lastRemoteEphemeralKey":"BTHFaXqRE5EhfGNioK3FTTeiH8JgYTLh3KVF7qBRJVws","previousCounter":0,"rootKey":"apVKUVzVK7yY9wW4M6m1obeISV9SJPaD8cG7R5YLO7I="},"indexInfo":{"baseKey":"BQ2QGKf/zQCPCqlU7m/ul3e6IimBWMRBF+KX7sYqv4RD","baseKeyType":1,"closed":-1,"used":1715769138273,"created":1715769138273,"remoteIdentityKey":"BUtgW5b82+dgXAdc/qoelYqPM3PtSEllmh+JxanHEMF6"},"_chains":{"BTA4Ll0hj0FxuGIS8zL8krNGZlK7Mm0QcPKpULrhlgUI":{"chainKey":{"counter":0,"key":"O5AXC8tx77GJGQZltOl9+WSVW38JHz0A8hGieR4LJ4s="},"chainType":1,"messageKeys":{}}},"pendingPreKey":{"signedKeyId":1,"baseKey":"BQ2QGKf/zQCPCqlU7m/ul3e6IimBWMRBF+KX7sYqv4RD"}}},"version":"v1"}