{"_sessions":{"BVnENJDoWrwh9rimC+Hwr7zlVPyKvUa0J6m6lkxPnNJx":{"registrationId":123115311,"currentRatchet":{"ephemeralKeyPair":{"pubKey":"BdYwsox+e617Dwfg+rh1WlK3vzv3UrAdNeNGlJz2rax7","privKey":"EGdnRpmK+5b6tdmf/OSy8r+aHgVJF/8C5RczZkFIHHc="},"lastRemoteEphemeralKey":"BaiUqeadWr2yaNJaS7VONdjleeZstKrcLdwGIjuPthc5","previousCounter":0,"rootKey":"vm37XP/y5yfK04gORVf644qBJGT1RTU3SfFz8jSRZCE="},"indexInfo":{"baseKey":"BVnENJDoWrwh9rimC+Hwr7zlVPyKvUa0J6m6lkxPnNJx","baseKeyType":1,"closed":-1,"used":1715769138756,"created":1715769138756,"remoteIdentityKey":"Bef0sEfpzPT1tWb6AJTTFlGOnidmffUqbUGKX2xZbaRi"},"_chains":{"BdYwsox+e617Dwfg+rh1WlK3vzv3UrAdNeNGlJz2rax7":{"chainKey":{"counter":0,"key":"rcrjBQ1wF/b+xla1mLCI4jHQssTB+qaKx9jXeN7gJkU="},"chainType":1,"messageKeys":{}}},"pendingPreKey":{"signedKeyId":5,"baseKey":"BVnENJDoWrwh9rimC+Hwr7zlVPyKvUa0J6m6lkxPnNJx","preKeyId":3799022}}},"version":"v1"}