{"_sessions":{"BXeuix4HkuRu1acyaQ2TQyX6kyXGr1LlYJca1UjnRL9u":{"registrationId":792957808,"currentRatchet":{"ephemeralKeyPair":{"pubKey":"BQlRZbQSul8UlyqQF9eFKaV9PKjLyGSUy2kloQisMVMN","privKey":"qCG52sF4vAceZnts+d0hcbZGLwz9P1ggluU+nETK900="},"lastRemoteEphemeralKey":"Bd5W77bznwryi4278mK25Cd0U/flHQwtMzNcEnUJjkQ7","previousCounter":0,"rootKey":"Z4O3XqbE1jxcJohoncq1/EEkGTveFYmQPkTXjJUhwXw="},"indexInfo":{"baseKey":"BXeuix4HkuRu1acyaQ2TQyX6kyXGr1LlYJca1UjnRL9u","baseKeyType":1,"closed":1715769529909,"used":1715769138767,"created":1715769138767,"remoteIdentityKey":"BUKEGJg+IhH8fPyrKjFx4NXcvCMfxJ33ttXWlN11N5JL"},"_chains":{"BQlRZbQSul8UlyqQF9eFKaV9PKjLyGSUy2kloQisMVMN":{"chainKey":{"counter":0,"key":"yT5XxNWUO+rQNPu8QwEB04RX4UUzbLV64JdDMItZeWk="},"chainType":1,"messageKeys":{}}},"pendingPreKey":{"signedKeyId":29,"baseKey":"BXeuix4HkuRu1acyaQ2TQyX6kyXGr1LlYJca1UjnRL9u","preKeyId":14395419}},"BZvDVEMoqzz6y12tN8S6f53cHz3JBIB91q4+daKiTp1g":{"registrationId":792957808,"currentRatchet":{"ephemeralKeyPair":{"pubKey":"BcCy5EhIGh0NF7Tt4h0eTdqkGX8n3VKQpFVH8XJa0Z8j","privKey":"aChjFpXHdrnTGwurWclj4rVyZdj5/FESq6kmyqbBgnk="},"lastRemoteEphemeralKey":"Bd5W77bznwryi4278mK25Cd0U/flHQwtMzNcEnUJjkQ7","previousCounter":0,"rootKey":"qW8RlJQZLJJagedquiVfUtK80Wh6JQOypUXh4Ph1Xis="},"indexInfo":{"baseKey":"BZvDVEMoqzz6y12tN8S6f53cHz3JBIB91q4+daKiTp1g","baseKeyType":1,"closed":1715769546153,"used":1715769529904,"created":1715769529904,"remoteIdentityKey":"BUKEGJg+IhH8fPyrKjFx4NXcvCMfxJ33ttXWlN11N5JL"},"_chains":{"BcCy5EhIGh0NF7Tt4h0eTdqkGX8n3VKQpFVH8XJa0Z8j":{"chainKey":{"counter":-1,"key":"zhiyNOwy+wTmp4k+nyLczP0U05Im3GTMjz0Pbe3qIkM="},"chainType":1,"messageKeys":{}}},"pendingPreKey":{"signedKeyId":29,"baseKey":"BZvDVEMoqzz6y12tN8S6f53cHz3JBIB91q4+daKiTp1g","preKeyId":14395861}},"BQnc/c4VGfeD26jSwKkq83ADn60eZqpvD6ic1RFiKbkw":{"registrationId":792957808,"currentRatchet":{"ephemeralKeyPair":{"pubKey":"BVo+XJl5J/U30PD8uLLPyHptX6wy+8C6T4rjsMTKAehz","privKey":"ODewGRdez2/241qqCpdeRnZsMQE1XjbQyGeKKNHzSUI="},"lastRemoteEphemeralKey":"Bd5W77bznwryi4278mK25Cd0U/flHQwtMzNcEnUJjkQ7","previousCounter":0,"rootKey":"XlhQo6mdEE74TvyR2TJ7RnU6JLEeSJ+DQzb9MV0KK8M="},"indexInfo":{"baseKey":"BQnc/c4VGfeD26jSwKkq83ADn60eZqpvD6ic1RFiKbkw","baseKeyType":1,"closed":-1,"used":1715769546148,"created":1715769546148,"remoteIdentityKey":"BUKEGJg+IhH8fPyrKjFx4NXcvCMfxJ33ttXWlN11N5JL"},"_chains":{"BVo+XJl5J/U30PD8uLLPyHptX6wy+8C6T4rjsMTKAehz":{"chainKey":{"counter":-1,"key":"/g8AVsMUyrWhqI7ZmSb/GB1nsoj4IfzPUzS15Sb1F5Y="},"chainType":1,"messageKeys":{}}},"pendingPreKey":{"signedKeyId":29,"baseKey":"BQnc/c4VGfeD26jSwKkq83ADn60eZqpvD6ic1RFiKbkw","preKeyId":14395396}}},"version":"v1"}