{"_sessions":{"BW8pMFbDVJeb4HE74Pjm512krnNtAyXhHDv3Fd7SvtdZ":{"registrationId":1505559963,"currentRatchet":{"ephemeralKeyPair":{"pubKey":"BW/BHx3PmwrZt4JwWtD8iudlznjZXouUWaF6XNwqd/Vb","privKey":"kFKDhZ4oP7uZMiEwOKoKiXXygnvcHL5mBQvpxVBABl4="},"lastRemoteEphemeralKey":"BSK6a/TadpmEGzdQjkWj8kVbd7J/8lwKCWV5/VgZiPd3","previousCounter":0,"rootKey":"4U6hReUOjps/He6UuGQeKgryil4dOXSGEQrywczdaTg="},"indexInfo":{"baseKey":"BW8pMFbDVJeb4HE74Pjm512krnNtAyXhHDv3Fd7SvtdZ","baseKeyType":1,"closed":1715769531815,"used":1715769138774,"created":1715769138774,"remoteIdentityKey":"BYYIEueyUH1yR4daoSH2BteVG0WemnkYIPjHF1VPyMgP"},"_chains":{"BW/BHx3PmwrZt4JwWtD8iudlznjZXouUWaF6XNwqd/Vb":{"chainKey":{"counter":0,"key":"OIL8fht21t5bPclnMzAXSkYR2tZYJUIU8BwcEkap8ms="},"chainType":1,"messageKeys":{}}},"pendingPreKey":{"signedKeyId":2,"baseKey":"BW8pMFbDVJeb4HE74Pjm512krnNtAyXhHDv3Fd7SvtdZ","preKeyId":1110246}},"Bd7nRHZDCoIx5Aq6lfGyB927bmILaFqANDdHV96FiR8+":{"registrationId":1505559963,"currentRatchet":{"ephemeralKeyPair":{"pubKey":"BYk8EdBW23GYlPGAEcgKAT4iYYtL87KQWeE7Rd9uheV7","privKey":"eInGWWiHsBmfxziLJkNjiRdn+C0MMdk579XEoCBHr3w="},"lastRemoteEphemeralKey":"BSK6a/TadpmEGzdQjkWj8kVbd7J/8lwKCWV5/VgZiPd3","previousCounter":0,"rootKey":"Vr8IOKLPIoFwOvVY6TvZJ01DZ6hZj/PdYZc7A74MnGA="},"indexInfo":{"baseKey":"Bd7nRHZDCoIx5Aq6lfGyB927bmILaFqANDdHV96FiR8+","baseKeyType":1,"closed":1715769547114,"used":1715769531810,"created":1715769531810,"remoteIdentityKey":"BYYIEueyUH1yR4daoSH2BteVG0WemnkYIPjHF1VPyMgP"},"_chains":{"BYk8EdBW23GYlPGAEcgKAT4iYYtL87KQWeE7Rd9uheV7":{"chainKey":{"counter":-1,"key":"9GdWqdio9AvRaiPW05QCxwWnapxc3jjqk7Rqegau0ow="},"chainType":1,"messageKeys":{}}},"pendingPreKey":{"signedKeyId":2,"baseKey":"Bd7nRHZDCoIx5Aq6lfGyB927bmILaFqANDdHV96FiR8+","preKeyId":1110322}},"BRoryUIqAF3N1L/S4E7JGeajEW/Z3d9TwB13KnY01J5Y":{"registrationId":1505559963,"currentRatchet":{"ephemeralKeyPair":{"pubKey":"BUiUHoCJSNHA4teKnXajyvhg/uBwVFAWEnhPWLSyZXFw","privKey":"EO6oknWqgb/ahfBBG9UN59CQugawtuxBQ4V7OBfUGG4="},"lastRemoteEphemeralKey":"BSK6a/TadpmEGzdQjkWj8kVbd7J/8lwKCWV5/VgZiPd3","previousCounter":0,"rootKey":"tE7/F6lqSTHZ8+URtnFfuXxZ5O7G18wPm6D59wFqHuc="},"indexInfo":{"baseKey":"BRoryUIqAF3N1L/S4E7JGeajEW/Z3d9TwB13KnY01J5Y","baseKeyType":1,"closed":-1,"used":1715769547102,"created":1715769547102,"remoteIdentityKey":"BYYIEueyUH1yR4daoSH2BteVG0WemnkYIPjHF1VPyMgP"},"_chains":{"BUiUHoCJSNHA4teKnXajyvhg/uBwVFAWEnhPWLSyZXFw":{"chainKey":{"counter":-1,"key":"4gPVkNq3mUia8cCYqocYUn5jM/BUQ5MOD7tc4uz7VL4="},"chainType":1,"messageKeys":{}}},"pendingPreKey":{"signedKeyId":2,"baseKey":"BRoryUIqAF3N1L/S4E7JGeajEW/Z3d9TwB13KnY01J5Y","preKeyId":1110982}}},"version":"v1"}