{"_sessions":{"BQAI9NMfY4+M0WQTRxviKs6eXzVaoXbw3w5vhu7gKfU4":{"registrationId":932795769,"currentRatchet":{"ephemeralKeyPair":{"pubKey":"BSSTMMC/m/4BAYzWXsiB2Ijl/lu3Rw8hfFzTz42NZ3Yl","privKey":"UKDPSSYWXXBID+kFR0nU+LMu/jBVoZD5Ui4Zx4T56EQ="},"lastRemoteEphemeralKey":"BTMxIn+JXIdX7kzWyPN+Fmlq/m3HhfDkX837vYrwP95y","previousCounter":0,"rootKey":"Eb6Sy94Z3gdHIep1scgqXGd9vgy41W9jPC7JX8mrnO8="},"indexInfo":{"baseKey":"BQAI9NMfY4+M0WQTRxviKs6eXzVaoXbw3w5vhu7gKfU4","baseKeyType":1,"closed":1715769540773,"used":1715769138657,"created":1715769138657,"remoteIdentityKey":"BR745UZYS0WfA92t+soc+OQh0nxk9Xc+l2iqIUImaeFv"},"_chains":{"BSSTMMC/m/4BAYzWXsiB2Ijl/lu3Rw8hfFzTz42NZ3Yl":{"chainKey":{"counter":0,"key":"2xdWoBiZSGQu19/GZutiUfgX0NIXgS9jyNpWDGfW2ww="},"chainType":1,"messageKeys":{}}},"pendingPreKey":{"signedKeyId":0,"baseKey":"BQAI9NMfY4+M0WQTRxviKs6eXzVaoXbw3w5vhu7gKfU4","preKeyId":1361849}},"BVwsNhoC6cCJmkr2pMHAIirBHPTZ4NKjrlHgstsemMwj":{"registrationId":932795769,"currentRatchet":{"ephemeralKeyPair":{"pubKey":"BbVt9dmRnhXDJUANMBy0Yh2/LLS/1tJF0XRjRIN7Z2U0","privKey":"mIM5MohRMret5XuHiDW3oDxWm2Ej2uoGy1XUj1u6gXQ="},"lastRemoteEphemeralKey":"BTMxIn+JXIdX7kzWyPN+Fmlq/m3HhfDkX837vYrwP95y","previousCounter":0,"rootKey":"4pPi+oQvh5f9oNshVCZGy5ceJhQKpoeynrFVxaAUEmE="},"indexInfo":{"baseKey":"BVwsNhoC6cCJmkr2pMHAIirBHPTZ4NKjrlHgstsemMwj","baseKeyType":1,"closed":1715769544943,"used":1715769540768,"created":1715769540768,"remoteIdentityKey":"BR745UZYS0WfA92t+soc+OQh0nxk9Xc+l2iqIUImaeFv"},"_chains":{"BbVt9dmRnhXDJUANMBy0Yh2/LLS/1tJF0XRjRIN7Z2U0":{"chainKey":{"counter":-1,"key":"dGPAcoACBsNVZv1qUrSFHttYGNwa7+vq/iQHnXL5N/4="},"chainType":1,"messageKeys":{}}},"pendingPreKey":{"signedKeyId":0,"baseKey":"BVwsNhoC6cCJmkr2pMHAIirBHPTZ4NKjrlHgstsemMwj","preKeyId":1361831}},"Besb/n9+257nzSl/QfzIEtBdpG/DofbxMzHaL5DQVA9/":{"registrationId":932795769,"currentRatchet":{"ephemeralKeyPair":{"pubKey":"BaD8BOrbr5ue6K3sUYc7lFJhxsaOarTSqQ0+tjwawfUJ","privKey":"sAtr8E3BikP6Hxs5KwFyu6zTCDo9bMX89SIOoY72L0A="},"lastRemoteEphemeralKey":"BTMxIn+JXIdX7kzWyPN+Fmlq/m3HhfDkX837vYrwP95y","previousCounter":0,"rootKey":"3xVZsEngjy3QvGsn9mBAXCnBR9I00DTjq0AGkObkCc0="},"indexInfo":{"baseKey":"Besb/n9+257nzSl/QfzIEtBdpG/DofbxMzHaL5DQVA9/","baseKeyType":1,"closed":-1,"used":1715769544937,"created":1715769544937,"remoteIdentityKey":"BR745UZYS0WfA92t+soc+OQh0nxk9Xc+l2iqIUImaeFv"},"_chains":{"BaD8BOrbr5ue6K3sUYc7lFJhxsaOarTSqQ0+tjwawfUJ":{"chainKey":{"counter":-1,"key":"0BirLTSQ01n0O/6L0nidxr5agkzLO4mNsPM71kQHfXg="},"chainType":1,"messageKeys":{}}},"pendingPreKey":{"signedKeyId":0,"baseKey":"Besb/n9+257nzSl/QfzIEtBdpG/DofbxMzHaL5DQVA9/","preKeyId":1361875}}},"version":"v1"}