{"_sessions":{"BV9ROTh4vD51rq1FDmoMIIIHTUt44CJtGk25q6YZXLxT":{"registrationId":10719,"currentRatchet":{"ephemeralKeyPair":{"pubKey":"BTLp8ZxU6wANGwti56fN2k0aB8zXsGl73WfInYOuEYE5","privKey":"ODFEPyIzHrCN8g+cKvR2yoUEnD2ImJNIzCIuozzmEls="},"lastRemoteEphemeralKey":"Bcy1elhC0fOXeeoUnd+SeNJbigfoM+s7T4u+rFrcNv4z","previousCounter":0,"rootKey":"w+oaqM1r8EouaSXk9Gcxlb27C+7Cj+bn3/jmOHcywsk="},"indexInfo":{"baseKey":"BV9ROTh4vD51rq1FDmoMIIIHTUt44CJtGk25q6YZXLxT","baseKeyType":1,"closed":-1,"used":1715769138324,"created":1715769138324,"remoteIdentityKey":"BankMzWhfSvo72ecUMjlFB3WGvdGPhTKyh2vWLkFnNF0"},"_chains":{"BTLp8ZxU6wANGwti56fN2k0aB8zXsGl73WfInYOuEYE5":{"chainKey":{"counter":0,"key":"Dk4JMxR2OsJ2Aiz4hJGFUdAha5EXPd5Q98F6H0aBaao="},"chainType":1,"messageKeys":{}}},"pendingPreKey":{"signedKeyId":1,"baseKey":"BV9ROTh4vD51rq1FDmoMIIIHTUt44CJtGk25q6YZXLxT","preKeyId":3269}}},"version":"v1"}