{"_sessions":{"BbJNaJNBZ8Hh/a5uQ0xL0hRT9hdTqoggFxMT5X508ag8":{"registrationId":217921137,"currentRatchet":{"ephemeralKeyPair":{"pubKey":"BcFUZkZqmfG7JpJ9bHx4ZlyPFRhHQqrarGh6kQeiQi8i","privKey":"8HY1vpTYhWJtRJWovFB9GE4S88pRPT8jWN6R/Ti7/0c="},"lastRemoteEphemeralKey":"BY74H1DZDD5F3X883c/NSe3p8+qw+Zdf4RxR5de7KVdl","previousCounter":0,"rootKey":"SmDKow5UibgphZGXna56AFPPZwIszqrhNDglSmfMpCA="},"indexInfo":{"baseKey":"BbJNaJNBZ8Hh/a5uQ0xL0hRT9hdTqoggFxMT5X508ag8","baseKeyType":1,"closed":1715769528515,"used":1715769138580,"created":1715769138580,"remoteIdentityKey":"BbFFT2DOEgyDUNaxa1gcTOj8FGiwwBjDcx0fLQiQ688R"},"_chains":{"BcFUZkZqmfG7JpJ9bHx4ZlyPFRhHQqrarGh6kQeiQi8i":{"chainKey":{"counter":0,"key":"FOc0O7wMv322m5Bk5X2XAEu1j9kGXxXQp2Agwj1B18c="},"chainType":1,"messageKeys":{}}},"pendingPreKey":{"signedKeyId":20,"baseKey":"BbJNaJNBZ8Hh/a5uQ0xL0hRT9hdTqoggFxMT5X508ag8","preKeyId":3803284}},"Bf1rcIMHsfM37BRfQ9ABRKJZ9g3U0acZ+LTfnnjBDZNL":{"registrationId":217921137,"currentRatchet":{"ephemeralKeyPair":{"pubKey":"BS5ag1vhY/MjlzQYf9LEM6YtE6Ih0nRSdwGgMSgTRXwN","privKey":"ME9pnwMTot+UPn+1+WSV85ORNdc7OnY/KWGmKEOgHVo="},"lastRemoteEphemeralKey":"BY74H1DZDD5F3X883c/NSe3p8+qw+Zdf4RxR5de7KVdl","previousCounter":0,"rootKey":"i3mDk6V55xTx047teWsE5xhq9LXbR6BMHbTDUP426Hs="},"indexInfo":{"baseKey":"Bf1rcIMHsfM37BRfQ9ABRKJZ9g3U0acZ+LTfnnjBDZNL","baseKeyType":1,"closed":1715769550239,"used":1715769528511,"created":1715769528511,"remoteIdentityKey":"BbFFT2DOEgyDUNaxa1gcTOj8FGiwwBjDcx0fLQiQ688R"},"_chains":{"BS5ag1vhY/MjlzQYf9LEM6YtE6Ih0nRSdwGgMSgTRXwN":{"chainKey":{"counter":-1,"key":"6CS+vcdWju3LI59kmjQ75DzqHc48JNHa6eECa8ddKUU="},"chainType":1,"messageKeys":{}}},"pendingPreKey":{"signedKeyId":20,"baseKey":"Bf1rcIMHsfM37BRfQ9ABRKJZ9g3U0acZ+LTfnnjBDZNL","preKeyId":3803297}},"BaqAHNAtESoO9vflgeb5UWCi0N09AqlN3WU8AbIYhDEd":{"registrationId":217921137,"currentRatchet":{"ephemeralKeyPair":{"pubKey":"BTEWY69W5BTxHI3Q/RieatoHDbDw1g3vGnqTgwwU9fEb","privKey":"4DcHanY2dQfKezNHUFcjNRGXVK7erSWiIbk0FOGQG2I="},"lastRemoteEphemeralKey":"BY74H1DZDD5F3X883c/NSe3p8+qw+Zdf4RxR5de7KVdl","previousCounter":0,"rootKey":"mZcPrOJzs+4A+gfSYxaitCwI7/f7w8viIjO3RaA14aQ="},"indexInfo":{"baseKey":"BaqAHNAtESoO9vflgeb5UWCi0N09AqlN3WU8AbIYhDEd","baseKeyType":1,"closed":-1,"used":1715769550235,"created":1715769550235,"remoteIdentityKey":"BbFFT2DOEgyDUNaxa1gcTOj8FGiwwBjDcx0fLQiQ688R"},"_chains":{"BTEWY69W5BTxHI3Q/RieatoHDbDw1g3vGnqTgwwU9fEb":{"chainKey":{"counter":-1,"key":"t3ycb0J+451HqVmL9MTWBqr8LD8FmqklEdCA3Wqo6kE="},"chainType":1,"messageKeys":{}}},"pendingPreKey":{"signedKeyId":20,"baseKey":"BaqAHNAtESoO9vflgeb5UWCi0N09AqlN3WU8AbIYhDEd","preKeyId":3803286}}},"version":"v1"}