{"_sessions":{"BYybJOFl67smihmKsjKJDWxtUUK1ZxnRkQdOUitKqL9P":{"registrationId":1169578874,"currentRatchet":{"ephemeralKeyPair":{"pubKey":"BRul9ls9IpL3AxsyUwRrjPKEeYDdBty82oIN+zgfMfZB","privKey":"+McTxxfJmTMGvhDblCjsNsV0n3YMjCCIstAmk4mKj0w="},"lastRemoteEphemeralKey":"BdioTbXYtwGHZ6dAosZWpxgyefQv0qA5bIOdq3MDUTIX","previousCounter":0,"rootKey":"y+JbxbkBgPWi4TQXn45gp3RfDBSk7Wu9xQxfNJwl3YY="},"indexInfo":{"baseKey":"BYybJOFl67smihmKsjKJDWxtUUK1ZxnRkQdOUitKqL9P","baseKeyType":1,"closed":1715769559810,"used":1715769138428,"created":1715769138428,"remoteIdentityKey":"BRO6sqVcYrAT4SjEc4n92271N+EmoayBjw77O0YdJPAR"},"_chains":{"BRul9ls9IpL3AxsyUwRrjPKEeYDdBty82oIN+zgfMfZB":{"chainKey":{"counter":0,"key":"XYOqbbuJBl5JiCA/XpOApzMZPFtXK7WsSRpbE6yYwwY="},"chainType":1,"messageKeys":{}}},"pendingPreKey":{"signedKeyId":10440265,"baseKey":"BYybJOFl67smihmKsjKJDWxtUUK1ZxnRkQdOUitKqL9P","preKeyId":11628}},"BQZ9gdJTZ7fr2BQHZ3Y4fOf8YmmSsRFcQ+nPyk3Eondn":{"registrationId":1169578874,"currentRatchet":{"ephemeralKeyPair":{"pubKey":"BTWoTnj1PNCqZzHfN4O571dh0xc/LSCVGHUH/PX7ZwYy","privKey":"IPY6Tgkp6KN48vhm6kiugSsqxC1Fvz2JSVNFK2f+iGo="},"lastRemoteEphemeralKey":"BdioTbXYtwGHZ6dAosZWpxgyefQv0qA5bIOdq3MDUTIX","previousCounter":0,"rootKey":"Ok63r0RChwb4vyjXffvTeVk/q9nLHjrhxlQqf3c8rDQ="},"indexInfo":{"baseKey":"BQZ9gdJTZ7fr2BQHZ3Y4fOf8YmmSsRFcQ+nPyk3Eondn","baseKeyType":1,"closed":1715769560108,"used":1715769559805,"created":1715769559805,"remoteIdentityKey":"BRO6sqVcYrAT4SjEc4n92271N+EmoayBjw77O0YdJPAR"},"_chains":{"BTWoTnj1PNCqZzHfN4O571dh0xc/LSCVGHUH/PX7ZwYy":{"chainKey":{"counter":-1,"key":"5dX7z7OLgTkr2kPYpwf69SmXnYr/+KF/XEQm/qSqCgc="},"chainType":1,"messageKeys":{}}},"pendingPreKey":{"signedKeyId":10440265,"baseKey":"BQZ9gdJTZ7fr2BQHZ3Y4fOf8YmmSsRFcQ+nPyk3Eondn","preKeyId":11722}},"BaZ83vr+2urAjGvM9HI3zPhVv2GsW5jMaiUv5GR00wZ7":{"registrationId":1169578874,"currentRatchet":{"ephemeralKeyPair":{"pubKey":"BYm/wwj2EsbEpMRhKuXHaYoeKT9uKlkAa+Jx/KWLFkwV","privKey":"eNzfvkjHOh6EixSvUHD6vEc+z/I9BrrnMQbDEZwKD1g="},"lastRemoteEphemeralKey":"BdioTbXYtwGHZ6dAosZWpxgyefQv0qA5bIOdq3MDUTIX","previousCounter":0,"rootKey":"TdPDreKSaWZ+o7MOytmMGP/aMXM7sAcuodAPvN2N6qA="},"indexInfo":{"baseKey":"BaZ83vr+2urAjGvM9HI3zPhVv2GsW5jMaiUv5GR00wZ7","baseKeyType":1,"closed":-1,"used":1715769560104,"created":1715769560104,"remoteIdentityKey":"BRO6sqVcYrAT4SjEc4n92271N+EmoayBjw77O0YdJPAR"},"_chains":{"BYm/wwj2EsbEpMRhKuXHaYoeKT9uKlkAa+Jx/KWLFkwV":{"chainKey":{"counter":-1,"key":"+sdiN8NpQZ2dQGh38B0j1ZZCj37byr7+7hwgUtMQ/to="},"chainType":1,"messageKeys":{}}},"pendingPreKey":{"signedKeyId":10440265,"baseKey":"BaZ83vr+2urAjGvM9HI3zPhVv2GsW5jMaiUv5GR00wZ7","preKeyId":11642}}},"version":"v1"}