{"_sessions":{"BVyQUr1tfFS73muyjyWI0pDpm1PRB+OLm/3qbyC4+/l0":{"registrationId":1326,"currentRatchet":{"ephemeralKeyPair":{"pubKey":"BQ1rWgWuu0AlKSyRvkNmAD3PTje6rLij2KHs+PFpVV1O","privKey":"yHcnNKeZ1nzGyGHOG0UtqmA+xvJXd6I3BBApDuub7E8="},"lastRemoteEphemeralKey":"Be1lmUzn3U8rS00dQ0obGbTLj6YnLDzx2to6Yeg0XtBt","previousCounter":0,"rootKey":"gGKeamH6euJ9WDIRQomyLVK20F5NMd77VDPSxBTRoLs="},"indexInfo":{"baseKey":"BVyQUr1tfFS73muyjyWI0pDpm1PRB+OLm/3qbyC4+/l0","baseKeyType":1,"closed":-1,"used":1715769138302,"created":1715769138302,"remoteIdentityKey":"BZ2TA/lsiT14OrMCKb4/eVxK6aAGhX1PHJGy5e9+e7U8"},"_chains":{"BQ1rWgWuu0AlKSyRvkNmAD3PTje6rLij2KHs+PFpVV1O":{"chainKey":{"counter":0,"key":"NMssoCWZlUArD/Z4ZUzaZshDtd4C3hsGCmUBBaOC9B4="},"chainType":1,"messageKeys":{}}},"pendingPreKey":{"signedKeyId":1,"baseKey":"BVyQUr1tfFS73muyjyWI0pDpm1PRB+OLm/3qbyC4+/l0"}}},"version":"v1"}