{"_sessions":{"BckCidwqMlkpHmU8EDmWKZDrhvs2q3dyd4LyNG37Fqtx":{"registrationId":1625399449,"currentRatchet":{"ephemeralKeyPair":{"pubKey":"BXrvjf1C2Qrr/Loa1bul5ckUiQeMOI1FmoISJHnfWYp6","privKey":"sL2DwyiVvlvnI2qVILEnn9XxSQ1C0/dQz3Gp52GxX3w="},"lastRemoteEphemeralKey":"BeKqd9tRX/NmaNdZt8iUTc1cRnR7u3JZgtjK36UfxzNr","previousCounter":0,"rootKey":"TMARxzrFUQ3bGd0Eabg19LZFbN/T9RjzdbzLd1CTRSc="},"indexInfo":{"baseKey":"BckCidwqMlkpHmU8EDmWKZDrhvs2q3dyd4LyNG37Fqtx","baseKeyType":1,"closed":-1,"used":1715769138630,"created":1715769138630,"remoteIdentityKey":"BcgCznMkDcaUFEqMEXMms7G1DEf55jC60cI58MpNHApz"},"_chains":{"BXrvjf1C2Qrr/Loa1bul5ckUiQeMOI1FmoISJHnfWYp6":{"chainKey":{"counter":0,"key":"WOz2FCBDlCn/W8YiBNY4WirnCV5kyxBbZmQy5YhGDVI="},"chainType":1,"messageKeys":{}}},"pendingPreKey":{"signedKeyId":2,"baseKey":"BckCidwqMlkpHmU8EDmWKZDrhvs2q3dyd4LyNG37Fqtx","preKeyId":16555587}}},"version":"v1"}