{"_sessions":{"Ba3/0ENf8Es3w9UFE1ep56wsxfzGV1OF0reqrWWu3yhM":{"registrationId":54704347,"currentRatchet":{"ephemeralKeyPair":{"pubKey":"BXkcXitQ318kvHXEKKkKEgmJAQZBsooofJoKV2ZGRagC","privKey":"4FC+Prv50t25KA5OVU2RETAg0d4w/VWlLdULynz1jXs="},"lastRemoteEphemeralKey":"BWu6mk/Y09VxWkpb5mtkgLqVrxZXkFB8lhS7Ep3Yk+Ed","previousCounter":0,"rootKey":"rgLBXPapTMxDwEn4mcvSbS54ycLOQk9LQ08s7JiCPUc="},"indexInfo":{"baseKey":"Ba3/0ENf8Es3w9UFE1ep56wsxfzGV1OF0reqrWWu3yhM","baseKeyType":1,"closed":1715769562730,"used":1715769138623,"created":1715769138623,"remoteIdentityKey":"BW1ckZXjzyKgzpg7kNGNRsvALaUe27kagnXpvMJCOC4F"},"_chains":{"BXkcXitQ318kvHXEKKkKEgmJAQZBsooofJoKV2ZGRagC":{"chainKey":{"counter":0,"key":"CSG/VtPl2aaSmkJIy5XQMktEY8nhVa9GLdfr6Z1LCvI="},"chainType":1,"messageKeys":{}}},"pendingPreKey":{"signedKeyId":31,"baseKey":"Ba3/0ENf8Es3w9UFE1ep56wsxfzGV1OF0reqrWWu3yhM","preKeyId":13214198}},"BYoDpXE8lQ+HPWL7LeO4hMZ1AAvR/oL7Q51elWm6t2YF":{"registrationId":54704347,"currentRatchet":{"ephemeralKeyPair":{"pubKey":"BcA0oxqbB0ef1Om49l2kaoBEUCwl7xLQCfJAlxZ3MXxM","privKey":"SJWoLe0JtLtUX1RLjDU45/+zZZ9dQUPUidquBUiucHM="},"lastRemoteEphemeralKey":"BWu6mk/Y09VxWkpb5mtkgLqVrxZXkFB8lhS7Ep3Yk+Ed","previousCounter":0,"rootKey":"w+NFfvTLhOaRa5DLTEf9+p0gp0qxOyCxs89hsDasOkM="},"indexInfo":{"baseKey":"BYoDpXE8lQ+HPWL7LeO4hMZ1AAvR/oL7Q51elWm6t2YF","baseKeyType":1,"closed":1715769563009,"used":1715769562726,"created":1715769562726,"remoteIdentityKey":"BW1ckZXjzyKgzpg7kNGNRsvALaUe27kagnXpvMJCOC4F"},"_chains":{"BcA0oxqbB0ef1Om49l2kaoBEUCwl7xLQCfJAlxZ3MXxM":{"chainKey":{"counter":-1,"key":"FwrmD/fbNXkV/cHQdCyGEdzwjy8AWLZLb38xbfvcLqc="},"chainType":1,"messageKeys":{}}},"pendingPreKey":{"signedKeyId":31,"baseKey":"BYoDpXE8lQ+HPWL7LeO4hMZ1AAvR/oL7Q51elWm6t2YF","preKeyId":13214257}},"BVINRqPYTVnR+HGU4Uz2IiO2Thae7RYo8HgCaIW16loj":{"registrationId":54704347,"currentRatchet":{"ephemeralKeyPair":{"pubKey":"BZs86pp7osEOBvzW4fQUcTAdxqrclcXamKvi203Zahg9","privKey":"4JimaBwQaass3CTC29WEzSMD5r82wcXgHVRlp5xIwUU="},"lastRemoteEphemeralKey":"BWu6mk/Y09VxWkpb5mtkgLqVrxZXkFB8lhS7Ep3Yk+Ed","previousCounter":0,"rootKey":"qv9unA/33992IAc2DwKNIHF89VGKOMpT+5/4CUmhm70="},"indexInfo":{"baseKey":"BVINRqPYTVnR+HGU4Uz2IiO2Thae7RYo8HgCaIW16loj","baseKeyType":1,"closed":-1,"used":1715769563001,"created":1715769563001,"remoteIdentityKey":"BW1ckZXjzyKgzpg7kNGNRsvALaUe27kagnXpvMJCOC4F"},"_chains":{"BZs86pp7osEOBvzW4fQUcTAdxqrclcXamKvi203Zahg9":{"chainKey":{"counter":-1,"key":"ARmo5OTcl/efz7q3nY2ftzxKOsl0/2uv2wXTYrlGYD0="},"chainType":1,"messageKeys":{}}},"pendingPreKey":{"signedKeyId":31,"baseKey":"BVINRqPYTVnR+HGU4Uz2IiO2Thae7RYo8HgCaIW16loj","preKeyId":13213543}}},"version":"v1"}