{"_sessions":{"BZyMetXUzB4XS32ikOw1MuH8FAU9wun7HD1VuPIWnQ1J":{"registrationId":2036230843,"currentRatchet":{"ephemeralKeyPair":{"pubKey":"BX14kPg1qBYp18SbzzzsIUX9V1tolqdiItOFVIlMB9Y/","privKey":"uITIC4TUch0ovl+1zP0nTgNqX1vbGv/w5Cxc/1qUJH4="},"lastRemoteEphemeralKey":"BTthvjLPM931yvkaOtBAff32z8+ynGrIcvpTqbSvGXZm","previousCounter":0,"rootKey":"eVOR/PzJSrEmUqTcQ6TFJ3135a5VXxVvxVL2kIoQhyE="},"indexInfo":{"baseKey":"BZyMetXUzB4XS32ikOw1MuH8FAU9wun7HD1VuPIWnQ1J","baseKeyType":1,"closed":-1,"used":1715769138705,"created":1715769138705,"remoteIdentityKey":"BWet2+NmVU2xDQk4+/4lzlUf6wUmu+2pbKtYo6MRFzEX"},"_chains":{"BX14kPg1qBYp18SbzzzsIUX9V1tolqdiItOFVIlMB9Y/":{"chainKey":{"counter":0,"key":"QnAszGsMLBQlSZRD2XxZgrHL3w3ag07AStYG+CprQx8="},"chainType":1,"messageKeys":{}}},"pendingPreKey":{"signedKeyId":9,"baseKey":"BZyMetXUzB4XS32ikOw1MuH8FAU9wun7HD1VuPIWnQ1J"}}},"version":"v1"}