{"_sessions":{"Bb7spJpQonPqkkZvkDdiFTJPemCelg7T28mUyOqttvpJ":{"registrationId":1701905095,"currentRatchet":{"ephemeralKeyPair":{"pubKey":"BUrLTxAvsaQ55Fn1QyOMhS7ElwYaSusZceFDRr3vFK8y","privKey":"0NESEIk/qCeahyzwAVcKdOyAHKplE3F9FmzPt1FPhH8="},"lastRemoteEphemeralKey":"BRWbd7synna2FR9qWWrVIr5qzgluEayxin/ZP65+ovcm","previousCounter":0,"rootKey":"dKYfGn0D6XpSwN5HhmF9s+C0LIVan3DI+PBz7YNPABA="},"indexInfo":{"baseKey":"Bb7spJpQonPqkkZvkDdiFTJPemCelg7T28mUyOqttvpJ","baseKeyType":1,"closed":1715769532736,"used":1715769138563,"created":1715769138563,"remoteIdentityKey":"BbL0TLBrAFJNpO9FpCXunMb29DrWocQrg58pqE2DuEEi"},"_chains":{"BUrLTxAvsaQ55Fn1QyOMhS7ElwYaSusZceFDRr3vFK8y":{"chainKey":{"counter":0,"key":"W6BoUIXY4hxpYftVmRzP4NXsxrY2lGo/9zemaTCEHZg="},"chainType":1,"messageKeys":{}}},"pendingPreKey":{"signedKeyId":0,"baseKey":"Bb7spJpQonPqkkZvkDdiFTJPemCelg7T28mUyOqttvpJ","preKeyId":9250724}},"BdbxS0LGdOpLx/dgEMAt9KujPIiJVTlQtJPcsZ8yQUsg":{"registrationId":1701905095,"currentRatchet":{"ephemeralKeyPair":{"pubKey":"BTkFm4ScB7NQXZjvCQoIfQY8HOlGop2TR7DIBL1vTUFt","privKey":"4FuX2e4bMYLTXNLad7WfjY1mbGy6wkIbVpo0lbySPUo="},"lastRemoteEphemeralKey":"BRWbd7synna2FR9qWWrVIr5qzgluEayxin/ZP65+ovcm","previousCounter":0,"rootKey":"eByvteKesBLcqPhEog9KHh9jJ35qaTbtRSdnHI+F+Mg="},"indexInfo":{"baseKey":"BdbxS0LGdOpLx/dgEMAt9KujPIiJVTlQtJPcsZ8yQUsg","baseKeyType":1,"closed":1715769548080,"used":1715769532731,"created":1715769532731,"remoteIdentityKey":"BbL0TLBrAFJNpO9FpCXunMb29DrWocQrg58pqE2DuEEi"},"_chains":{"BTkFm4ScB7NQXZjvCQoIfQY8HOlGop2TR7DIBL1vTUFt":{"chainKey":{"counter":-1,"key":"7Lry/HUZNI2KeHFAIfpSJCuRRAD0KOZEC7F066cjmXM="},"chainType":1,"messageKeys":{}}},"pendingPreKey":{"signedKeyId":0,"baseKey":"BdbxS0LGdOpLx/dgEMAt9KujPIiJVTlQtJPcsZ8yQUsg","preKeyId":9250081}},"BbQtHljKQbjEAiokRAatOQywr5yUmwpaQvbxT2yhk/Y8":{"registrationId":1701905095,"currentRatchet":{"ephemeralKeyPair":{"pubKey":"BXFDH+Yo02w+LA+j6jZxf75OX4YdJBJnm2A6oNzZEgU+","privKey":"MBkoU5ZvcdalGAdAaxQCEYhSv3Fc1sWHoFLAmpaEr3U="},"lastRemoteEphemeralKey":"BRWbd7synna2FR9qWWrVIr5qzgluEayxin/ZP65+ovcm","previousCounter":0,"rootKey":"3V/3KkT3PzNBHXHjf53uMU9p+DUZbf6De8FN9yJ7tCE="},"indexInfo":{"baseKey":"BbQtHljKQbjEAiokRAatOQywr5yUmwpaQvbxT2yhk/Y8","baseKeyType":1,"closed":-1,"used":1715769548075,"created":1715769548075,"remoteIdentityKey":"BbL0TLBrAFJNpO9FpCXunMb29DrWocQrg58pqE2DuEEi"},"_chains":{"BXFDH+Yo02w+LA+j6jZxf75OX4YdJBJnm2A6oNzZEgU+":{"chainKey":{"counter":-1,"key":"dzTGR26Lj2hG0RCi0+UCF/Em8bejY3dNV14kGdt2CWE="},"chainType":1,"messageKeys":{}}},"pendingPreKey":{"signedKeyId":0,"baseKey":"BbQtHljKQbjEAiokRAatOQywr5yUmwpaQvbxT2yhk/Y8","preKeyId":9250815}}},"version":"v1"}