{"_sessions":{"BeAFUa9rI4CB203k/9PdObtg7n1rBy47tJMOnykWHzNx":{"registrationId":480387945,"currentRatchet":{"ephemeralKeyPair":{"pubKey":"BetUaDE28MM2/VWCMoNpTTf6D1lPNF1sVC9M+vF++r9k","privKey":"AHGJ9TAls1HSuXtOUUYHscLDMbDQ/13RDPb9hl9xPXM="},"lastRemoteEphemeralKey":"BQAjc12KraFDPkPiAxHCXwu23Qy0YRCqWBkhvGoRmPNi","previousCounter":0,"rootKey":"119IkpwsYWi7gcxodT+GWJQnOWtvhWECCMrpPk1qKg8="},"indexInfo":{"baseKey":"BeAFUa9rI4CB203k/9PdObtg7n1rBy47tJMOnykWHzNx","baseKeyType":1,"closed":-1,"used":1715769138496,"created":1715769138496,"remoteIdentityKey":"BYhSJEznlCdLh6O6oVL2AKF8LpC3BIEi9529qXF5pnod"},"_chains":{"BetUaDE28MM2/VWCMoNpTTf6D1lPNF1sVC9M+vF++r9k":{"chainKey":{"counter":0,"key":"aup93zDt354+B6BoyHOJC1qW0I9HbbAVvaZt/5GEDmc="},"chainType":1,"messageKeys":{}}},"pendingPreKey":{"signedKeyId":0,"baseKey":"BeAFUa9rI4CB203k/9PdObtg7n1rBy47tJMOnykWHzNx"}}},"version":"v1"}