{"_sessions":{"BZtzlC69QoRlOdj5CH2BPPiJRKk8TZu5RzDgawTRcds/":{"registrationId":1711411238,"currentRatchet":{"ephemeralKeyPair":{"pubKey":"BQBHq7A1CoN4JnAnSVU+FWowEOMpkezoMP5yJxr/5RI7","privKey":"AMaH8suWaxN+wh4yKW+4rf2RAl+QpsV94PR1HdJa438="},"lastRemoteEphemeralKey":"BVUzkBGVztehIF9l8FkEp7dnawtRtiU6xKnNNHFZ9aVn","previousCounter":0,"rootKey":"s2zy/nRkVExB0UWS3YuQJ9MEktVV0FPd9aq0ZWvEEMA="},"indexInfo":{"baseKey":"BZtzlC69QoRlOdj5CH2BPPiJRKk8TZu5RzDgawTRcds/","baseKeyType":1,"closed":-1,"used":1715769138663,"created":1715769138663,"remoteIdentityKey":"BUSbkjGoG063qzn+whfSdQvpXJnwGWvJ0AHUO1illY0j"},"_chains":{"BQBHq7A1CoN4JnAnSVU+FWowEOMpkezoMP5yJxr/5RI7":{"chainKey":{"counter":0,"key":"WThACnKVKMAjtLHN3gq512fpctZoNARAo6fQ3+55HKs="},"chainType":1,"messageKeys":{}}},"pendingPreKey":{"signedKeyId":3,"baseKey":"BZtzlC69QoRlOdj5CH2BPPiJRKk8TZu5RzDgawTRcds/","preKeyId":6475925}}},"version":"v1"}