{"_sessions":{"Bfrz65khr/m5MTy4VzkbO1V4aT4cWIxDdHAuG128ycgq":{"registrationId":1714685417,"currentRatchet":{"ephemeralKeyPair":{"pubKey":"BdODVMcreVln+GMWIWrj4eTqgBP3fqq6Adn7hTqU3Is0","privKey":"IOMOL9PpAbElzkVCHMqerQkbhfuzyAeEQG8PkindNVs="},"lastRemoteEphemeralKey":"Bd7hU7elGaPslBhFt2fr8BB+byKAKs7sESPEr/xFEpYe","previousCounter":0,"rootKey":"dE9dpBj5edGiyRTaChaDsVwn9ElIKF8dHXEfAnySV1o="},"indexInfo":{"baseKey":"Bfrz65khr/m5MTy4VzkbO1V4aT4cWIxDdHAuG128ycgq","baseKeyType":2,"closed":1715769537257,"used":1715769114784,"created":1715769114784,"remoteIdentityKey":"BRK3JToeSjhmZwyqCdVjwLR5j5hD4Eu8js2QGwFwMjQO"},"_chains":{"Bd7hU7elGaPslBhFt2fr8BB+byKAKs7sESPEr/xFEpYe":{"chainKey":{"counter":0,"key":"Py/ETzOnupIOgJupxFXtGG5C9yi5cHzaw/GbTBOc05Y="},"chainType":2,"messageKeys":{}},"BdODVMcreVln+GMWIWrj4eTqgBP3fqq6Adn7hTqU3Is0":{"chainKey":{"counter":0,"key":"qYWqBC/DJ9SlCgD4LXKoADPCTDK96KiKRXgSedriMAk="},"chainType":1,"messageKeys":{}}}},"BV7/9x2WWTYguESjFI/z7ISDUpVxdlUcBYVDZmEyqlF/":{"registrationId":1714685417,"currentRatchet":{"ephemeralKeyPair":{"pubKey":"BdcX+xVccl32sL0IaZoJhuP1ZoFuCiDOikCsNzgl0zFu","privKey":"0LOuJti5ap+IlI6p96IEYrz3fh/ZN1Ss5cXIUWcSqVQ="},"lastRemoteEphemeralKey":"BWeCW9rqjNQOF4zyYYHNKLmgNpazb2E6Ux9vp/QzdXFT","previousCounter":0,"rootKey":"MyZKV3H5VVInVAWiq1uXjx3RaDgv737e6SYxPr8hR90="},"indexInfo":{"baseKey":"BV7/9x2WWTYguESjFI/z7ISDUpVxdlUcBYVDZmEyqlF/","baseKeyType":1,"closed":1715769552656,"used":1715769537246,"created":1715769537246,"remoteIdentityKey":"BRK3JToeSjhmZwyqCdVjwLR5j5hD4Eu8js2QGwFwMjQO"},"_chains":{"BdcX+xVccl32sL0IaZoJhuP1ZoFuCiDOikCsNzgl0zFu":{"chainKey":{"counter":-1,"key":"kcMzu91aH/wUJfSW21yfTLiBVfysH2ZYR93JfevNjk0="},"chainType":1,"messageKeys":{}}},"pendingPreKey":{"signedKeyId":0,"baseKey":"BV7/9x2WWTYguESjFI/z7ISDUpVxdlUcBYVDZmEyqlF/","preKeyId":3393322}},"BRQ5DxtRe8hYLdmiTWkGBoSfq0dWAWro0WnOQCIjY5Ez":{"registrationId":1714685417,"currentRatchet":{"ephemeralKeyPair":{"pubKey":"BQrZKnHEXAclb1lfGQCd9n+bi7QG3C2Xdrys71xucStL","privKey":"SGBB+nZnSC0VHlYQ6jjWQI5rx+qgsciKRqWZL6/xXkg="},"lastRemoteEphemeralKey":"BWeCW9rqjNQOF4zyYYHNKLmgNpazb2E6Ux9vp/QzdXFT","previousCounter":0,"rootKey":"6gZqRIObg5UOgIrnSmfsoWNOlF5SV1CXxCwUHeLTI8w="},"indexInfo":{"baseKey":"BRQ5DxtRe8hYLdmiTWkGBoSfq0dWAWro0WnOQCIjY5Ez","baseKeyType":1,"closed":-1,"used":1715769552651,"created":1715769552651,"remoteIdentityKey":"BRK3JToeSjhmZwyqCdVjwLR5j5hD4Eu8js2QGwFwMjQO"},"_chains":{"BQrZKnHEXAclb1lfGQCd9n+bi7QG3C2Xdrys71xucStL":{"chainKey":{"counter":-1,"key":"UNdp4WhWp6IbEQbwptBQsuTP/7cRi0fzG2qT1EC5vtU="},"chainType":1,"messageKeys":{}}},"pendingPreKey":{"signedKeyId":0,"baseKey":"BRQ5DxtRe8hYLdmiTWkGBoSfq0dWAWro0WnOQCIjY5Ez","preKeyId":3393324}}},"version":"v1"}