{"_sessions":{"Ba3rf79vlulOeoLz5OczEZ9Cv2zoPS4zz22iCe3P9qpr":{"registrationId":11727,"currentRatchet":{"ephemeralKeyPair":{"pubKey":"BQrhKgwwGTlaOHe1qeoAqYdzobNkE291KscwYgisNu43","privKey":"ODHbfwoSaG5hQT/wPfesvzpOKl9LyTgDOEYdhRY/G1I="},"lastRemoteEphemeralKey":"BQ2Uk0dr9XyXCXh+kpi+7VQyk4QHRqqKcjtDq0elJhtp","previousCounter":0,"rootKey":"D8DOMOTwdLc64TC/Jy7eEUwz3TZsv2WTwlsyoMlzhsk="},"indexInfo":{"baseKey":"Ba3rf79vlulOeoLz5OczEZ9Cv2zoPS4zz22iCe3P9qpr","baseKeyType":1,"closed":-1,"used":1715769138309,"created":1715769138309,"remoteIdentityKey":"BfKtN4iMttyBwRtjmkGjlLONuQnijqI8LgOep3a1yo5n"},"_chains":{"BQrhKgwwGTlaOHe1qeoAqYdzobNkE291KscwYgisNu43":{"chainKey":{"counter":0,"key":"02VJ5FuBJwneQtFs7Jd9JnbL9YDDyx+AEfBy3PC0jQ8="},"chainType":1,"messageKeys":{}}},"pendingPreKey":{"signedKeyId":1,"baseKey":"Ba3rf79vlulOeoLz5OczEZ9Cv2zoPS4zz22iCe3P9qpr"}}},"version":"v1"}