{"_sessions":{"BZP6Fh5NPhfwp1Zns8iLkCWv9ZWFemFk/vMS9Xahk/pX":{"registrationId":82,"currentRatchet":{"ephemeralKeyPair":{"pubKey":"BUWXZ7BjnZW26KTI0yM5KyfUZw6iBcoo3siwIPx0YKNz","privKey":"OOVfQDlqDh2g9jIL71bTnXJnJ5rZKXOHFcu2Fnx0mls="},"lastRemoteEphemeralKey":"BY6Qa3rSD3ectxrqAMvNaE/H9h7EmIw42P7913Zwu2E9","previousCounter":0,"rootKey":"cm3eEjM0ISe2Su5f+HQRs1dIt5s4padPUhNjDdCq5ZA="},"indexInfo":{"baseKey":"BZP6Fh5NPhfwp1Zns8iLkCWv9ZWFemFk/vMS9Xahk/pX","baseKeyType":2,"closed":-1,"used":1715769328879,"created":1715769328879,"remoteIdentityKey":"BRlNhoRU9W9abbITaatEP8OR8VsJ0iscvRRuDcZWCgYX"},"_chains":{"BY6Qa3rSD3ectxrqAMvNaE/H9h7EmIw42P7913Zwu2E9":{"chainKey":{"counter":0,"key":"WOZ+AXTmm6syrmEOZfKkdUXNjJdp2vGHgOgjdXOpnhY="},"chainType":2,"messageKeys":{}},"BUWXZ7BjnZW26KTI0yM5KyfUZw6iBcoo3siwIPx0YKNz":{"chainKey":{"counter":-1,"key":"TrIDIHempWEZcZ2evu4SHp6818anRYnDNy+gWs9NVF0="},"chainType":1,"messageKeys":{}}}}},"version":"v1"}