{"_sessions":{"BZTnqLz3v1k3nKhqBD9ViURDTStAbvx7lVhZNcqvhcx7":{"registrationId":1483923856,"currentRatchet":{"ephemeralKeyPair":{"pubKey":"BZKjExFG/Ep0pU4A2aOxKxHRDEAsbYQ5/U1bbg1dSglb","privKey":"GE9b6T/380E7tDUp9vqjEEHFamqCPzlzEIpsBsTk4kE="},"lastRemoteEphemeralKey":"BS4xV3FIKEFpLF7wil2Z1E9vDG9rLGI7nhtALu84Bgsy","previousCounter":0,"rootKey":"CbgiAYV5cosDwYo7OCuF14nshK6uY9o4ngSAI25M4DI="},"indexInfo":{"baseKey":"BZTnqLz3v1k3nKhqBD9ViURDTStAbvx7lVhZNcqvhcx7","baseKeyType":1,"closed":1715769534483,"used":1715769138477,"created":1715769138477,"remoteIdentityKey":"BfrYHEmzwvt04AhhPQhkDRTacYmBXFkNcAcyrbrZHV8t"},"_chains":{"BZKjExFG/Ep0pU4A2aOxKxHRDEAsbYQ5/U1bbg1dSglb":{"chainKey":{"counter":0,"key":"Fd1l9vr89mRJ1fDSuMjs9Y4DR2W0df+CDGMeAqRzuQ4="},"chainType":1,"messageKeys":{}}},"pendingPreKey":{"signedKeyId":4,"baseKey":"BZTnqLz3v1k3nKhqBD9ViURDTStAbvx7lVhZNcqvhcx7","preKeyId":14876219}},"BfwPdemdHz0UeHXUs/E0T+h+opupTFMxG58ZClW3MQFW":{"registrationId":1483923856,"currentRatchet":{"ephemeralKeyPair":{"pubKey":"BX5K47lmF3gFHM+awchGXCgQMrxmbrq5AvNFy3EcEcM0","privKey":"uK8+aA3NSHgnjTqAmFyGvzcshzmbY34tIMDQe/vqy2U="},"lastRemoteEphemeralKey":"BS4xV3FIKEFpLF7wil2Z1E9vDG9rLGI7nhtALu84Bgsy","previousCounter":0,"rootKey":"PRx0h/PuxzQm2Vs1HNrYPLNsAS6+WGLiEpMoLQ8PeFE="},"indexInfo":{"baseKey":"BfwPdemdHz0UeHXUs/E0T+h+opupTFMxG58ZClW3MQFW","baseKeyType":1,"closed":1715769538401,"used":1715769534478,"created":1715769534478,"remoteIdentityKey":"BfrYHEmzwvt04AhhPQhkDRTacYmBXFkNcAcyrbrZHV8t"},"_chains":{"BX5K47lmF3gFHM+awchGXCgQMrxmbrq5AvNFy3EcEcM0":{"chainKey":{"counter":-1,"key":"JPnqBmIwhf+L35gEcx7QvDEMMz6faChAX4/ebupIpAo="},"chainType":1,"messageKeys":{}}},"pendingPreKey":{"signedKeyId":4,"baseKey":"BfwPdemdHz0UeHXUs/E0T+h+opupTFMxG58ZClW3MQFW","preKeyId":14876906}},"BS9x845E40QWzzNvD0XHSY8wBybw6X43AKTl8gZBvO8P":{"registrationId":1483923856,"currentRatchet":{"ephemeralKeyPair":{"pubKey":"BaBj5/fMtrSFHOHUkwTOCwYEhzaWR3YfHU+3plsOLdMd","privKey":"CDUGrHY/ly3Gm2dOzVO8pL8V9z0Mh2i6+Dk049il3mM="},"lastRemoteEphemeralKey":"BS4xV3FIKEFpLF7wil2Z1E9vDG9rLGI7nhtALu84Bgsy","previousCounter":0,"rootKey":"i9p7cuZr+ISkB9Zn/IYokLfk/APaBdBFdeqnZV7SuJs="},"indexInfo":{"baseKey":"BS9x845E40QWzzNvD0XHSY8wBybw6X43AKTl8gZBvO8P","baseKeyType":1,"closed":-1,"used":1715769538396,"created":1715769538396,"remoteIdentityKey":"BfrYHEmzwvt04AhhPQhkDRTacYmBXFkNcAcyrbrZHV8t"},"_chains":{"BaBj5/fMtrSFHOHUkwTOCwYEhzaWR3YfHU+3plsOLdMd":{"chainKey":{"counter":-1,"key":"9aVQ1uSwgybiJ/Glikx/ma0YstWL/wzs2Gsw8kroGVA="},"chainType":1,"messageKeys":{}}},"pendingPreKey":{"signedKeyId":4,"baseKey":"BS9x845E40QWzzNvD0XHSY8wBybw6X43AKTl8gZBvO8P","preKeyId":14876924}}},"version":"v1"}