{"_sessions":{"BeggvodYI5bXzP//pMwr+HqDIN8xOg+JSfjzN2o5RLEL":{"registrationId":14508,"currentRatchet":{"ephemeralKeyPair":{"pubKey":"BZwGar5V8cIfbA3c1W2E7+ZHUy4ju8VbqruJJ8DOo0oo","privKey":"iFqNxa75Hy/+7oZ3NTBbjg8aNGeOziv6oQkzpjp1ImE="},"lastRemoteEphemeralKey":"BXOyA6iXov9P+fkRL1UPtp17j3migT1oE3IQuMpC+Gde","previousCounter":0,"rootKey":"d1wtiZriiuOSd0H6sjuupxls3bQHgzYHc4OeaKTmlfQ="},"indexInfo":{"baseKey":"BeggvodYI5bXzP//pMwr+HqDIN8xOg+JSfjzN2o5RLEL","baseKeyType":1,"closed":-1,"used":1715769138358,"created":1715769138358,"remoteIdentityKey":"BStfqIGSQb7d/KALp4zM55N5oPACBMDuqLErM+lKu20w"},"_chains":{"BZwGar5V8cIfbA3c1W2E7+ZHUy4ju8VbqruJJ8DOo0oo":{"chainKey":{"counter":1,"key":"TF0OaRbrA5qYax0odFX/eIvzQZ2iYfZKCGVFRTvj3wI="},"chainType":1,"messageKeys":{}}},"pendingPreKey":{"signedKeyId":1,"baseKey":"BeggvodYI5bXzP//pMwr+HqDIN8xOg+JSfjzN2o5RLEL","preKeyId":444}}},"version":"v1"}