{"_sessions":{"BXfmU0aiQYZJMLvUCM2w69CFoH3VWEYPmbNiAXNX7vMy":{"registrationId":704914582,"currentRatchet":{"ephemeralKeyPair":{"pubKey":"BQMMSgGYEb3G4fGy9YdiGT5glNEvTCa4xInVfvltfQN/","privKey":"mNytbpVorpGfRhY8UD5T2UhPlqNSX3Vn/QqmgBLWREg="},"lastRemoteEphemeralKey":"Bel4GQzhspwPItTLWROeclNaWAWbJ/UWcqUKKFhjzq5X","previousCounter":0,"rootKey":"y/boU5DSCTOenavA8KEO0rP2ycjpoYABkDSgUHc0frY="},"indexInfo":{"baseKey":"BXfmU0aiQYZJMLvUCM2w69CFoH3VWEYPmbNiAXNX7vMy","baseKeyType":1,"closed":1715769541066,"used":1715769138746,"created":1715769138746,"remoteIdentityKey":"BRMOWBe3B8oC56ic6v/mud9hhdhYOJWGu5+o7kDhcHNY"},"_chains":{"BQMMSgGYEb3G4fGy9YdiGT5glNEvTCa4xInVfvltfQN/":{"chainKey":{"counter":0,"key":"Npm0cU/I0Uzg6hob3s4sWUX5+CCf2yD3Esnyw8SSVlc="},"chainType":1,"messageKeys":{}}},"pendingPreKey":{"signedKeyId":1,"baseKey":"BXfmU0aiQYZJMLvUCM2w69CFoH3VWEYPmbNiAXNX7vMy","preKeyId":10131810}},"Bc61jMNZBazfBYo5UR3lNqYnypqsM9Sn2eFvhaV87UB8":{"registrationId":704914582,"currentRatchet":{"ephemeralKeyPair":{"pubKey":"BdkRpYm4FRnbqocytlbS2hsguURBM56EdpoKFZ9DSvVE","privKey":"cEL+nl4LoCRgEt3smpBYcBZxl6cPF7Tyv6m+/ogSuHQ="},"lastRemoteEphemeralKey":"Bel4GQzhspwPItTLWROeclNaWAWbJ/UWcqUKKFhjzq5X","previousCounter":0,"rootKey":"Na9E2E1psN4+NrYIZlia1X/OzrhmZq0bxKEEWX96P04="},"indexInfo":{"baseKey":"Bc61jMNZBazfBYo5UR3lNqYnypqsM9Sn2eFvhaV87UB8","baseKeyType":1,"closed":1715769554637,"used":1715769541061,"created":1715769541061,"remoteIdentityKey":"BRMOWBe3B8oC56ic6v/mud9hhdhYOJWGu5+o7kDhcHNY"},"_chains":{"BdkRpYm4FRnbqocytlbS2hsguURBM56EdpoKFZ9DSvVE":{"chainKey":{"counter":-1,"key":"qTofuC20n+4j2gq2ttYA+qOn54AIa+mJphywDdi/PLs="},"chainType":1,"messageKeys":{}}},"pendingPreKey":{"signedKeyId":1,"baseKey":"Bc61jMNZBazfBYo5UR3lNqYnypqsM9Sn2eFvhaV87UB8","preKeyId":10131156}},"BcZNoigMexbs8zxVs4JNInmef+JXY8bW3bhhInigypEM":{"registrationId":704914582,"currentRatchet":{"ephemeralKeyPair":{"pubKey":"BUVurxX8gxfGSVMXWRvdcOvF4LP1GLCvk5x9rWx7Mb8L","privKey":"uCwDjfS9zj6tGRnNEDAQ1xpmDn+DvQhyuEh9g4Fx8Xs="},"lastRemoteEphemeralKey":"Bel4GQzhspwPItTLWROeclNaWAWbJ/UWcqUKKFhjzq5X","previousCounter":0,"rootKey":"eX2x7ksjooSQhM8S99O15tqbailgIUzpsIhDSqY8r0E="},"indexInfo":{"baseKey":"BcZNoigMexbs8zxVs4JNInmef+JXY8bW3bhhInigypEM","baseKeyType":1,"closed":-1,"used":1715769554632,"created":1715769554632,"remoteIdentityKey":"BRMOWBe3B8oC56ic6v/mud9hhdhYOJWGu5+o7kDhcHNY"},"_chains":{"BUVurxX8gxfGSVMXWRvdcOvF4LP1GLCvk5x9rWx7Mb8L":{"chainKey":{"counter":-1,"key":"D+ETCJkBNF77iQbAjpIGcNo619tRgwWtRY5GT6ER6HA="},"chainType":1,"messageKeys":{}}},"pendingPreKey":{"signedKeyId":1,"baseKey":"BcZNoigMexbs8zxVs4JNInmef+JXY8bW3bhhInigypEM","preKeyId":10131050}}},"version":"v1"}