{"_sessions":{"BfxmHGOend8JZ6pagurFZCeJATC+YxsCu5At1+6xpvVW":{"registrationId":578976626,"currentRatchet":{"ephemeralKeyPair":{"pubKey":"BWI0HTljfstBJ3Qv4SAuX79p/5htbF1dLP4s3q1veKUj","privKey":"IMns2KKeG7kFAtvJmJuPCnITr/ts+ArFGxHRooPlBVM="},"lastRemoteEphemeralKey":"BUszA/DYSuM9FSVndr1OKNEKgAGMgvHE10kWB60h1c0R","previousCounter":0,"rootKey":"fzCNeHk44txrYee0FFmoCz3+8KD6NgfokAjREq3CLqs="},"indexInfo":{"baseKey":"BfxmHGOend8JZ6pagurFZCeJATC+YxsCu5At1+6xpvVW","baseKeyType":1,"closed":-1,"used":1715769138610,"created":1715769138610,"remoteIdentityKey":"BYFIern67+UzaMtyWJltoYjCepjj2v09j98cmyXkMKMp"},"_chains":{"BWI0HTljfstBJ3Qv4SAuX79p/5htbF1dLP4s3q1veKUj":{"chainKey":{"counter":0,"key":"i5hhWqNKtsTMSMSSzEKfQu6thsBqDzXJ7mBlHkYzGxQ="},"chainType":1,"messageKeys":{}}},"pendingPreKey":{"signedKeyId":1,"baseKey":"BfxmHGOend8JZ6pagurFZCeJATC+YxsCu5At1+6xpvVW","preKeyId":14135658}}},"version":"v1"}