{"_sessions":{"BcC9hWR5WArNg6WeKxqE+QsW7s5ol1MOIlD/jrszFIFA":{"registrationId":2094715174,"currentRatchet":{"ephemeralKeyPair":{"pubKey":"BW6owS/3Vg8sKytO7bXeoIQeRv1MhigbLsnJ+n5EJatS","privKey":"EH+TOU9ak09PYS0vd2KDK+Hz+CiUimohisO+NjWCnGY="},"lastRemoteEphemeralKey":"BYPMA41B04lYOtWlBClijmNdMeDqygTZgEQ06EF+kxh7","previousCounter":0,"rootKey":"ZYjLqfrbC2BPeOYj9kjxwo1UGveAXrKZkqnj/M1zn+0="},"indexInfo":{"baseKey":"BcC9hWR5WArNg6WeKxqE+QsW7s5ol1MOIlD/jrszFIFA","baseKeyType":1,"closed":1715769585594,"used":1715769138689,"created":1715769138689,"remoteIdentityKey":"BXYdbmfEaD9tyD5CDnzr0HMX2PFZ9kG8dnVNpjIC4Np0"},"_chains":{"BW6owS/3Vg8sKytO7bXeoIQeRv1MhigbLsnJ+n5EJatS":{"chainKey":{"counter":0,"key":"iHYk+fapeBm2+yC27OadEsK2sTWySGlTWRNbsqSrTZM="},"chainType":1,"messageKeys":{}}},"pendingPreKey":{"signedKeyId":12,"baseKey":"BcC9hWR5WArNg6WeKxqE+QsW7s5ol1MOIlD/jrszFIFA","preKeyId":4714752}},"BZMY89hMy8cPvYpxKgc0qmAoXlP/6vQGUFgHOlDOC30X":{"registrationId":2094715174,"currentRatchet":{"ephemeralKeyPair":{"pubKey":"BWql4hXQH3QaS4qGbQsA6IA+hD5NSD3YcRJNp8vCw95H","privKey":"OIDjAS+esssm6D4wdQwoH7m+uGxjQ0iZS0OLB8L0dlc="},"lastRemoteEphemeralKey":"BYPMA41B04lYOtWlBClijmNdMeDqygTZgEQ06EF+kxh7","previousCounter":0,"rootKey":"N+D78+yhU2mMIutURX+KkLx6TNO+ypIwz4ExGYA25AA="},"indexInfo":{"baseKey":"BZMY89hMy8cPvYpxKgc0qmAoXlP/6vQGUFgHOlDOC30X","baseKeyType":1,"closed":1715769585889,"used":1715769585581,"created":1715769585581,"remoteIdentityKey":"BXYdbmfEaD9tyD5CDnzr0HMX2PFZ9kG8dnVNpjIC4Np0"},"_chains":{"BWql4hXQH3QaS4qGbQsA6IA+hD5NSD3YcRJNp8vCw95H":{"chainKey":{"counter":-1,"key":"ZUPMnUcvzX0a68I8haRAVShkr2w0PHkcoESliQ0HjlM="},"chainType":1,"messageKeys":{}}},"pendingPreKey":{"signedKeyId":12,"baseKey":"BZMY89hMy8cPvYpxKgc0qmAoXlP/6vQGUFgHOlDOC30X","preKeyId":4714789}},"Ba5vUxjPbauRSGZP5qPcAQ1EDJlxFOqSa0l9eTIoZ1Vj":{"registrationId":2094715174,"currentRatchet":{"ephemeralKeyPair":{"pubKey":"BZvGti0EVd6tEJT+6aaxTwt0EcRpT3SBEww+O+hNQvUh","privKey":"OPQwdbs/KdVznbUdjKhFfSrnDnQxpyyVVNbFcTKTU3Q="},"lastRemoteEphemeralKey":"BYPMA41B04lYOtWlBClijmNdMeDqygTZgEQ06EF+kxh7","previousCounter":0,"rootKey":"501Kpd8b0LCXSPgUpo6ay8Dyv+yfhN0rjteciN70E3Y="},"indexInfo":{"baseKey":"Ba5vUxjPbauRSGZP5qPcAQ1EDJlxFOqSa0l9eTIoZ1Vj","baseKeyType":1,"closed":-1,"used":1715769585884,"created":1715769585884,"remoteIdentityKey":"BXYdbmfEaD9tyD5CDnzr0HMX2PFZ9kG8dnVNpjIC4Np0"},"_chains":{"BZvGti0EVd6tEJT+6aaxTwt0EcRpT3SBEww+O+hNQvUh":{"chainKey":{"counter":-1,"key":"lUY0rxECiDDL0/cWnk8E41dB6YjW6xbfUxsrOyqlVWo="},"chainType":1,"messageKeys":{}}},"pendingPreKey":{"signedKeyId":12,"baseKey":"Ba5vUxjPbauRSGZP5qPcAQ1EDJlxFOqSa0l9eTIoZ1Vj","preKeyId":4714803}}},"version":"v1"}