{"_sessions":{"BQzgXisVOa3FtI23W6LGLtW9EY9in9bssy1S9KC9e/Y6":{"registrationId":646863509,"currentRatchet":{"ephemeralKeyPair":{"pubKey":"BQr64nOYnQYqggTPBYE139Pmlja5EMWnHJ/u7VEa2N5L","privKey":"+ATTHf7SB4mXLWQ9RrpqWJlBhNcrFSem3faKHnICiFc="},"lastRemoteEphemeralKey":"BZac7D1SygKvO8aneJPg/GqWfoRPxvsfmHkJ1hYI+/By","previousCounter":0,"rootKey":"Vh0DRhSfOluCBj0rVJ7XmSp+jFaxy9qNQD2rQ2dCbtQ="},"indexInfo":{"baseKey":"BQzgXisVOa3FtI23W6LGLtW9EY9in9bssy1S9KC9e/Y6","baseKeyType":1,"closed":1715769563890,"used":1715769138702,"created":1715769138702,"remoteIdentityKey":"BebgSxUYcGqHXjdYd0DLSM3I9QRa1XkT9NTRVabquAps"},"_chains":{"BQr64nOYnQYqggTPBYE139Pmlja5EMWnHJ/u7VEa2N5L":{"chainKey":{"counter":0,"key":"8sJb9pW/pjokeIh0RdbKhzFpk73PWyho8Iinjrq5rrg="},"chainType":1,"messageKeys":{}}},"pendingPreKey":{"signedKeyId":7,"baseKey":"BQzgXisVOa3FtI23W6LGLtW9EY9in9bssy1S9KC9e/Y6","preKeyId":3264360}},"BQBr5gOcIO8YCRoN/s37xKlmEgC61ujuonRY4tRjGtBH":{"registrationId":646863509,"currentRatchet":{"ephemeralKeyPair":{"pubKey":"BclrWjGfK/Bfzm7znE2iL7hSBarM2vldz6jqCLFOKTYr","privKey":"GC3Pvk/DiK8eZ0BIRHJN/VcU/HOATWTp56echtzu7ks="},"lastRemoteEphemeralKey":"BZac7D1SygKvO8aneJPg/GqWfoRPxvsfmHkJ1hYI+/By","previousCounter":0,"rootKey":"uNFgPuf8qIuEb8PfuM8ByhVmUn9gfsYWw/uCQl9zs/s="},"indexInfo":{"baseKey":"BQBr5gOcIO8YCRoN/s37xKlmEgC61ujuonRY4tRjGtBH","baseKeyType":1,"closed":1715769564212,"used":1715769563886,"created":1715769563886,"remoteIdentityKey":"BebgSxUYcGqHXjdYd0DLSM3I9QRa1XkT9NTRVabquAps"},"_chains":{"BclrWjGfK/Bfzm7znE2iL7hSBarM2vldz6jqCLFOKTYr":{"chainKey":{"counter":-1,"key":"8/qoGN6wQWasBDi7OYmBxj97CcvJpvhljYUBTPDEkmI="},"chainType":1,"messageKeys":{}}},"pendingPreKey":{"signedKeyId":7,"baseKey":"BQBr5gOcIO8YCRoN/s37xKlmEgC61ujuonRY4tRjGtBH","preKeyId":3264462}},"BesMujaSCIwKhb6vEKj7bOPqyvPnxr+DP7QPkaIYm6Rz":{"registrationId":646863509,"currentRatchet":{"ephemeralKeyPair":{"pubKey":"Bb/Iv/Gc2SOv4quq0sWph4ha/ZQzfyToEk2bmUvSK+h9","privKey":"+BQTpGFuQK3cp/mRl9PAj1bIS18RfAgx7QMMTzu6cn4="},"lastRemoteEphemeralKey":"BZac7D1SygKvO8aneJPg/GqWfoRPxvsfmHkJ1hYI+/By","previousCounter":0,"rootKey":"Cub7L8/o4BiB7qYVbkb6YBlMAkwDeEgEJTcMMcHRYo0="},"indexInfo":{"baseKey":"BesMujaSCIwKhb6vEKj7bOPqyvPnxr+DP7QPkaIYm6Rz","baseKeyType":1,"closed":-1,"used":1715769564207,"created":1715769564207,"remoteIdentityKey":"BebgSxUYcGqHXjdYd0DLSM3I9QRa1XkT9NTRVabquAps"},"_chains":{"Bb/Iv/Gc2SOv4quq0sWph4ha/ZQzfyToEk2bmUvSK+h9":{"chainKey":{"counter":-1,"key":"YgkL0iGiJzxZoSwPJne3kia9keUFU/raeghhOPK5nRU="},"chainType":1,"messageKeys":{}}},"pendingPreKey":{"signedKeyId":7,"baseKey":"BesMujaSCIwKhb6vEKj7bOPqyvPnxr+DP7QPkaIYm6Rz","preKeyId":3264397}}},"version":"v1"}