{"_sessions":{"BSmRfYfkSL6rBqjabjjh0nnWdD5mbfA35mt3rb3k2aJq":{"registrationId":1898991875,"currentRatchet":{"ephemeralKeyPair":{"pubKey":"BU0vFIA1Ry999HOgOvyGJTW7e05yQLJ0tChcbMJHqUgn","privKey":"eBDDPiR9ztciurCyxmOMguLg4/DjUOOx8GsOulrQnXU="},"lastRemoteEphemeralKey":"BSOAYfvPnaUAl+OAdVu/YWQY2ybBW79/9+ZOb17flg4X","previousCounter":0,"rootKey":"NLtK0vRq2PUlutYIzDWY8yyC3ddVBrF0oHFW7eiJd8g="},"indexInfo":{"baseKey":"BSmRfYfkSL6rBqjabjjh0nnWdD5mbfA35mt3rb3k2aJq","baseKeyType":1,"closed":1715769527232,"used":1715769138633,"created":1715769138633,"remoteIdentityKey":"BX+KitUnwKHc8dG31aB6F0v+6MVEYKmyyAdUfDmoPjQa"},"_chains":{"BU0vFIA1Ry999HOgOvyGJTW7e05yQLJ0tChcbMJHqUgn":{"chainKey":{"counter":0,"key":"ZCy3Y24xxStgNMxZTU75FWaNk0cN6Osdf7bz9WXQ+84="},"chainType":1,"messageKeys":{}}},"pendingPreKey":{"signedKeyId":4,"baseKey":"BSmRfYfkSL6rBqjabjjh0nnWdD5mbfA35mt3rb3k2aJq","preKeyId":10759393}},"BT62w5dpyq8js5yIiURyvYe9fLeh/ZqWnVPirxlgu/wE":{"registrationId":1898991875,"currentRatchet":{"ephemeralKeyPair":{"pubKey":"BZ1F6hulqzCtZZb0nhGUQi2/ZvgVWmE4k12tToVCwZk1","privKey":"aO6/1HlLOywSYyPcdOFNnNpHNNpLiplhxguqWDBs1F4="},"lastRemoteEphemeralKey":"BSOAYfvPnaUAl+OAdVu/YWQY2ybBW79/9+ZOb17flg4X","previousCounter":0,"rootKey":"FnlXozSHuWuaz6emg4s4z7bbE3VGAvQpE9umX1tWwBM="},"indexInfo":{"baseKey":"BT62w5dpyq8js5yIiURyvYe9fLeh/ZqWnVPirxlgu/wE","baseKeyType":1,"closed":1715769532406,"used":1715769527226,"created":1715769527226,"remoteIdentityKey":"BX+KitUnwKHc8dG31aB6F0v+6MVEYKmyyAdUfDmoPjQa"},"_chains":{"BZ1F6hulqzCtZZb0nhGUQi2/ZvgVWmE4k12tToVCwZk1":{"chainKey":{"counter":-1,"key":"/lUtoQutbTUXR8Y8t2zd0VS5Qnj99k1c2nnGQyOsPXM="},"chainType":1,"messageKeys":{}}},"pendingPreKey":{"signedKeyId":4,"baseKey":"BT62w5dpyq8js5yIiURyvYe9fLeh/ZqWnVPirxlgu/wE","preKeyId":10759444}},"BfEEfcZE+1EnS/BMqZG5ev7UW577GK1qWwCzU0SE42ZQ":{"registrationId":1898991875,"currentRatchet":{"ephemeralKeyPair":{"pubKey":"BetD8NFlschia7uthqQyOkhZZjD/dcz7+gzYeOOcPJF7","privKey":"8FFYsGGmBr3jW2p0z8Dih8EGkUDPJ8XT748pamWWj0o="},"lastRemoteEphemeralKey":"BSOAYfvPnaUAl+OAdVu/YWQY2ybBW79/9+ZOb17flg4X","previousCounter":0,"rootKey":"D+QUm2VSYwCkA5Qfm2igXgRlh9XejrjHPEH4G/9cuxU="},"indexInfo":{"baseKey":"BfEEfcZE+1EnS/BMqZG5ev7UW577GK1qWwCzU0SE42ZQ","baseKeyType":1,"closed":-1,"used":1715769532401,"created":1715769532401,"remoteIdentityKey":"BX+KitUnwKHc8dG31aB6F0v+6MVEYKmyyAdUfDmoPjQa"},"_chains":{"BetD8NFlschia7uthqQyOkhZZjD/dcz7+gzYeOOcPJF7":{"chainKey":{"counter":-1,"key":"rk2ELymFs+vCpBgcd6sotIF+pyz733wmUpsOtP6Kbuo="},"chainType":1,"messageKeys":{}}},"pendingPreKey":{"signedKeyId":4,"baseKey":"BfEEfcZE+1EnS/BMqZG5ev7UW577GK1qWwCzU0SE42ZQ","preKeyId":10760181}}},"version":"v1"}