{"_sessions":{"BegGZMuQji33+I+lgMoiz7nXMqBlI4NdD+Cumys3DK1c":{"registrationId":759428642,"currentRatchet":{"ephemeralKeyPair":{"pubKey":"BTEQw/tWn4LM2CTQ+151KXzbt6vOSjSgmvgcsRPLUklG","privKey":"CO2bJqumB8raNq+yiA4/iMMaOxKI/YWzP5i69w30KGo="},"lastRemoteEphemeralKey":"BRJnozuGYqDagg0XAeOgFiOsyfd82RAsgeG9ASDAwtMG","previousCounter":0,"rootKey":"S3GeLQ3GcdttAEhUFgfylD9AD/qZeXIDFOY2EXYDK6w="},"indexInfo":{"baseKey":"BegGZMuQji33+I+lgMoiz7nXMqBlI4NdD+Cumys3DK1c","baseKeyType":1,"closed":1715769560993,"used":1715769138484,"created":1715769138484,"remoteIdentityKey":"BZn4posziFS3pxLQQnVYxzW6QFKhTc9xNlNyr3OFSXpv"},"_chains":{"BTEQw/tWn4LM2CTQ+151KXzbt6vOSjSgmvgcsRPLUklG":{"chainKey":{"counter":0,"key":"c1EoZfq0MNM9eiZO9aQmZxeqswIafbASkX8dSe+DoIA="},"chainType":1,"messageKeys":{}}},"pendingPreKey":{"signedKeyId":6051769,"baseKey":"BegGZMuQji33+I+lgMoiz7nXMqBlI4NdD+Cumys3DK1c","preKeyId":816}},"BQn7g2AViRWUvkWlyTNJYDDhOqOw1jyh8u7qEzA15DAc":{"registrationId":759428642,"currentRatchet":{"ephemeralKeyPair":{"pubKey":"Ba37DY7B9uP5CUJI+N9ZNwWf1OoS9VT2oycg5THBCngE","privKey":"KL6fYRpSMIK3Cq+qyZUdCmaYR92j6JMzGUGyOlDj8UM="},"lastRemoteEphemeralKey":"BRJnozuGYqDagg0XAeOgFiOsyfd82RAsgeG9ASDAwtMG","previousCounter":0,"rootKey":"V4BWHdCiBj73FWrhRYzSZ6/Wac4fJ/G1mzBSUobrqxA="},"indexInfo":{"baseKey":"BQn7g2AViRWUvkWlyTNJYDDhOqOw1jyh8u7qEzA15DAc","baseKeyType":1,"closed":1715769561321,"used":1715769560986,"created":1715769560986,"remoteIdentityKey":"BZn4posziFS3pxLQQnVYxzW6QFKhTc9xNlNyr3OFSXpv"},"_chains":{"Ba37DY7B9uP5CUJI+N9ZNwWf1OoS9VT2oycg5THBCngE":{"chainKey":{"counter":-1,"key":"Rh2vMybwY0GtEtuVzD4ruf3b+Qhbn2DkHUWrlCxrRMs="},"chainType":1,"messageKeys":{}}},"pendingPreKey":{"signedKeyId":6051769,"baseKey":"BQn7g2AViRWUvkWlyTNJYDDhOqOw1jyh8u7qEzA15DAc","preKeyId":837}},"BVZhnjcGrTKjCOrEvNilCrUmxzLKLPSid7hBeY+LnNVL":{"registrationId":759428642,"currentRatchet":{"ephemeralKeyPair":{"pubKey":"BWb/DcFqnxAO14kdcbD03vAQXBNg77G0ly6cKYAB5PIL","privKey":"qBfByGF3/kjypd3xCnSy3n/PdVM4piR6NbFiFX1J/Wk="},"lastRemoteEphemeralKey":"BRJnozuGYqDagg0XAeOgFiOsyfd82RAsgeG9ASDAwtMG","previousCounter":0,"rootKey":"wxHCq5eFsEWyjjdAXPsJVvDSiqTgzcGaFblI/v+gtQw="},"indexInfo":{"baseKey":"BVZhnjcGrTKjCOrEvNilCrUmxzLKLPSid7hBeY+LnNVL","baseKeyType":1,"closed":1715769644126,"used":1715769561317,"created":1715769561317,"remoteIdentityKey":"BZn4posziFS3pxLQQnVYxzW6QFKhTc9xNlNyr3OFSXpv"},"_chains":{"BWb/DcFqnxAO14kdcbD03vAQXBNg77G0ly6cKYAB5PIL":{"chainKey":{"counter":-1,"key":"ED3KvqXvi8JR4p2VpzJI6vUlP8UEXdKsvMZP0NCUTPY="},"chainType":1,"messageKeys":{}}},"pendingPreKey":{"signedKeyId":6051769,"baseKey":"BVZhnjcGrTKjCOrEvNilCrUmxzLKLPSid7hBeY+LnNVL","preKeyId":872}},"BS08scAQW7lAPR7JZYv6NCAFX7642h6rO0Pc3erHT2JW":{"registrationId":759428642,"currentRatchet":{"ephemeralKeyPair":{"pubKey":"BRSgNgZCCCj22Uhjfch6sFJbaXAFwdJLli90fmM4ggci","privKey":"GAR4i/BMJ0GhkBjEX6+KW9ZBv4pvOT6zi1vkN94oGnE="},"lastRemoteEphemeralKey":"BRJnozuGYqDagg0XAeOgFiOsyfd82RAsgeG9ASDAwtMG","previousCounter":0,"rootKey":"iCoSs5ZnnhGkOY4zIVGZY638875KcUsF5wP0H2b8yIU="},"indexInfo":{"baseKey":"BS08scAQW7lAPR7JZYv6NCAFX7642h6rO0Pc3erHT2JW","baseKeyType":1,"closed":1715769644423,"used":1715769644121,"created":1715769644121,"remoteIdentityKey":"BZn4posziFS3pxLQQnVYxzW6QFKhTc9xNlNyr3OFSXpv"},"_chains":{"BRSgNgZCCCj22Uhjfch6sFJbaXAFwdJLli90fmM4ggci":{"chainKey":{"counter":-1,"key":"bHq1odZVDD7sPE36JxtTVomFwh4l6yIqOQYcTZ11FTY="},"chainType":1,"messageKeys":{}}},"pendingPreKey":{"signedKeyId":6051769,"baseKey":"BS08scAQW7lAPR7JZYv6NCAFX7642h6rO0Pc3erHT2JW","preKeyId":857}},"BUWE1F+fGXwjmWVikdib7RRKWAWAWuIBDazq0JRra70f":{"registrationId":759428642,"currentRatchet":{"ephemeralKeyPair":{"pubKey":"Bf3UiCJUMSM5PI0dkdJ+QcmIs5vyDQA7CFG9+hgddX81","privKey":"UGO1iiuxN9VEMgZydH7tly67BQqQ/i6h1fs6TXyI2X0="},"lastRemoteEphemeralKey":"BRJnozuGYqDagg0XAeOgFiOsyfd82RAsgeG9ASDAwtMG","previousCounter":0,"rootKey":"MnLsCW+ZF13JhcRdsbil4ny1Lusqa6887P1e45JJyMc="},"indexInfo":{"baseKey":"BUWE1F+fGXwjmWVikdib7RRKWAWAWuIBDazq0JRra70f","baseKeyType":1,"closed":-1,"used":1715769644418,"created":1715769644418,"remoteIdentityKey":"BZn4posziFS3pxLQQnVYxzW6QFKhTc9xNlNyr3OFSXpv"},"_chains":{"Bf3UiCJUMSM5PI0dkdJ+QcmIs5vyDQA7CFG9+hgddX81":{"chainKey":{"counter":-1,"key":"RDHJA1ytGIQcX9AKRaO16LuAzGc4URXputYHaTpORTI="},"chainType":1,"messageKeys":{}}},"pendingPreKey":{"signedKeyId":6051769,"baseKey":"BUWE1F+fGXwjmWVikdib7RRKWAWAWuIBDazq0JRra70f","preKeyId":1012}}},"version":"v1"}