{"_sessions":{"BRKJM0Kgf3dcEej/EZ2FsM/tFhH/POkVF3phYlnBSmFH":{"registrationId":804121832,"currentRatchet":{"ephemeralKeyPair":{"pubKey":"BadKQrHly67rwn8xkf7/DW1zBMhWbfNEAU5nR6CXqCIM","privKey":"uJR+gPhphUKdhA55XKB0RS/3rsBVhhLM0/S8JvelYHY="},"lastRemoteEphemeralKey":"BVL7MLvZtCHKz3zM89/zON2dYawOhIMFOmHV4JEtU2wX","previousCounter":0,"rootKey":"+zbxCJuRUvNvy8SiLamwIwXN7E+9RM/CX09QOqtUMME="},"indexInfo":{"baseKey":"BRKJM0Kgf3dcEej/EZ2FsM/tFhH/POkVF3phYlnBSmFH","baseKeyType":1,"closed":1715769558927,"used":1715769138716,"created":1715769138716,"remoteIdentityKey":"BbwwoLdWbC42JlaWbYcIwjCp+/6ee3t1PC6g77RYX91L"},"_chains":{"BadKQrHly67rwn8xkf7/DW1zBMhWbfNEAU5nR6CXqCIM":{"chainKey":{"counter":0,"key":"I7uX9fpOguTX+VoCPKhIspkprwVVU5KEaxUu80NeMpQ="},"chainType":1,"messageKeys":{}}},"pendingPreKey":{"signedKeyId":1,"baseKey":"BRKJM0Kgf3dcEej/EZ2FsM/tFhH/POkVF3phYlnBSmFH","preKeyId":6929751}},"Bb1j9HCd/BPyjHbi9Z4lbPS9lJgGd+paCaZVHCabpycP":{"registrationId":804121832,"currentRatchet":{"ephemeralKeyPair":{"pubKey":"BSMvjqcv/a+6EciXzjJh1JLaVuFFdGeCvJRBuODYg9Zo","privKey":"uAWCFNIAiFfGM5bqRD1hcrXMoCcHJcm7YJGCFEgr+H4="},"lastRemoteEphemeralKey":"BVL7MLvZtCHKz3zM89/zON2dYawOhIMFOmHV4JEtU2wX","previousCounter":0,"rootKey":"zfFOT63iFCNOXKgUrTYglXd6Xbtb/SDhaDoTXmJ9e0A="},"indexInfo":{"baseKey":"Bb1j9HCd/BPyjHbi9Z4lbPS9lJgGd+paCaZVHCabpycP","baseKeyType":1,"closed":1715769559509,"used":1715769558922,"created":1715769558922,"remoteIdentityKey":"BbwwoLdWbC42JlaWbYcIwjCp+/6ee3t1PC6g77RYX91L"},"_chains":{"BSMvjqcv/a+6EciXzjJh1JLaVuFFdGeCvJRBuODYg9Zo":{"chainKey":{"counter":-1,"key":"7AzJH85c7gIp2q0sH3DTNh++KNeK4daHids/WdGM/Pk="},"chainType":1,"messageKeys":{}}},"pendingPreKey":{"signedKeyId":1,"baseKey":"Bb1j9HCd/BPyjHbi9Z4lbPS9lJgGd+paCaZVHCabpycP","preKeyId":6929800}},"BZOK/QT9cZ4uS1JCn3EjTs/xw22vtNmJZN2wj5tUnN95":{"registrationId":804121832,"currentRatchet":{"ephemeralKeyPair":{"pubKey":"BSwKEmXMe0emRaTSS3Vj4XVn5iVB0ekVZeufxhN6cyNt","privKey":"aIG38FQJjRXZ7QizeKSCmHOzazu3KWlutpdA2Cg3LX8="},"lastRemoteEphemeralKey":"BVL7MLvZtCHKz3zM89/zON2dYawOhIMFOmHV4JEtU2wX","previousCounter":0,"rootKey":"oGtWPb9XW7LxZxgrbggeMVC8xwSGEO/E1JtQ0IjFHGo="},"indexInfo":{"baseKey":"BZOK/QT9cZ4uS1JCn3EjTs/xw22vtNmJZN2wj5tUnN95","baseKeyType":1,"closed":-1,"used":1715769559505,"created":1715769559505,"remoteIdentityKey":"BbwwoLdWbC42JlaWbYcIwjCp+/6ee3t1PC6g77RYX91L"},"_chains":{"BSwKEmXMe0emRaTSS3Vj4XVn5iVB0ekVZeufxhN6cyNt":{"chainKey":{"counter":-1,"key":"hQIfIVkuCXDDUpXn29jC2FPWjKEMOOM9rOwhUz8Z5Go="},"chainType":1,"messageKeys":{}}},"pendingPreKey":{"signedKeyId":1,"baseKey":"BZOK/QT9cZ4uS1JCn3EjTs/xw22vtNmJZN2wj5tUnN95","preKeyId":6929324}}},"version":"v1"}