{"_sessions":{"BVfsCtaVudl4jRjX8ubPuLlH6rLXe634RjpFN8Slj6ol":{"registrationId":1909395019,"currentRatchet":{"ephemeralKeyPair":{"pubKey":"BS9XmFI2GUjWpVy1CXGOFxvbmPs0oXThNwwsaqeY1fF6","privKey":"IG/ALQZUz5zDpNgxzyHL+uiXtrLuEH3F1lU82XWjfGA="},"lastRemoteEphemeralKey":"BeWQqjbASmekkRNJA+/8V7VoXWsKb3OmL1GQOLEwHdJ5","previousCounter":0,"rootKey":"JeqpvgNZJgyeUYabZhbjLbdhK2MPRoX7ig0HMSjGGQU="},"indexInfo":{"baseKey":"BVfsCtaVudl4jRjX8ubPuLlH6rLXe634RjpFN8Slj6ol","baseKeyType":1,"closed":-1,"used":1715769138555,"created":1715769138555,"remoteIdentityKey":"BcVIaku6g/xxyvLNu07u1+KfdErgyV+Tmb/27T/AM19J"},"_chains":{"BS9XmFI2GUjWpVy1CXGOFxvbmPs0oXThNwwsaqeY1fF6":{"chainKey":{"counter":0,"key":"pl5ds5XRG3xvOSd3no8yWEPLkqRW4d5fyZYaERCfYQo="},"chainType":1,"messageKeys":{}}},"pendingPreKey":{"signedKeyId":0,"baseKey":"BVfsCtaVudl4jRjX8ubPuLlH6rLXe634RjpFN8Slj6ol","preKeyId":2381010}}},"version":"v1"}