{"_sessions":{"Bf9KiKIEfK0mO9EPiQYN1XLJzPZIIVP23JE9B+jqG10U":{"registrationId":1068677545,"currentRatchet":{"ephemeralKeyPair":{"pubKey":"BcLRhiIzz8rqkuoR8mwMDY2KUJpjA47UU3eUZ9ttz+J+","privKey":"kO4v9aL5mYRPIQGRM6H+oZlbfD4FzjtC6el9kv4PZGw="},"lastRemoteEphemeralKey":"BYYj4IzWYDLvF0kU/r0s7u41iAncbcTb2DsDpvVNTzx5","previousCounter":0,"rootKey":"n3os3w9KgwBKG0GmbTeDtWed+SX61uqgaboS/9KmnIM="},"indexInfo":{"baseKey":"Bf9KiKIEfK0mO9EPiQYN1XLJzPZIIVP23JE9B+jqG10U","baseKeyType":1,"closed":1715769556365,"used":1715769138520,"created":1715769138520,"remoteIdentityKey":"BX1oFvySvwUhUWDUx4B3ZT8z6bfERaUb72LRxjMn1ap2"},"_chains":{"BcLRhiIzz8rqkuoR8mwMDY2KUJpjA47UU3eUZ9ttz+J+":{"chainKey":{"counter":0,"key":"OHz7YKuGwxY6AnL2rfmHoMIIwmNDhVmeM3ShATe0wNI="},"chainType":1,"messageKeys":{}}},"pendingPreKey":{"signedKeyId":1,"baseKey":"Bf9KiKIEfK0mO9EPiQYN1XLJzPZIIVP23JE9B+jqG10U","preKeyId":154630}},"Bc7OOuQQz7VSYFd2IuoX5f8BqDoq6POrsURoAparCfgB":{"registrationId":1068677545,"currentRatchet":{"ephemeralKeyPair":{"pubKey":"Bf8Ek+i1vhMcowQSlU6E76eXiLQFPj3F0e+zEFjmLWN7","privKey":"8KXf+bZcN1oMKj0i1BR30y4Fh1lR4y2DNTkY8icgQXQ="},"lastRemoteEphemeralKey":"BYYj4IzWYDLvF0kU/r0s7u41iAncbcTb2DsDpvVNTzx5","previousCounter":0,"rootKey":"viqgCCVDSKoAeBh0M5QRKpEZjd7JilCSkGAU5fayzXk="},"indexInfo":{"baseKey":"Bc7OOuQQz7VSYFd2IuoX5f8BqDoq6POrsURoAparCfgB","baseKeyType":1,"closed":1715769556639,"used":1715769556360,"created":1715769556360,"remoteIdentityKey":"BX1oFvySvwUhUWDUx4B3ZT8z6bfERaUb72LRxjMn1ap2"},"_chains":{"Bf8Ek+i1vhMcowQSlU6E76eXiLQFPj3F0e+zEFjmLWN7":{"chainKey":{"counter":-1,"key":"VICEdF5yuBfto5ENVJI/TGp2a1eSv6Am/dsTulvGw4g="},"chainType":1,"messageKeys":{}}},"pendingPreKey":{"signedKeyId":1,"baseKey":"Bc7OOuQQz7VSYFd2IuoX5f8BqDoq6POrsURoAparCfgB","preKeyId":154508}},"BdqOKIa377crR3mTGblGiPXG81GtxZIVLwl0gXrQjy8S":{"registrationId":1068677545,"currentRatchet":{"ephemeralKeyPair":{"pubKey":"BaSh3+fj5EtYjsJ05sKqDi5eo1VmfzM7MXRSajEwhrIs","privKey":"KCQY17ls7V/hRCN96nyXcgKQcdLL1KN5GOJSiaMYgmY="},"lastRemoteEphemeralKey":"BYYj4IzWYDLvF0kU/r0s7u41iAncbcTb2DsDpvVNTzx5","previousCounter":0,"rootKey":"oBWV7j8Mjh9SjUSXmlMbNJ+Ud/aCssCeLASN+cyZRO0="},"indexInfo":{"baseKey":"BdqOKIa377crR3mTGblGiPXG81GtxZIVLwl0gXrQjy8S","baseKeyType":1,"closed":-1,"used":1715769556627,"created":1715769556627,"remoteIdentityKey":"BX1oFvySvwUhUWDUx4B3ZT8z6bfERaUb72LRxjMn1ap2"},"_chains":{"BaSh3+fj5EtYjsJ05sKqDi5eo1VmfzM7MXRSajEwhrIs":{"chainKey":{"counter":-1,"key":"7+NYl0TrUcMDhGLvCeq3cIrEqdbFdnbpAeQ9nynoof0="},"chainType":1,"messageKeys":{}}},"pendingPreKey":{"signedKeyId":1,"baseKey":"BdqOKIa377crR3mTGblGiPXG81GtxZIVLwl0gXrQjy8S","preKeyId":153909}}},"version":"v1"}