{"_sessions":{"BUbHFJMY3+KjeLBheMezFI5XCotJzgioN8eIwh00YT1Y":{"registrationId":12054,"currentRatchet":{"ephemeralKeyPair":{"pubKey":"BS7Kljxwx8/D20ZWMSu3TFYr5bs2It6z7p9yunnR0dFg","privKey":"+GdpTCBVzFrK3xk86TFCFQm41zf9OGfi3pM4Q0px61Y="},"lastRemoteEphemeralKey":"BdDWGNkRrZsMbgbdRfzdFcNIt7w+aCz+GKgpUXUR8iko","previousCounter":0,"rootKey":"XgoLb97Z5UFC2hUG8lIofNEPLKrNsGLUo7rmbPoUCG0="},"indexInfo":{"baseKey":"BUbHFJMY3+KjeLBheMezFI5XCotJzgioN8eIwh00YT1Y","baseKeyType":1,"closed":-1,"used":1715769138270,"created":1715769138270,"remoteIdentityKey":"BZK4L1qc5wnBjAPw0jmgLUWmGo9PIT2SFLspAe9wWkom"},"_chains":{"BS7Kljxwx8/D20ZWMSu3TFYr5bs2It6z7p9yunnR0dFg":{"chainKey":{"counter":0,"key":"k1zv+G6VqcI31YMhm4X2PFzfDFVCxch/+ziQbqJ0JAw="},"chainType":1,"messageKeys":{}}},"pendingPreKey":{"signedKeyId":1,"baseKey":"BUbHFJMY3+KjeLBheMezFI5XCotJzgioN8eIwh00YT1Y"}}},"version":"v1"}