{"_sessions":{"BTdDIyNjAirJeWOgunnyuaN7LiaJx0JhCYMQbF5ZfXZ/":{"registrationId":289593631,"currentRatchet":{"ephemeralKeyPair":{"pubKey":"BefPiPnFRqYn8vX/Ck/4OHzQSwndalL1Wj/tWjPt0ihT","privKey":"oKWQxPsCwiddyDdG0pnvNfYObgBwu3ECcswFaEwRBXA="},"lastRemoteEphemeralKey":"Bc8CS4K9CAywCCSlrgjrXZ6mmpG+MZlj2roElpY3yaJW","previousCounter":0,"rootKey":"aqTkMJ8EWCDyu/7Cv3PF/UWFQ6Xeo3R5zilrSqEeCSc="},"indexInfo":{"baseKey":"BTdDIyNjAirJeWOgunnyuaN7LiaJx0JhCYMQbF5ZfXZ/","baseKeyType":1,"closed":-1,"used":1715769138620,"created":1715769138620,"remoteIdentityKey":"BXeny7pEUKdmqBeYifNLd9avObc4T4hqMb4hy3gL2dBF"},"_chains":{"BefPiPnFRqYn8vX/Ck/4OHzQSwndalL1Wj/tWjPt0ihT":{"chainKey":{"counter":0,"key":"wiaoP7fobX7j9VPVqzDbTIcw61FXj6WJuWCegBXbjMo="},"chainType":1,"messageKeys":{}}},"pendingPreKey":{"signedKeyId":1,"baseKey":"BTdDIyNjAirJeWOgunnyuaN7LiaJx0JhCYMQbF5ZfXZ/"}}},"version":"v1"}