{"_sessions":{"BVYTpfPsu8OuqKBBy6IBtThhIwZaTWJr2cUZeVQML9BI":{"registrationId":2037333908,"currentRatchet":{"ephemeralKeyPair":{"pubKey":"BZyc/8to1pLKqZWvHxQ5srhxVqpZB/eYc+0HUXxNOGwI","privKey":"GEuPdg1OZAfsFCe2iW+CjVO8DZOpkQeE4ZyUP286YFQ="},"lastRemoteEphemeralKey":"Bf81uq52u2DehxVr7ATPnMgbmu2rip38YMg5aTAx0KZ1","previousCounter":0,"rootKey":"4P1iIBG6QmcEgeEpTkyPsQexAxXFxAG27r10jh6zAlg="},"indexInfo":{"baseKey":"BVYTpfPsu8OuqKBBy6IBtThhIwZaTWJr2cUZeVQML9BI","baseKeyType":1,"closed":1715769561594,"used":1715769138686,"created":1715769138686,"remoteIdentityKey":"BfzSKzzYPg1hJrXWe+WTNXH64NbUZMaaU2Eo0AYMvCoI"},"_chains":{"BZyc/8to1pLKqZWvHxQ5srhxVqpZB/eYc+0HUXxNOGwI":{"chainKey":{"counter":0,"key":"XGSkLYPC/x/Wb9wXaZKDmvl4K+QdEjQ2CJMigTAKO9c="},"chainType":1,"messageKeys":{}}},"pendingPreKey":{"signedKeyId":34,"baseKey":"BVYTpfPsu8OuqKBBy6IBtThhIwZaTWJr2cUZeVQML9BI","preKeyId":16371128}},"BdO2eES4UwxmF3xFEiuzvYlA+03wad0P3hrPKp0oc+oA":{"registrationId":2037333908,"currentRatchet":{"ephemeralKeyPair":{"pubKey":"BXccTm9yDKTmFz8PyY90b9AUZJ5iSJLNpgJ9DL1E/vVl","privKey":"qHVB28lyleXvFmPeC5nD16Qe3dtY+gsKrjBhXDDhNHk="},"lastRemoteEphemeralKey":"Bf81uq52u2DehxVr7ATPnMgbmu2rip38YMg5aTAx0KZ1","previousCounter":0,"rootKey":"PmvhOSBfSrIwKOB/MOIiTPKmpSXVGNVZIeAM8yP7E3A="},"indexInfo":{"baseKey":"BdO2eES4UwxmF3xFEiuzvYlA+03wad0P3hrPKp0oc+oA","baseKeyType":1,"closed":1715769561865,"used":1715769561587,"created":1715769561587,"remoteIdentityKey":"BfzSKzzYPg1hJrXWe+WTNXH64NbUZMaaU2Eo0AYMvCoI"},"_chains":{"BXccTm9yDKTmFz8PyY90b9AUZJ5iSJLNpgJ9DL1E/vVl":{"chainKey":{"counter":-1,"key":"hbyqEoLtaFs0ZCYl3Nbpn3F/D/Uh0CFnj36udA//l3g="},"chainType":1,"messageKeys":{}}},"pendingPreKey":{"signedKeyId":34,"baseKey":"BdO2eES4UwxmF3xFEiuzvYlA+03wad0P3hrPKp0oc+oA","preKeyId":16371110}},"BeAK3onIzdnizOensG7g9HmPs28wzKQPldUw/d5cJgBc":{"registrationId":2037333908,"currentRatchet":{"ephemeralKeyPair":{"pubKey":"BcgI8xlfIvxZKC4EL/xMXfzekPiwk7VqFb3HA0QE4GFp","privKey":"wKAuySCzfLJKC5382O6pBJKvGmsogr77kWoKNCtk8FA="},"lastRemoteEphemeralKey":"Bf81uq52u2DehxVr7ATPnMgbmu2rip38YMg5aTAx0KZ1","previousCounter":0,"rootKey":"y9X+Rn6aMj3bqY1lrghX31+mhgAslmA+/yAjJiL0tZw="},"indexInfo":{"baseKey":"BeAK3onIzdnizOensG7g9HmPs28wzKQPldUw/d5cJgBc","baseKeyType":1,"closed":-1,"used":1715769561860,"created":1715769561860,"remoteIdentityKey":"BfzSKzzYPg1hJrXWe+WTNXH64NbUZMaaU2Eo0AYMvCoI"},"_chains":{"BcgI8xlfIvxZKC4EL/xMXfzekPiwk7VqFb3HA0QE4GFp":{"chainKey":{"counter":-1,"key":"BKlwIjlZWmMwtqk9ziItoWYwR7XH269rwEwbJhg7kP0="},"chainType":1,"messageKeys":{}}},"pendingPreKey":{"signedKeyId":34,"baseKey":"BeAK3onIzdnizOensG7g9HmPs28wzKQPldUw/d5cJgBc","preKeyId":16371505}}},"version":"v1"}