{"_sessions":{"BXtPdkn7wfJ/04tpMtsLdS2TSdPWEKHZ/9jD3/np57B8":{"registrationId":89,"currentRatchet":{"ephemeralKeyPair":{"pubKey":"BSCoZs5G4Yn++/o1+h/rvev3gDBGc024Z3iYGWtioThi","privKey":"kNjil43CCEQ8Xr8vwK0w4aG6QZloI7QLmACOVh1gm0Y="},"lastRemoteEphemeralKey":"BZU6lOSGrdKRoNu6UEdCxitdxuIPvNlIBP2C2runQLkz","previousCounter":0,"rootKey":"GXTLJhx6sShBGJZMhKqGSpvvL7c3v7nFyj8nOoBzKKA="},"indexInfo":{"baseKey":"BXtPdkn7wfJ/04tpMtsLdS2TSdPWEKHZ/9jD3/np57B8","baseKeyType":1,"closed":1715769545524,"used":1715769002563,"created":1715769002563,"remoteIdentityKey":"BQpTNWXlVAoCJ2fv7V2Z9P84LrQRsLuX4jOcy3ukxDVs"},"_chains":{"BSCoZs5G4Yn++/o1+h/rvev3gDBGc024Z3iYGWtioThi":{"chainKey":{"counter":16,"key":"QA8ioJ7cUEDCxLUaeO7WxipwU+/AefVj+3ftq99feKA="},"chainType":1,"messageKeys":{}}},"pendingPreKey":{"signedKeyId":1,"baseKey":"BXtPdkn7wfJ/04tpMtsLdS2TSdPWEKHZ/9jD3/np57B8","preKeyId":70}},"BXWyrqI+vHJB/GwilIuR/7UlEPYXunOqhm02n3r3r+c6":{"registrationId":89,"currentRatchet":{"ephemeralKeyPair":{"pubKey":"BSkR6xit6U2bwags0xYAtyGIUSmNfmQ5QX1MJGFqMr5f","privKey":"KFL3Mrm1nQ6N7CTXXAeCOdT8l08CJ87P7Efps2dUn3k="},"lastRemoteEphemeralKey":"BZU6lOSGrdKRoNu6UEdCxitdxuIPvNlIBP2C2runQLkz","previousCounter":0,"rootKey":"Un0THFAkC3q8YtjPbtfxLCRd7tcISDbGMjIRcVCq47M="},"indexInfo":{"baseKey":"BXWyrqI+vHJB/GwilIuR/7UlEPYXunOqhm02n3r3r+c6","baseKeyType":1,"closed":1715769554904,"used":1715769545518,"created":1715769545518,"remoteIdentityKey":"BQpTNWXlVAoCJ2fv7V2Z9P84LrQRsLuX4jOcy3ukxDVs"},"_chains":{"BSkR6xit6U2bwags0xYAtyGIUSmNfmQ5QX1MJGFqMr5f":{"chainKey":{"counter":-1,"key":"cMhZB+hRiUP3tzO2E/y0TANZLkGn1LAb/oNmIqy9iAo="},"chainType":1,"messageKeys":{}}},"pendingPreKey":{"signedKeyId":1,"baseKey":"BXWyrqI+vHJB/GwilIuR/7UlEPYXunOqhm02n3r3r+c6","preKeyId":78}},"BUR1Fjf+YwFCFSNzQmbmhi6zoBCUfM/xAlg8P+deFOQr":{"registrationId":89,"currentRatchet":{"ephemeralKeyPair":{"pubKey":"BXOMvE9tjkyEI43qonkfyW5te01tsUs4lG5oW1bn4TN6","privKey":"UFMICsrROh9WenM6FcZP50bzgDcR63lWaEToy9sUTWE="},"lastRemoteEphemeralKey":"BZU6lOSGrdKRoNu6UEdCxitdxuIPvNlIBP2C2runQLkz","previousCounter":0,"rootKey":"E3RoOyNqRfM8Jk6xpMzD8RfZC4mIb3yOC6EUbe7hRJ0="},"indexInfo":{"baseKey":"BUR1Fjf+YwFCFSNzQmbmhi6zoBCUfM/xAlg8P+deFOQr","baseKeyType":1,"closed":-1,"used":1715769554899,"created":1715769554899,"remoteIdentityKey":"BQpTNWXlVAoCJ2fv7V2Z9P84LrQRsLuX4jOcy3ukxDVs"},"_chains":{"BXOMvE9tjkyEI43qonkfyW5te01tsUs4lG5oW1bn4TN6":{"chainKey":{"counter":-1,"key":"M6LqPW8BsJCqtYnB8Gb/lmJnNiRenKeqE17zXfTTwZY="},"chainType":1,"messageKeys":{}}},"pendingPreKey":{"signedKeyId":1,"baseKey":"BUR1Fjf+YwFCFSNzQmbmhi6zoBCUfM/xAlg8P+deFOQr","preKeyId":88}}},"version":"v1"}