{"_sessions":{"Bfuh55Fjc+ejAzjCFLVXNa8b6jD1dsArp7rKBXYjtQVB":{"registrationId":2096800706,"currentRatchet":{"ephemeralKeyPair":{"pubKey":"BT8VBWmhICsnLzYJJlvl0nMWojcY1dOzaER5V0v569I+","privKey":"4Mwgl9Umh9v4nmj2AZ4EmmGlhJL2FVXKGKn7PkqkV2M="},"lastRemoteEphemeralKey":"BeuyTdQj41bGzXXs+g3zD1TomH+5W6+b+aAT6wQ1a3lm","previousCounter":0,"rootKey":"JP+zzkqEzg0AaYKk7LHgV84JjFxNMQwcZAhEld0ie8E="},"indexInfo":{"baseKey":"Bfuh55Fjc+ejAzjCFLVXNa8b6jD1dsArp7rKBXYjtQVB","baseKeyType":1,"closed":-1,"used":1715769138466,"created":1715769138466,"remoteIdentityKey":"BR4YteFWQA/yZQtFH2qcqgqD/8Me69bQzBPD7wVHReso"},"_chains":{"BT8VBWmhICsnLzYJJlvl0nMWojcY1dOzaER5V0v569I+":{"chainKey":{"counter":0,"key":"zcnAd2bFdbdULCeehF5UnvXMMZV5hJ+nnzavJDWgzOo="},"chainType":1,"messageKeys":{}}},"pendingPreKey":{"signedKeyId":2,"baseKey":"Bfuh55Fjc+ejAzjCFLVXNa8b6jD1dsArp7rKBXYjtQVB","preKeyId":3812186}}},"version":"v1"}