{"_sessions":{"BaBUHaM7bsSNGmPZiUCF1ZAAUCjX7ahxDK6o0ZqrPjx5":{"registrationId":1151634034,"currentRatchet":{"ephemeralKeyPair":{"pubKey":"BWKEtMN2D2d/O3oHiHygx5pyZ9gXeB0Igaqctssv4Usl","privKey":"8O8X80WBcAxdr41MbaLg5/EqwY047c6dbvkbcSiihm8="},"lastRemoteEphemeralKey":"BZ/5WmSWkvDKdvVDB6f8qm7/i+TX4jkDVrHQwnd3u9EL","previousCounter":0,"rootKey":"mq/a7erY68LjpEkVR+eqZM9MCXIBNozqYynHA4UGNMk="},"indexInfo":{"baseKey":"BaBUHaM7bsSNGmPZiUCF1ZAAUCjX7ahxDK6o0ZqrPjx5","baseKeyType":1,"closed":1715769548672,"used":1715769138597,"created":1715769138597,"remoteIdentityKey":"BfHm6NNKKNFOfvQD4PyUOVwM7ribvX5EWNybUycEkplk"},"_chains":{"BWKEtMN2D2d/O3oHiHygx5pyZ9gXeB0Igaqctssv4Usl":{"chainKey":{"counter":0,"key":"p/VMTnhDcY/c70eMOqesVYMtJ7oR0rijH4uACxK6ilY="},"chainType":1,"messageKeys":{}}},"pendingPreKey":{"signedKeyId":11,"baseKey":"BaBUHaM7bsSNGmPZiUCF1ZAAUCjX7ahxDK6o0ZqrPjx5","preKeyId":5965666}},"BYRdgZhilkXxTSzj5KUiUXLN8kAUTrBfCER3VkCIdRMG":{"registrationId":1151634034,"currentRatchet":{"ephemeralKeyPair":{"pubKey":"BSpo/tV3QH/aEMRWI5MJW8Wqa7yBTRL29BkcbJpuO4E8","privKey":"QCms5Kl2AjSaxnRR54TCyEjRgpAOXMOx3ZBdWXhUUHM="},"lastRemoteEphemeralKey":"BZ/5WmSWkvDKdvVDB6f8qm7/i+TX4jkDVrHQwnd3u9EL","previousCounter":0,"rootKey":"iYzjslc0UK/sVi+kpX/YGJmchSKMVGPt2f+JdbfbC5w="},"indexInfo":{"baseKey":"BYRdgZhilkXxTSzj5KUiUXLN8kAUTrBfCER3VkCIdRMG","baseKeyType":1,"closed":1715769549273,"used":1715769548667,"created":1715769548667,"remoteIdentityKey":"BfHm6NNKKNFOfvQD4PyUOVwM7ribvX5EWNybUycEkplk"},"_chains":{"BSpo/tV3QH/aEMRWI5MJW8Wqa7yBTRL29BkcbJpuO4E8":{"chainKey":{"counter":-1,"key":"BTDMUro4mUumqXs/7/oqdGPxHPw1GyQ11WJBcFpAOp4="},"chainType":1,"messageKeys":{}}},"pendingPreKey":{"signedKeyId":11,"baseKey":"BYRdgZhilkXxTSzj5KUiUXLN8kAUTrBfCER3VkCIdRMG","preKeyId":5966195}},"BTyAGWyJnJ1E8qGNZ2fj3i1jH7EpE7Nb5RwKBK02xQUi":{"registrationId":1151634034,"currentRatchet":{"ephemeralKeyPair":{"pubKey":"BSrpLNz9QsFXIPwBC/gQcUSnU2UzJG6cci9Efh0ZiWFP","privKey":"WB2yFuGJJnlNnC9gr5Fj9Khb2utvkZqkcq36aGd8DlQ="},"lastRemoteEphemeralKey":"BZ/5WmSWkvDKdvVDB6f8qm7/i+TX4jkDVrHQwnd3u9EL","previousCounter":0,"rootKey":"C9f14oKTCDHZPw1t3kx49kW2Nr3YMR+kfWbxtntvL64="},"indexInfo":{"baseKey":"BTyAGWyJnJ1E8qGNZ2fj3i1jH7EpE7Nb5RwKBK02xQUi","baseKeyType":1,"closed":-1,"used":1715769549244,"created":1715769549244,"remoteIdentityKey":"BfHm6NNKKNFOfvQD4PyUOVwM7ribvX5EWNybUycEkplk"},"_chains":{"BSrpLNz9QsFXIPwBC/gQcUSnU2UzJG6cci9Efh0ZiWFP":{"chainKey":{"counter":-1,"key":"ARI9GmX95hDMfIrwJBkSbeO1Y2r7mu64J/u3LBARSwI="},"chainType":1,"messageKeys":{}}},"pendingPreKey":{"signedKeyId":11,"baseKey":"BTyAGWyJnJ1E8qGNZ2fj3i1jH7EpE7Nb5RwKBK02xQUi","preKeyId":5965715}}},"version":"v1"}