{"_sessions":{"Be63F/yQ6O0X9NYFC1RqOOqTg9knAZkvFvMy17fi5L4e":{"registrationId":1305439765,"currentRatchet":{"ephemeralKeyPair":{"pubKey":"BYnhCmTeqWuQQwLwnvAvX5OxNhfCvRGh4LwGZU0USi08","privKey":"QNxYifhtwie89ppHaiU2W3xmGsBExROkqXeBPAQUh2U="},"lastRemoteEphemeralKey":"BTcOiwDy1zqf7RF4XXVecI6gg+zNKZCdp3L3uiFRkoUs","previousCounter":0,"rootKey":"aNRCHTbxeY5x7et+oSUplIJIGSJwinfyrJ95FU9Y5vU="},"indexInfo":{"baseKey":"Be63F/yQ6O0X9NYFC1RqOOqTg9knAZkvFvMy17fi5L4e","baseKeyType":1,"closed":-1,"used":1715769138333,"created":1715769138333,"remoteIdentityKey":"BVC+SB9ph6ZqS6+hCy2RWee7kCs2Wef9pzX7z96jcCdf"},"_chains":{"BYnhCmTeqWuQQwLwnvAvX5OxNhfCvRGh4LwGZU0USi08":{"chainKey":{"counter":0,"key":"pnQuIvLtLMkzVDj0LzK27w0UKihzNxB7n7SIBLMmbTU="},"chainType":1,"messageKeys":{}}},"pendingPreKey":{"signedKeyId":1,"baseKey":"Be63F/yQ6O0X9NYFC1RqOOqTg9knAZkvFvMy17fi5L4e","preKeyId":1755}}},"version":"v1"}