{"_sessions":{"BRBSI4ubxLT404s6cndntbL5rk887uNXKja/1beW6a4q":{"registrationId":1661601576,"currentRatchet":{"ephemeralKeyPair":{"pubKey":"BYbd1la6b43tzoP1NhrVO8TQs1Dhq5vp13VELPTArgwq","privKey":"IK4hOVlH/ksBU6iExyYTtAIbmcKPdC3i/+kDvyj8tUQ="},"lastRemoteEphemeralKey":"BWdiqji04t2EvsI4hCnMdJ6mlDsE8Psv8wuhqv000xMo","previousCounter":0,"rootKey":"Wf08M5ZQX3ld+QpgSc/AsAmnisIS0BJk8c/YsdBGro8="},"indexInfo":{"baseKey":"BRBSI4ubxLT404s6cndntbL5rk887uNXKja/1beW6a4q","baseKeyType":1,"closed":-1,"used":1715769138721,"created":1715769138721,"remoteIdentityKey":"BQ+oTFBQwJB63QjE6O1wzoSor5jyWQf5LOIAx7Ihze9p"},"_chains":{"BYbd1la6b43tzoP1NhrVO8TQs1Dhq5vp13VELPTArgwq":{"chainKey":{"counter":0,"key":"b0DtzgD+uZVvnw6hsJV9JCm2W95SfHPXowUtvwZfxD8="},"chainType":1,"messageKeys":{}}},"pendingPreKey":{"signedKeyId":9,"baseKey":"BRBSI4ubxLT404s6cndntbL5rk887uNXKja/1beW6a4q"}}},"version":"v1"}