{"_sessions":{"BZkbfQG7/n/hlogNoMIAFQITM9/SIA9wLnUeH9YBo7FR":{"registrationId":1786091097,"currentRatchet":{"ephemeralKeyPair":{"pubKey":"BfMtLoxBRJDDtvy3J21I/e2LQBluTtrZQRxnO5yNHUlo","privKey":"aD5ixWFzhqQtUqYvk98/Axa0D2047FR1HjowNsK6G2c="},"lastRemoteEphemeralKey":"Bcv8Yt35uDq19QdAdjtD1ReMiEs+eWP/mme0NJR3y0JS","previousCounter":0,"rootKey":"/lFyrYksAEZJuDBYOqc65/djoGQ+YG6uxwymcoDkr/U="},"indexInfo":{"baseKey":"BZkbfQG7/n/hlogNoMIAFQITM9/SIA9wLnUeH9YBo7FR","baseKeyType":1,"closed":1715769533310,"used":1715769138753,"created":1715769138753,"remoteIdentityKey":"BTU1Pncntq/oagi94bg3BtY71fmBIgLV8j27LAlB6Sdz"},"_chains":{"BfMtLoxBRJDDtvy3J21I/e2LQBluTtrZQRxnO5yNHUlo":{"chainKey":{"counter":0,"key":"BqqTeEnlaTPQxEX7RwV4qkYpAtdLEpIRh6o4hpGTQwc="},"chainType":1,"messageKeys":{}}},"pendingPreKey":{"signedKeyId":6,"baseKey":"BZkbfQG7/n/hlogNoMIAFQITM9/SIA9wLnUeH9YBo7FR","preKeyId":551390}},"BU2RnEnO+3hF2pZlJvo+S5mZ4qJ6LOF628DZvgzE5CgH":{"registrationId":1786091097,"currentRatchet":{"ephemeralKeyPair":{"pubKey":"BT3PrnZbqemcsSzabcqpi7JkQpnGjB1qfAB4KXKEiEcS","privKey":"cLi/m5HrG6372PJbN8TU3zqj6WNh92Q+s9WiTfc2+1g="},"lastRemoteEphemeralKey":"Bcv8Yt35uDq19QdAdjtD1ReMiEs+eWP/mme0NJR3y0JS","previousCounter":0,"rootKey":"52Jr989WnMVVkOANUI/FReVnXwxAILCExIo8xP8tXP0="},"indexInfo":{"baseKey":"BU2RnEnO+3hF2pZlJvo+S5mZ4qJ6LOF628DZvgzE5CgH","baseKeyType":1,"closed":1715769552924,"used":1715769533305,"created":1715769533305,"remoteIdentityKey":"BTU1Pncntq/oagi94bg3BtY71fmBIgLV8j27LAlB6Sdz"},"_chains":{"BT3PrnZbqemcsSzabcqpi7JkQpnGjB1qfAB4KXKEiEcS":{"chainKey":{"counter":-1,"key":"uID+fIYf5708QNY3JdrS8MLFGdvBrkRG9OYI0YbASQk="},"chainType":1,"messageKeys":{}}},"pendingPreKey":{"signedKeyId":6,"baseKey":"BU2RnEnO+3hF2pZlJvo+S5mZ4qJ6LOF628DZvgzE5CgH","preKeyId":551626}},"BUAR48Sn6CspXPba6OFdBOUnen5UQmFzOp1eYw7ByPJq":{"registrationId":1786091097,"currentRatchet":{"ephemeralKeyPair":{"pubKey":"BfVpboJWBTZltQ1lRXwaUnsrAd/zljYYP4SivxN0Rg4D","privKey":"yDKKTL6UNt3UzvMy58T/tkI3FNwmgrN0AkQTMoswxlQ="},"lastRemoteEphemeralKey":"Bcv8Yt35uDq19QdAdjtD1ReMiEs+eWP/mme0NJR3y0JS","previousCounter":0,"rootKey":"5ycENlVjtZ5qpZR700BA4QomhhovlIyHn7iSxkPb7PY="},"indexInfo":{"baseKey":"BUAR48Sn6CspXPba6OFdBOUnen5UQmFzOp1eYw7ByPJq","baseKeyType":1,"closed":-1,"used":1715769552919,"created":1715769552919,"remoteIdentityKey":"BTU1Pncntq/oagi94bg3BtY71fmBIgLV8j27LAlB6Sdz"},"_chains":{"BfVpboJWBTZltQ1lRXwaUnsrAd/zljYYP4SivxN0Rg4D":{"chainKey":{"counter":-1,"key":"F3OIfz07ljecVgQeapycU53DxFgcUxl0po+Xgz3MlYE="},"chainType":1,"messageKeys":{}}},"pendingPreKey":{"signedKeyId":6,"baseKey":"BUAR48Sn6CspXPba6OFdBOUnen5UQmFzOp1eYw7ByPJq","preKeyId":551161}}},"version":"v1"}