{"_sessions":{"BbVvSJyVGjoSyl6lmExHKGKvnvwR0ZYv3ac9dfaJ6khx":{"registrationId":1945896979,"currentRatchet":{"ephemeralKeyPair":{"pubKey":"BVR6skEzYOUp/rGXzKsq88g/Slif24E1pmGeC+0x5DJl","privKey":"CNjbOZsiSKjmXc2g6hbWaMIhduQXCTExENUElg3+DEk="},"lastRemoteEphemeralKey":"BQvJbySee4NoZwKGw9VCmRRyNrR4g5WykushF3forK1H","previousCounter":0,"rootKey":"xNJseV4BimDaYUqoJkIZKUIKqt3YoRFj6RPD6ve6qhc="},"indexInfo":{"baseKey":"BbVvSJyVGjoSyl6lmExHKGKvnvwR0ZYv3ac9dfaJ6khx","baseKeyType":1,"closed":-1,"used":1715769138349,"created":1715769138349,"remoteIdentityKey":"Bb5nHQbCvSAs4muGen/wbu8ke3kK2vkaVg50mtdNCKxO"},"_chains":{"BVR6skEzYOUp/rGXzKsq88g/Slif24E1pmGeC+0x5DJl":{"chainKey":{"counter":0,"key":"CiEik4VsnFQTFRUeeBPlRCRrdMtvqGPLunL449lc4oc="},"chainType":1,"messageKeys":{}}},"pendingPreKey":{"signedKeyId":1,"baseKey":"BbVvSJyVGjoSyl6lmExHKGKvnvwR0ZYv3ac9dfaJ6khx","preKeyId":2269}}},"version":"v1"}