{"_sessions":{"BSWtTTdFMzZ1VzgBt8XA1ffS+zC4YKW4D5pb2OdMTolG":{"registrationId":2146822946,"currentRatchet":{"ephemeralKeyPair":{"pubKey":"BSY4quR52RQTfXPq1qdZ/uikmi7HN5Exo8itaST51bcs","privKey":"iASCP4rtTbn4jgqgM8N27bQYr+dvwLt45cEMUsI5n10="},"lastRemoteEphemeralKey":"BfSF740Z1LycgG2HfkzDILxjhD57p0vBov4HMB55FSY0","previousCounter":0,"rootKey":"u7+uOHhQrPw1xF1FzKK3Wuzu8HYVSryvPVmTyelrtrc="},"indexInfo":{"baseKey":"BSWtTTdFMzZ1VzgBt8XA1ffS+zC4YKW4D5pb2OdMTolG","baseKeyType":1,"closed":1715769542217,"used":1715769138566,"created":1715769138566,"remoteIdentityKey":"BQidAaIpY7Os4QwIXx0DIw2P3wiPPPyPDYqqfcu6yrQ4"},"_chains":{"BSY4quR52RQTfXPq1qdZ/uikmi7HN5Exo8itaST51bcs":{"chainKey":{"counter":0,"key":"By8X2+gh1WM+mBU2MunuV76Ii2oo9gTaYp8T3Epwh1I="},"chainType":1,"messageKeys":{}}},"pendingPreKey":{"signedKeyId":1,"baseKey":"BSWtTTdFMzZ1VzgBt8XA1ffS+zC4YKW4D5pb2OdMTolG","preKeyId":9095926}},"BTeNGQV1tkFOjq+XvkydInmKdWgJ3FTW5wxqzFOIPptA":{"registrationId":2146822946,"currentRatchet":{"ephemeralKeyPair":{"pubKey":"BWCMV4My2aBC2wP5a19CgSt00EpLITDfhcWxX3curlY0","privKey":"KI8T8jXCzpMAtpgZ2pURo33cQrSOuFshYP6S4G3ooUs="},"lastRemoteEphemeralKey":"BfSF740Z1LycgG2HfkzDILxjhD57p0vBov4HMB55FSY0","previousCounter":0,"rootKey":"uuoVp/DKGJj97xfMGkSDAwg77DtAAlbhGWScNc+MltA="},"indexInfo":{"baseKey":"BTeNGQV1tkFOjq+XvkydInmKdWgJ3FTW5wxqzFOIPptA","baseKeyType":1,"closed":1715769550541,"used":1715769542212,"created":1715769542212,"remoteIdentityKey":"BQidAaIpY7Os4QwIXx0DIw2P3wiPPPyPDYqqfcu6yrQ4"},"_chains":{"BWCMV4My2aBC2wP5a19CgSt00EpLITDfhcWxX3curlY0":{"chainKey":{"counter":-1,"key":"x5m5+IHbtnk/4iKrLSl4ER16NiVaslMff9djjIJVn/Q="},"chainType":1,"messageKeys":{}}},"pendingPreKey":{"signedKeyId":1,"baseKey":"BTeNGQV1tkFOjq+XvkydInmKdWgJ3FTW5wxqzFOIPptA","preKeyId":9095702}},"BW+78c8ffob0AyPoaZJ+dDg76rK03boAb3TSUwfMS/Ej":{"registrationId":2146822946,"currentRatchet":{"ephemeralKeyPair":{"pubKey":"BUasA0HNz/cBcc+uXLwh/p81JO5YdbulSRTYcULOPa54","privKey":"EEZEHRSxuBhentajBMq2idL9olsVKVLpJtMtwJjRiVg="},"lastRemoteEphemeralKey":"BfSF740Z1LycgG2HfkzDILxjhD57p0vBov4HMB55FSY0","previousCounter":0,"rootKey":"jg4b+YPeP73Yvp99gxjfOGHBjW2QU9lOXBOvqgBsDng="},"indexInfo":{"baseKey":"BW+78c8ffob0AyPoaZJ+dDg76rK03boAb3TSUwfMS/Ej","baseKeyType":1,"closed":-1,"used":1715769550536,"created":1715769550536,"remoteIdentityKey":"BQidAaIpY7Os4QwIXx0DIw2P3wiPPPyPDYqqfcu6yrQ4"},"_chains":{"BUasA0HNz/cBcc+uXLwh/p81JO5YdbulSRTYcULOPa54":{"chainKey":{"counter":-1,"key":"whKC75qG5OkdqX3Nn/N7Cu2iV5wXpfAVtZs9dN4/cYI="},"chainType":1,"messageKeys":{}}},"pendingPreKey":{"signedKeyId":1,"baseKey":"BW+78c8ffob0AyPoaZJ+dDg76rK03boAb3TSUwfMS/Ej","preKeyId":9095846}}},"version":"v1"}