{"_sessions":{"BTXAYQ1p0eFhre66vYd9LXk3kDKjGIifwVjlTd9vFH8C":{"registrationId":1108175274,"currentRatchet":{"ephemeralKeyPair":{"pubKey":"BfUYda8R+nH/6cKmDUL8SG4fmoJHLwpNTBmC5C5DZvJA","privKey":"4HX1RvDhTo2RmqstPVzD8cb2CP5LBTIRyzKTfBK2+VE="},"lastRemoteEphemeralKey":"BUdFxCmfiLqoUOV5t97PaOMyxwjxmpR8Fr0gi6hYCvxS","previousCounter":0,"rootKey":"VN6EmpRqfq7telgC9nmkzr4L3e2Yu77hP06nYwiat7s="},"indexInfo":{"baseKey":"BTXAYQ1p0eFhre66vYd9LXk3kDKjGIifwVjlTd9vFH8C","baseKeyType":1,"closed":1715769527896,"used":1715769138423,"created":1715769138423,"remoteIdentityKey":"BflQxVmu0y5AXo4lyypdGSHKEpUmBVIZf2TSQKKUXh9T"},"_chains":{"BfUYda8R+nH/6cKmDUL8SG4fmoJHLwpNTBmC5C5DZvJA":{"chainKey":{"counter":0,"key":"nH34quyM3upabcYZAJrVgQsQL0OIx2bfV6dQaQArbng="},"chainType":1,"messageKeys":{}}},"pendingPreKey":{"signedKeyId":1,"baseKey":"BTXAYQ1p0eFhre66vYd9LXk3kDKjGIifwVjlTd9vFH8C","preKeyId":204}},"BWoFFcB75f8hNi6v+/G/Zr4zLs7Ep8h8J0r6c3WngMwD":{"registrationId":1108175274,"currentRatchet":{"ephemeralKeyPair":{"pubKey":"BZCX45cCzoLNck6uNGfIlrXE7O5ZwEAW8KI47glFUCZ2","privKey":"MIJi2K881h8vJ0NTMcv9ZPrqT4WQt9PSF2scG+mhc1g="},"lastRemoteEphemeralKey":"BUdFxCmfiLqoUOV5t97PaOMyxwjxmpR8Fr0gi6hYCvxS","previousCounter":0,"rootKey":"2P2xcMpS9+cZftbDcPi+bUGF+xp/aWNJJGldBWM+Ido="},"indexInfo":{"baseKey":"BWoFFcB75f8hNi6v+/G/Zr4zLs7Ep8h8J0r6c3WngMwD","baseKeyType":1,"closed":1715769542498,"used":1715769527891,"created":1715769527891,"remoteIdentityKey":"BflQxVmu0y5AXo4lyypdGSHKEpUmBVIZf2TSQKKUXh9T"},"_chains":{"BZCX45cCzoLNck6uNGfIlrXE7O5ZwEAW8KI47glFUCZ2":{"chainKey":{"counter":-1,"key":"Di2dPLqoKvLlxD7T1UivSO6TlAdr+aqFUPbKH5ag4mk="},"chainType":1,"messageKeys":{}}},"pendingPreKey":{"signedKeyId":1,"baseKey":"BWoFFcB75f8hNi6v+/G/Zr4zLs7Ep8h8J0r6c3WngMwD","preKeyId":861}},"Bb2bzt4PfoWb12oyfKdNFQCxDnn2vWpVL1hX+rmkq4oc":{"registrationId":1108175274,"currentRatchet":{"ephemeralKeyPair":{"pubKey":"BTtC2hQT//znabqiDYpk0HteSPPPELWBIXvtDMNrXApR","privKey":"IEmFvYOoRRkavT1ViEuGod335epVGG1b1ZHaYHvrRmo="},"lastRemoteEphemeralKey":"BUdFxCmfiLqoUOV5t97PaOMyxwjxmpR8Fr0gi6hYCvxS","previousCounter":0,"rootKey":"cJQeUUMXfOzHIy8i79nK9gYoWDkqPd7PxOp1rZzKpgU="},"indexInfo":{"baseKey":"Bb2bzt4PfoWb12oyfKdNFQCxDnn2vWpVL1hX+rmkq4oc","baseKeyType":1,"closed":-1,"used":1715769542494,"created":1715769542494,"remoteIdentityKey":"BflQxVmu0y5AXo4lyypdGSHKEpUmBVIZf2TSQKKUXh9T"},"_chains":{"BTtC2hQT//znabqiDYpk0HteSPPPELWBIXvtDMNrXApR":{"chainKey":{"counter":-1,"key":"q/qsiAvl7BbFOvVk/gXHM/6FqcEStz2C3ol+NseE+Uw="},"chainType":1,"messageKeys":{}}},"pendingPreKey":{"signedKeyId":1,"baseKey":"Bb2bzt4PfoWb12oyfKdNFQCxDnn2vWpVL1hX+rmkq4oc","preKeyId":717}}},"version":"v1"}