{"_sessions":{"BXcUTrR7BgaDSC9fkb2m4ZnFdAlc20mrQ6Fqu8QRitx8":{"registrationId":1148962678,"currentRatchet":{"ephemeralKeyPair":{"pubKey":"Bd1A5/wGVDY+3E0x3vHUzwQVPG+isYwIFezzJvvCOjBv","privKey":"WKwtuKxXHWLNtdPc8DyZbaO5SgEVH4EsRwCX6SgDxXo="},"lastRemoteEphemeralKey":"BfkrOSXP3UA1QYK4D1Qns8/NBpC+yEjuIf4El3ySlicj","previousCounter":0,"rootKey":"KbDUr42/CeYQaW52ViZq4GfN7gpIjGcwAzi8qx3QfKI="},"indexInfo":{"baseKey":"BXcUTrR7BgaDSC9fkb2m4ZnFdAlc20mrQ6Fqu8QRitx8","baseKeyType":1,"closed":-1,"used":1715769138552,"created":1715769138552,"remoteIdentityKey":"BZbzwhZRkREBaNN3gc5IrpWJkMa2UK3VKEuAIqxA35Fi"},"_chains":{"Bd1A5/wGVDY+3E0x3vHUzwQVPG+isYwIFezzJvvCOjBv":{"chainKey":{"counter":0,"key":"/Ic+UCG+X11aAsBPefkpESL3T9vLDNwgiZfeYrZYRQ4="},"chainType":1,"messageKeys":{}}},"pendingPreKey":{"signedKeyId":2,"baseKey":"BXcUTrR7BgaDSC9fkb2m4ZnFdAlc20mrQ6Fqu8QRitx8","preKeyId":5147373}}},"version":"v1"}