{"_sessions":{"BcjXeAPmZWIP4u+UkRemMC/QV+8IXObbPwvL7Y5yGBJz":{"registrationId":1548162595,"currentRatchet":{"ephemeralKeyPair":{"pubKey":"BR6klHl4qNeEru//ZIIeH9xi3ZudvD4HcgoD2pWWOIlb","privKey":"AOAiZLYlafj6wSusj30YXOh4FBop4cx3d0+07x20DEw="},"lastRemoteEphemeralKey":"Ba7Kq7Z2ur33WpF/acOz3LRseeoDF/D8ocx+DxzPva1F","previousCounter":0,"rootKey":"Z773ZH1DvpBCzWVIXaHVE1U5g/d9J3sniYRaJPPwPvY="},"indexInfo":{"baseKey":"BcjXeAPmZWIP4u+UkRemMC/QV+8IXObbPwvL7Y5yGBJz","baseKeyType":1,"closed":-1,"used":1715769138778,"created":1715769138778,"remoteIdentityKey":"BTA6aSzor+eUMi6l96Jg2sF+Z1aYrnOrPmCfQDZkRKZ/"},"_chains":{"BR6klHl4qNeEru//ZIIeH9xi3ZudvD4HcgoD2pWWOIlb":{"chainKey":{"counter":0,"key":"F1gwJMucoQa4ftqiZ7TraeokEJMV+eC/orD1o4xXHro="},"chainType":1,"messageKeys":{}}},"pendingPreKey":{"signedKeyId":0,"baseKey":"BcjXeAPmZWIP4u+UkRemMC/QV+8IXObbPwvL7Y5yGBJz","preKeyId":4545613}}},"version":"v1"}