{"_sessions":{"Bfh9YR741zVxK7HQlEaAVXWQaJvPHMLUW/VJVYklH1EO":{"registrationId":188822069,"currentRatchet":{"ephemeralKeyPair":{"pubKey":"BR8epJlrns47F8dN2EW8is+hLWXTDWD4KAkSTh9laqFs","privKey":"+BvnoPLSDdezfRAMBDKRLYsIdnCjyZRQnXH6l7zz+FY="},"lastRemoteEphemeralKey":"BRbwdAyqtt0MuqfUMWo2q+yg/DGuzv3JULmbvJKpUDIo","previousCounter":0,"rootKey":"sQXOuxCZD/2AfQT4chKVT8b8Z7huDALEMcdNfUKOvEU="},"indexInfo":{"baseKey":"Bfh9YR741zVxK7HQlEaAVXWQaJvPHMLUW/VJVYklH1EO","baseKeyType":1,"closed":-1,"used":1715769138670,"created":1715769138670,"remoteIdentityKey":"Bb4Er7GfJYXAyESR/nO9teyMfPJIe0EIbrFGDQtH1pBz"},"_chains":{"BR8epJlrns47F8dN2EW8is+hLWXTDWD4KAkSTh9laqFs":{"chainKey":{"counter":0,"key":"uJYcBYhxOIruIihIksZa2R23HF+ycwILVOXcpoScyko="},"chainType":1,"messageKeys":{}}},"pendingPreKey":{"signedKeyId":1,"baseKey":"Bfh9YR741zVxK7HQlEaAVXWQaJvPHMLUW/VJVYklH1EO","preKeyId":5400236}}},"version":"v1"}