{"_sessions":{"Bdj1nENrGb+UlBRe80c+SWK83gt00WrTaYpvxb1B+y8e":{"registrationId":1725985677,"currentRatchet":{"ephemeralKeyPair":{"pubKey":"BW0wF8LpUHPflBHqd40PUsK9oJXrmvOVSirUHx/BHqtc","privKey":"AKtEUHXpc/oCojE0XbmP9eBwxGS+UWq4F0zq9zk/Tng="},"lastRemoteEphemeralKey":"BdmFQmOHzqU5X7jiW2H+uKlwRzFVLxfIsSIOCeXSIfhj","previousCounter":0,"rootKey":"GUPK91124oAB7TLsck0Nv5npN9RndVlN77SK5n7+sLo="},"indexInfo":{"baseKey":"Bdj1nENrGb+UlBRe80c+SWK83gt00WrTaYpvxb1B+y8e","baseKeyType":1,"closed":1715769540476,"used":1715769138650,"created":1715769138650,"remoteIdentityKey":"BVM6V3WbtCTNHzCEhhEFuVSoREiHYM7xMgOyKJ1iOI4t"},"_chains":{"BW0wF8LpUHPflBHqd40PUsK9oJXrmvOVSirUHx/BHqtc":{"chainKey":{"counter":0,"key":"QPppG5cJo8TwvO9ckd2QXAXa48k1QecG3I/747PYY2c="},"chainType":1,"messageKeys":{}}},"pendingPreKey":{"signedKeyId":39,"baseKey":"Bdj1nENrGb+UlBRe80c+SWK83gt00WrTaYpvxb1B+y8e","preKeyId":10603091}},"BUCC2nDBOFNkcSpko3SY3oZcV5OhfYvw0mdc650VDJ9F":{"registrationId":1725985677,"currentRatchet":{"ephemeralKeyPair":{"pubKey":"BZjmfnQ+NdM54OVnA528fA1R1uwXO1HUareXU2QCGOp/","privKey":"WF6JCAcuIWPXTpvHuyHt9/Xoxh8BqiYPiCRshCZLeGw="},"lastRemoteEphemeralKey":"BdmFQmOHzqU5X7jiW2H+uKlwRzFVLxfIsSIOCeXSIfhj","previousCounter":0,"rootKey":"bU5xAyNv8f/pbCMpvZpExWpgySKB+/7KBZ8AMoxtY6k="},"indexInfo":{"baseKey":"BUCC2nDBOFNkcSpko3SY3oZcV5OhfYvw0mdc650VDJ9F","baseKeyType":1,"closed":1715769553218,"used":1715769540470,"created":1715769540470,"remoteIdentityKey":"BVM6V3WbtCTNHzCEhhEFuVSoREiHYM7xMgOyKJ1iOI4t"},"_chains":{"BZjmfnQ+NdM54OVnA528fA1R1uwXO1HUareXU2QCGOp/":{"chainKey":{"counter":-1,"key":"WiSVd0F6uienvYvmXvSdtSJ3++rf7s+wc+rTWVtgFVQ="},"chainType":1,"messageKeys":{}}},"pendingPreKey":{"signedKeyId":39,"baseKey":"BUCC2nDBOFNkcSpko3SY3oZcV5OhfYvw0mdc650VDJ9F","preKeyId":10603025}},"BSw/l+QpF6W3eUKUhgc7w9cwFU3Rc9W6uZqOm0UuSewg":{"registrationId":1725985677,"currentRatchet":{"ephemeralKeyPair":{"pubKey":"BW7K9X9lxIxFZ1u6BBOj4sZxnlWoK+/o2Q53EWusGlxv","privKey":"oPZfNMirCKGvDAFgJYRJs90Sm2520KndUtr7hI05dUI="},"lastRemoteEphemeralKey":"BdmFQmOHzqU5X7jiW2H+uKlwRzFVLxfIsSIOCeXSIfhj","previousCounter":0,"rootKey":"CREPsEiRYXXtaDLlOkMzyUNZylDKHkivs0G7vTWq554="},"indexInfo":{"baseKey":"BSw/l+QpF6W3eUKUhgc7w9cwFU3Rc9W6uZqOm0UuSewg","baseKeyType":1,"closed":-1,"used":1715769553206,"created":1715769553206,"remoteIdentityKey":"BVM6V3WbtCTNHzCEhhEFuVSoREiHYM7xMgOyKJ1iOI4t"},"_chains":{"BW7K9X9lxIxFZ1u6BBOj4sZxnlWoK+/o2Q53EWusGlxv":{"chainKey":{"counter":-1,"key":"AePlCm3yVJ8ELpiTLzyzZer+qX5hKNu+s309dU58lqE="},"chainType":1,"messageKeys":{}}},"pendingPreKey":{"signedKeyId":39,"baseKey":"BSw/l+QpF6W3eUKUhgc7w9cwFU3Rc9W6uZqOm0UuSewg","preKeyId":10603016}}},"version":"v1"}