{"_sessions":{"BWNK9AUytcrJd0wd4gc/+TUkD1XRU/nAMdhHSXmEOidM":{"registrationId":2052620105,"currentRatchet":{"ephemeralKeyPair":{"pubKey":"BVhm1E6UoeGqItiivU6mk+Xsj4XO7qOavVSjQdmz8loc","privKey":"cP6BO9I1HOESRITCZmrRG8GoQmZFCA+WGr3i3LbY220="},"lastRemoteEphemeralKey":"BeBHW26kYovBroVt9XDogkLsSDSa4ibPqv5UoUFg6y5T","previousCounter":0,"rootKey":"fEXXT1LeokOww5QboQ82QVHXhx+nHOpX++EyBg77Z94="},"indexInfo":{"baseKey":"BWNK9AUytcrJd0wd4gc/+TUkD1XRU/nAMdhHSXmEOidM","baseKeyType":1,"closed":-1,"used":1715769138363,"created":1715769138363,"remoteIdentityKey":"BZDj4p3ZCiG8k9J9hA5axB7d2EjBikCndiKbnbqFRExf"},"_chains":{"BVhm1E6UoeGqItiivU6mk+Xsj4XO7qOavVSjQdmz8loc":{"chainKey":{"counter":0,"key":"/DD2YPyS4U6nEBbv1+CIlGwFQD2BBLkkHCJPd4KRmts="},"chainType":1,"messageKeys":{}}},"pendingPreKey":{"signedKeyId":1,"baseKey":"BWNK9AUytcrJd0wd4gc/+TUkD1XRU/nAMdhHSXmEOidM"}}},"version":"v1"}