{"_sessions":{"BbCWtPX09AKD/SsZEcrSj4ULMf1jwnuJZOPHQNehzLAA":{"registrationId":33,"currentRatchet":{"ephemeralKeyPair":{"pubKey":"BUjNDIEbqqBBi31rA7V/IbN+fxYR5iZHH0swtFeoPyZS","privKey":"uIBiVPXuvMOf+jL80liZfHmOs9W9fMTeTqtshU+Vb1o="},"lastRemoteEphemeralKey":"Bboppj+OZRa87PuUzNHZa2Vmahk28dWPoAy/dqyYaxk8","previousCounter":0,"rootKey":"2Rkll6pb8UQp1q5y0FbBDwjU0/yVI7Zf8ShOYEYP0ag="},"indexInfo":{"baseKey":"BbCWtPX09AKD/SsZEcrSj4ULMf1jwnuJZOPHQNehzLAA","baseKeyType":1,"closed":1715769138934,"used":1715769138319,"created":1715769138319,"remoteIdentityKey":"BRl1LCqAk9hkcBjCl+0W9c3+jTChbHL9y3Lfyy80uUg6"},"_chains":{"BUjNDIEbqqBBi31rA7V/IbN+fxYR5iZHH0swtFeoPyZS":{"chainKey":{"counter":0,"key":"gm+WfY4ADa6YfRSqtdXyk78Q2KG2fNBU30UsPIOiKjM="},"chainType":1,"messageKeys":{}}},"pendingPreKey":{"signedKeyId":1,"baseKey":"BbCWtPX09AKD/SsZEcrSj4ULMf1jwnuJZOPHQNehzLAA","preKeyId":56}},"BVUddv/eoaltA6Y4w5/5jaNae9KCTOvxUXZxrN5n1twc":{"registrationId":33,"currentRatchet":{"ephemeralKeyPair":{"pubKey":"BRfewK4vBynPnAlpcPBR6dh8XJPzZlx3X3qtoq7ci31N","privKey":"MKgTumNpv7AjzXsP3oE6hgALl8ijCePp3dsLqZV/AGQ="},"lastRemoteEphemeralKey":"BTvrjn/U5ppd0w2zGXFgP+bZ8bkG1TlGdPW3sTny8vRm","previousCounter":0,"rootKey":"BKq3KOyfjN6SWDiZDcfUvfhX4ITmG9PQ5yW9L70ZAoE="},"indexInfo":{"baseKey":"BVUddv/eoaltA6Y4w5/5jaNae9KCTOvxUXZxrN5n1twc","baseKeyType":2,"closed":1715769526319,"used":1715769138938,"created":1715769138938,"remoteIdentityKey":"BRl1LCqAk9hkcBjCl+0W9c3+jTChbHL9y3Lfyy80uUg6"},"_chains":{"BTvrjn/U5ppd0w2zGXFgP+bZ8bkG1TlGdPW3sTny8vRm":{"chainKey":{"counter":0,"key":"dmrmORoAgjDw903amhXNYH/iorPNAJ8pPF5cyr64+ZQ="},"chainType":2,"messageKeys":{}},"BRfewK4vBynPnAlpcPBR6dh8XJPzZlx3X3qtoq7ci31N":{"chainKey":{"counter":-1,"key":"ueOKF6CySPAFX6MhCUqzwHaEF2b9CTSMtRgJzsTuMao="},"chainType":1,"messageKeys":{}}}},"BX1jHiItRXIV3MW7DhUD/Cx0ZajoykgsRm5KEpPsooBI":{"registrationId":33,"currentRatchet":{"ephemeralKeyPair":{"pubKey":"BUNU8Q6zeA7nUszc/XzbwqU7MNSeebJ82zjDTW0cKEoj","privKey":"oOqcZK9SGuv0VlvZKx/8Uk/dKuZjgUxHEqxo2AT/jmU="},"lastRemoteEphemeralKey":"Bboppj+OZRa87PuUzNHZa2Vmahk28dWPoAy/dqyYaxk8","previousCounter":0,"rootKey":"8FVEn+xORtunkbLSgx/frcpFjX9wznd5ExjkuEhxN3M="},"indexInfo":{"baseKey":"BX1jHiItRXIV3MW7DhUD/Cx0ZajoykgsRm5KEpPsooBI","baseKeyType":1,"closed":1715769551494,"used":1715769526313,"created":1715769526313,"remoteIdentityKey":"BRl1LCqAk9hkcBjCl+0W9c3+jTChbHL9y3Lfyy80uUg6"},"_chains":{"BUNU8Q6zeA7nUszc/XzbwqU7MNSeebJ82zjDTW0cKEoj":{"chainKey":{"counter":-1,"key":"s5ymKZ6ayi6xS1k9VqUU6Mz6sSQV647dGVaKfotwtoI="},"chainType":1,"messageKeys":{}}},"pendingPreKey":{"signedKeyId":1,"baseKey":"BX1jHiItRXIV3MW7DhUD/Cx0ZajoykgsRm5KEpPsooBI","preKeyId":41}},"BaN1shdJSHxOya2F3Qr8/zMM6AuSLJ8cSnx36iaz6hpH":{"registrationId":33,"currentRatchet":{"ephemeralKeyPair":{"pubKey":"BVKpUx6HeXR3XhXJ4zXLIOTgHzgpdM/jN/q9kxCs1FZy","privKey":"iGIhg7eNg/mSRZXSBEfoGV/Ow4nVY+c2GLGLLWyiQng="},"lastRemoteEphemeralKey":"Bboppj+OZRa87PuUzNHZa2Vmahk28dWPoAy/dqyYaxk8","previousCounter":0,"rootKey":"EOS/uyiMOZ16Nf/DOYkpMrbUc+H6FnXcUtrRgn5a3+g="},"indexInfo":{"baseKey":"BaN1shdJSHxOya2F3Qr8/zMM6AuSLJ8cSnx36iaz6hpH","baseKeyType":1,"closed":-1,"used":1715769551488,"created":1715769551488,"remoteIdentityKey":"BRl1LCqAk9hkcBjCl+0W9c3+jTChbHL9y3Lfyy80uUg6"},"_chains":{"BVKpUx6HeXR3XhXJ4zXLIOTgHzgpdM/jN/q9kxCs1FZy":{"chainKey":{"counter":-1,"key":"wmUU35zYMjgC4cocZFsdSbrGcYWAwzWk58fwx4a5WUM="},"chainType":1,"messageKeys":{}}},"pendingPreKey":{"signedKeyId":1,"baseKey":"BaN1shdJSHxOya2F3Qr8/zMM6AuSLJ8cSnx36iaz6hpH","preKeyId":49}}},"version":"v1"}