{"_sessions":{"BaR94aCkUadeYmMlZlA9BHgcDcIrlXOBWPsV0NbIseYn":{"registrationId":1534206613,"currentRatchet":{"ephemeralKeyPair":{"pubKey":"BThxoZ2O61G+Dfei2FiF6+rpyVa3eM6t6+5zeOLGqpE9","privKey":"SIfHMuemEp89AcWZ0x2G4P3jDya3TmHivvPOzwdwI2w="},"lastRemoteEphemeralKey":"BYGZjRgM0B936vKXcNLih1o0OLUh9mq+UvQy7t+HG5kP","previousCounter":0,"rootKey":"M0pnrgV2Yh+uDJ147UcwtwxpEtPXG7f1GLWTMTn2w9U="},"indexInfo":{"baseKey":"BaR94aCkUadeYmMlZlA9BHgcDcIrlXOBWPsV0NbIseYn","baseKeyType":1,"closed":-1,"used":1715769138583,"created":1715769138583,"remoteIdentityKey":"BeZjTG0XtAyP2Kx0E0RG1l2h8x6D4Ryf35m18zir9MBM"},"_chains":{"BThxoZ2O61G+Dfei2FiF6+rpyVa3eM6t6+5zeOLGqpE9":{"chainKey":{"counter":0,"key":"M8cyMjihG+wvdcTWtdFTKWZ2y7cPBXsP6vVgmEkVeiU="},"chainType":1,"messageKeys":{}}},"pendingPreKey":{"signedKeyId":3,"baseKey":"BaR94aCkUadeYmMlZlA9BHgcDcIrlXOBWPsV0NbIseYn"}}},"version":"v1"}