{"_sessions":{"BdZphuFbQbq516EpbeD2V0PnHdi7i8UlNOZoaqdOHwpX":{"registrationId":3613,"currentRatchet":{"ephemeralKeyPair":{"pubKey":"Be72eit7blKYAaHJrdX3DZvVPa2QxH3b0lVFYyMR/2xY","privKey":"kDqlHvEU2VrJYwk/T9vhSf1rfD25xC5q1YNUuSVhlF0="},"lastRemoteEphemeralKey":"BdOSu5iRZdhlDfxYEway7zkeNb0BYsaP/5uh2M+wvaMh","previousCounter":0,"rootKey":"rzk7x8NgcZovOJcPqwWyrf6qeE8ukLW65frNNV4Sa1E="},"indexInfo":{"baseKey":"BdZphuFbQbq516EpbeD2V0PnHdi7i8UlNOZoaqdOHwpX","baseKeyType":1,"closed":1715769530538,"used":1715769138393,"created":1715769138393,"remoteIdentityKey":"BTs0Aro0jONbLZwdnQxJciyf21S7uCpHQ9dq0N+z/0J+"},"_chains":{"Be72eit7blKYAaHJrdX3DZvVPa2QxH3b0lVFYyMR/2xY":{"chainKey":{"counter":0,"key":"k1/5IQuSZvEZS5YLLxjP+fkz/G/bjr+peXWmKWQQq6g="},"chainType":1,"messageKeys":{}}},"pendingPreKey":{"signedKeyId":3,"baseKey":"BdZphuFbQbq516EpbeD2V0PnHdi7i8UlNOZoaqdOHwpX","preKeyId":1725}},"BatgUYifo/Z/EKodIGbZlpbXQXICRO/p3vJI2+zdISZ+":{"registrationId":3613,"currentRatchet":{"ephemeralKeyPair":{"pubKey":"BWH71w3Jl38KT6d4p5GtzmXvyzPdGI2nnzvA0SzZ92gW","privKey":"eM7DGOnyD/DQrnAdbxZmlAchr5gor9uNAEY830ZJ2EQ="},"lastRemoteEphemeralKey":"BdOSu5iRZdhlDfxYEway7zkeNb0BYsaP/5uh2M+wvaMh","previousCounter":0,"rootKey":"Wb5Aaak8bejSBzG7UVWX+AAu8U6TVMG466FOUlWyfUQ="},"indexInfo":{"baseKey":"BatgUYifo/Z/EKodIGbZlpbXQXICRO/p3vJI2+zdISZ+","baseKeyType":1,"closed":1715769547454,"used":1715769530533,"created":1715769530533,"remoteIdentityKey":"BTs0Aro0jONbLZwdnQxJciyf21S7uCpHQ9dq0N+z/0J+"},"_chains":{"BWH71w3Jl38KT6d4p5GtzmXvyzPdGI2nnzvA0SzZ92gW":{"chainKey":{"counter":-1,"key":"VF6hLOBytQCwbr9WsF9/+CurH/wj+3JAWIefFkwFo3A="},"chainType":1,"messageKeys":{}}},"pendingPreKey":{"signedKeyId":3,"baseKey":"BatgUYifo/Z/EKodIGbZlpbXQXICRO/p3vJI2+zdISZ+","preKeyId":1700}},"BWT0mB82vmVMScapdZjh3BapBJP9O+rpGE1LtZdfKOcY":{"registrationId":3613,"currentRatchet":{"ephemeralKeyPair":{"pubKey":"BcQMnIZ+H1DKPmE0ujbrj/Ow6ZLWKqEZ3Rfcy1pwzXRF","privKey":"QM+sPIO6ilGtdLUVXbpCyvqRIn1rTaYc8UIYXSIegVk="},"lastRemoteEphemeralKey":"BdOSu5iRZdhlDfxYEway7zkeNb0BYsaP/5uh2M+wvaMh","previousCounter":0,"rootKey":"pEARo1bAAj3tfk3lAm2uSzLYnf15D0mf4cVKxUA1qxs="},"indexInfo":{"baseKey":"BWT0mB82vmVMScapdZjh3BapBJP9O+rpGE1LtZdfKOcY","baseKeyType":1,"closed":-1,"used":1715769547450,"created":1715769547449,"remoteIdentityKey":"BTs0Aro0jONbLZwdnQxJciyf21S7uCpHQ9dq0N+z/0J+"},"_chains":{"BcQMnIZ+H1DKPmE0ujbrj/Ow6ZLWKqEZ3Rfcy1pwzXRF":{"chainKey":{"counter":-1,"key":"/Clw43ZPXt+LhNhot9b952qYDVYF6fRMRm5muHIWzX4="},"chainType":1,"messageKeys":{}}},"pendingPreKey":{"signedKeyId":3,"baseKey":"BWT0mB82vmVMScapdZjh3BapBJP9O+rpGE1LtZdfKOcY","preKeyId":1739}}},"version":"v1"}