{"_sessions":{"BRSn/ew66znW8VKLvL2ybx58bNTd/FKQdN+tGmk2AA8h":{"registrationId":3374,"currentRatchet":{"ephemeralKeyPair":{"pubKey":"BRD0OfIkSXTMfSkhmE44UHO6dpNrbsUJe2c/cxmJ0ngb","privKey":"8J29H8WsRbIO1wfbcVKooPALxlUP6AyTHM/yI4cKUnU="},"lastRemoteEphemeralKey":"BY8MNSuEYw1QO41ww/aJwpCGIMH158yJ272NMQgaOqtJ","previousCounter":0,"rootKey":"IByRiZry64m6YQ0p/6n5nSylwWZLBjk4/XDR4xe13Ak="},"indexInfo":{"baseKey":"BRSn/ew66znW8VKLvL2ybx58bNTd/FKQdN+tGmk2AA8h","baseKeyType":1,"closed":1715769526943,"used":1715769138409,"created":1715769138409,"remoteIdentityKey":"BWuk5lGNI3K1/RG2XHI5klZt8a2/64hkf4wPpO+31cES"},"_chains":{"BRD0OfIkSXTMfSkhmE44UHO6dpNrbsUJe2c/cxmJ0ngb":{"chainKey":{"counter":0,"key":"RWD6bj8ceaJLQEPX4XTjYrLDCQD4bLSE9IDb7oTdetE="},"chainType":1,"messageKeys":{}}},"pendingPreKey":{"signedKeyId":2,"baseKey":"BRSn/ew66znW8VKLvL2ybx58bNTd/FKQdN+tGmk2AA8h","preKeyId":11827}},"BUzx6O+FeZjoTh/iOy6+NN3PnZQqMJ9lOd5psJGAs0tc":{"registrationId":3374,"currentRatchet":{"ephemeralKeyPair":{"pubKey":"BWZGudLthRlBI31z7auODNslEbxC6NPTdUNK1SVRWiIN","privKey":"MJpNDNaheIgfXPUQDyWOsReyo5FvFC3S5aNhtL5YaHg="},"lastRemoteEphemeralKey":"BY8MNSuEYw1QO41ww/aJwpCGIMH158yJ272NMQgaOqtJ","previousCounter":0,"rootKey":"rgNlGAmkGe5j6006fYMsCUrrpUPsDnZrg/mC18vi4Gg="},"indexInfo":{"baseKey":"BUzx6O+FeZjoTh/iOy6+NN3PnZQqMJ9lOd5psJGAs0tc","baseKeyType":1,"closed":1715769533610,"used":1715769526937,"created":1715769526937,"remoteIdentityKey":"BWuk5lGNI3K1/RG2XHI5klZt8a2/64hkf4wPpO+31cES"},"_chains":{"BWZGudLthRlBI31z7auODNslEbxC6NPTdUNK1SVRWiIN":{"chainKey":{"counter":-1,"key":"zSUf4Q9i5JTAaJ2OQTdahYUN3549cwDWAwRpATVuJwo="},"chainType":1,"messageKeys":{}}},"pendingPreKey":{"signedKeyId":2,"baseKey":"BUzx6O+FeZjoTh/iOy6+NN3PnZQqMJ9lOd5psJGAs0tc","preKeyId":11984}},"BfoxANFetCHA3xerQhrDF3bffHMofqIVpaZTUqCTE0sV":{"registrationId":3374,"currentRatchet":{"ephemeralKeyPair":{"pubKey":"BXXKcNQf/tPQEt7ETon1Gyix4fzNI7/do7i4HiimAg0V","privKey":"MNKq3Np317r7Di5FuY0IcT6/5xkTm5u0cm3ANuJLd3o="},"lastRemoteEphemeralKey":"BY8MNSuEYw1QO41ww/aJwpCGIMH158yJ272NMQgaOqtJ","previousCounter":0,"rootKey":"gv59wmw9j9lrMygaLMb06XSkTT9DsZH+X3ZuC61unY4="},"indexInfo":{"baseKey":"BfoxANFetCHA3xerQhrDF3bffHMofqIVpaZTUqCTE0sV","baseKeyType":1,"closed":-1,"used":1715769533605,"created":1715769533605,"remoteIdentityKey":"BWuk5lGNI3K1/RG2XHI5klZt8a2/64hkf4wPpO+31cES"},"_chains":{"BXXKcNQf/tPQEt7ETon1Gyix4fzNI7/do7i4HiimAg0V":{"chainKey":{"counter":-1,"key":"ivLCcjr+1OlnwhK9930sdM4mgL4kASQ94FI5iq8gyhA="},"chainType":1,"messageKeys":{}}},"pendingPreKey":{"signedKeyId":2,"baseKey":"BfoxANFetCHA3xerQhrDF3bffHMofqIVpaZTUqCTE0sV","preKeyId":12048}}},"version":"v1"}