{"_sessions":{"BYxaUm8FD12EVk5+MG15WqIDNAN3umoYXhfaC5gEV/5D":{"registrationId":1360573481,"currentRatchet":{"ephemeralKeyPair":{"pubKey":"BUcaCrr3jz/gPLdeOZ+ai3waHRMFiN83Zk1VAoqNYfB4","privKey":"aDjcwyLbEQth4vv930MMIGDSvpJjLipjjSv2L86Gslg="},"lastRemoteEphemeralKey":"BeGh8dI9p1SA+GRDw1tqp5eLwf0IihMVRmx+Y7R/+9wg","previousCounter":0,"rootKey":"bFrkWMZfcrbq0oRSmgFV7MePrkitd6wYOrlyesZ0m4c="},"indexInfo":{"baseKey":"BYxaUm8FD12EVk5+MG15WqIDNAN3umoYXhfaC5gEV/5D","baseKeyType":1,"closed":1715769562183,"used":1715769138743,"created":1715769138743,"remoteIdentityKey":"Beb9maOVDWv7ukDEesxsrg/qc7pNaHTIkhoETguKXcQs"},"_chains":{"BUcaCrr3jz/gPLdeOZ+ai3waHRMFiN83Zk1VAoqNYfB4":{"chainKey":{"counter":0,"key":"G6cKKyNIeiBPOF6sFw6L04+gZRgYgSfe8qCCkfPObJk="},"chainType":1,"messageKeys":{}}},"pendingPreKey":{"signedKeyId":539278,"baseKey":"BYxaUm8FD12EVk5+MG15WqIDNAN3umoYXhfaC5gEV/5D","preKeyId":6761}},"BaYEolBW6RD/WG6aZeWFzrZB22nlv10EmMkeUEyUnRxo":{"registrationId":1360573481,"currentRatchet":{"ephemeralKeyPair":{"pubKey":"BZd0LWRl320Pdf/cpLZzdRP3PA+WDY3MnvX1zuvMtJIe","privKey":"+N1GBgDraYVOCeUnmzS2dcWeqAF8zKQ4SumzZTT1PFo="},"lastRemoteEphemeralKey":"BeGh8dI9p1SA+GRDw1tqp5eLwf0IihMVRmx+Y7R/+9wg","previousCounter":0,"rootKey":"9pL4hz/sO3EM7ksHVnZCjeGWxh7TMgBs4yV87P0TXz0="},"indexInfo":{"baseKey":"BaYEolBW6RD/WG6aZeWFzrZB22nlv10EmMkeUEyUnRxo","baseKeyType":1,"closed":1715769562468,"used":1715769562174,"created":1715769562174,"remoteIdentityKey":"Beb9maOVDWv7ukDEesxsrg/qc7pNaHTIkhoETguKXcQs"},"_chains":{"BZd0LWRl320Pdf/cpLZzdRP3PA+WDY3MnvX1zuvMtJIe":{"chainKey":{"counter":-1,"key":"BIuu2oreH58JtrZG8E/VlJVktKEu9Wndfkz64wThcI4="},"chainType":1,"messageKeys":{}}},"pendingPreKey":{"signedKeyId":539278,"baseKey":"BaYEolBW6RD/WG6aZeWFzrZB22nlv10EmMkeUEyUnRxo","preKeyId":7081}},"BW7Hoe1f7mU00SBrJwM/BW7JKyCnaN7eGZah35vMkTg2":{"registrationId":1360573481,"currentRatchet":{"ephemeralKeyPair":{"pubKey":"BV4GWU3odljZMk4Q+cZNwtfKH5o7BCFw19uXd8DB8O5y","privKey":"YMmOeNEoEei+4IrHlon/x4BlnzG/84hm5c6Osszm2HY="},"lastRemoteEphemeralKey":"BeGh8dI9p1SA+GRDw1tqp5eLwf0IihMVRmx+Y7R/+9wg","previousCounter":0,"rootKey":"10nbBiUaM+Rlc+Llhfv2oTkC9t+qt7Ks2GMAWWGZlKQ="},"indexInfo":{"baseKey":"BW7Hoe1f7mU00SBrJwM/BW7JKyCnaN7eGZah35vMkTg2","baseKeyType":1,"closed":-1,"used":1715769562463,"created":1715769562463,"remoteIdentityKey":"Beb9maOVDWv7ukDEesxsrg/qc7pNaHTIkhoETguKXcQs"},"_chains":{"BV4GWU3odljZMk4Q+cZNwtfKH5o7BCFw19uXd8DB8O5y":{"chainKey":{"counter":-1,"key":"4kwGpOcBZvyRBOrgZKyVyvyk3ZwlUIIXFiC1arjF/Ms="},"chainType":1,"messageKeys":{}}},"pendingPreKey":{"signedKeyId":539278,"baseKey":"BW7Hoe1f7mU00SBrJwM/BW7JKyCnaN7eGZah35vMkTg2","preKeyId":6626}}},"version":"v1"}