{"_sessions":{"BfBBq0GQoMtrMSuod9uklGqouEoY46CA/UTm5jXgY+NP":{"registrationId":14135,"currentRatchet":{"ephemeralKeyPair":{"pubKey":"BZBY20fvM88TlM9rpulwVhJDL0BROAAp5X8uhQEiZzRj","privKey":"0K/c982ZgLGoNCPvLSfMyFkwSmbpSnnaosyX6YrVpGI="},"lastRemoteEphemeralKey":"BdSqhMo4D8Cg63HIavjA/LaeJbd76A6A6mmxNnWXH8NM","previousCounter":0,"rootKey":"/DS1hTcVgsZ+nuNflKI3wWZtxQGP4b2jMX2TfVJ9Tos="},"indexInfo":{"baseKey":"BfBBq0GQoMtrMSuod9uklGqouEoY46CA/UTm5jXgY+NP","baseKeyType":1,"closed":-1,"used":1715769138382,"created":1715769138382,"remoteIdentityKey":"Bb3GkHj6LDFO6iWUMfcjsRGE/26qBfja35U29O4tYDVM"},"_chains":{"BZBY20fvM88TlM9rpulwVhJDL0BROAAp5X8uhQEiZzRj":{"chainKey":{"counter":0,"key":"o27iMu2ykXzdwdI9nW2EQEdk/uIuuIQxkINOhaJvQvs="},"chainType":1,"messageKeys":{}}},"pendingPreKey":{"signedKeyId":1,"baseKey":"BfBBq0GQoMtrMSuod9uklGqouEoY46CA/UTm5jXgY+NP","preKeyId":1374}}},"version":"v1"}