{"_sessions":{"BcxzFtiVPlUa9Dkm3iIRHrWp4kJYpTLEa0SMuSALncIK":{"registrationId":1819808819,"currentRatchet":{"ephemeralKeyPair":{"pubKey":"BelHK4WS3apbY9mb6DsQFLg2c1OEnGPQOi/sZTadKJlu","privKey":"yJRMOn/p50vUpaFh/loG2wmbNV9wOO2wWETaUKdwMko="},"lastRemoteEphemeralKey":"Bcyh+hjwHypGGoIT65gS0+2EeOlfMzvF5QwUQ7hpCktb","previousCounter":0,"rootKey":"lwaLzkpgmfZeduqeJdWTEsT9h83u5AxmnJMl/D5gThQ="},"indexInfo":{"baseKey":"BcxzFtiVPlUa9Dkm3iIRHrWp4kJYpTLEa0SMuSALncIK","baseKeyType":1,"closed":-1,"used":1715769138569,"created":1715769138569,"remoteIdentityKey":"BV2qx6uOvmoQ5amEcXnRhs/CZ47WgbVQ+j4Tjlu/PE4w"},"_chains":{"BelHK4WS3apbY9mb6DsQFLg2c1OEnGPQOi/sZTadKJlu":{"chainKey":{"counter":0,"key":"HAUIcOPE94etUHdzu5/vw9qF3vdf1Gd1bZ1yv7EZurM="},"chainType":1,"messageKeys":{}}},"pendingPreKey":{"signedKeyId":1,"baseKey":"BcxzFtiVPlUa9Dkm3iIRHrWp4kJYpTLEa0SMuSALncIK","preKeyId":14143156}}},"version":"v1"}