{"_sessions":{"BexWPUR/XvyJYZEWQjTwM7c33IFHqdz0y80D67BEggY2":{"registrationId":9523,"currentRatchet":{"ephemeralKeyPair":{"pubKey":"BddfWmI1G1gFMPHGfvhp/L4vJh/IVsSYZwz29UUAROIn","privKey":"wJfhFDOXfwvL5qyAxVlCzsKz/Ug/YjYcYIOJsk41o3A="},"lastRemoteEphemeralKey":"Bejs3iy2NkJlRaCc3G8DJYrYcCN7X5novgOqmRUIlfNq","previousCounter":0,"rootKey":"TZrYI+cC5jLWfn8D6IEePNpZJPnQPGk4bGboqULATCY="},"indexInfo":{"baseKey":"BexWPUR/XvyJYZEWQjTwM7c33IFHqdz0y80D67BEggY2","baseKeyType":1,"closed":1715769526019,"used":1715769138339,"created":1715769138339,"remoteIdentityKey":"Bfy4vjV3KttX1MSLYLJX4T5a1QwHXcTj8e4E+TGEDO4e"},"_chains":{"BddfWmI1G1gFMPHGfvhp/L4vJh/IVsSYZwz29UUAROIn":{"chainKey":{"counter":0,"key":"7RYu0Tp9u7vNhNLi+KOjE8C59/W7J1RejN3pkLuOkC8="},"chainType":1,"messageKeys":{}}},"pendingPreKey":{"signedKeyId":1,"baseKey":"BexWPUR/XvyJYZEWQjTwM7c33IFHqdz0y80D67BEggY2","preKeyId":289}},"BaPiVtwX08hZbOsdEXCf/5x4VLtPUinNPqT0uBBnhyQ5":{"registrationId":9523,"currentRatchet":{"ephemeralKeyPair":{"pubKey":"BYtQa3D2iJoDjm1V2nqiW9dRbR4x3yes3743zQECpcBl","privKey":"GBODH9F+AWmTj1ZobQrRV/vYsb0tqBqWkmY0w9L0dkw="},"lastRemoteEphemeralKey":"Bejs3iy2NkJlRaCc3G8DJYrYcCN7X5novgOqmRUIlfNq","previousCounter":0,"rootKey":"Us5rCibmS08MGICjqeRLYH52k1X46tzJHFzWUVQIL6Y="},"indexInfo":{"baseKey":"BaPiVtwX08hZbOsdEXCf/5x4VLtPUinNPqT0uBBnhyQ5","baseKeyType":1,"closed":1715769532106,"used":1715769526014,"created":1715769526014,"remoteIdentityKey":"Bfy4vjV3KttX1MSLYLJX4T5a1QwHXcTj8e4E+TGEDO4e"},"_chains":{"BYtQa3D2iJoDjm1V2nqiW9dRbR4x3yes3743zQECpcBl":{"chainKey":{"counter":-1,"key":"K+/AKKPFJ1uDF2K/AKO2Hj1Z9+6UMVXmKMwydT4ao38="},"chainType":1,"messageKeys":{}}},"pendingPreKey":{"signedKeyId":1,"baseKey":"BaPiVtwX08hZbOsdEXCf/5x4VLtPUinNPqT0uBBnhyQ5","preKeyId":292}},"BZgNQYOTL5qf7AEG1Jau00kKHHoo3e3MgztS+M+T9DUi":{"registrationId":9523,"currentRatchet":{"ephemeralKeyPair":{"pubKey":"BSvuDxVD7xtvfc7B/+6cVLe+OeSTk2j2qMfrPEYEUNwF","privKey":"4NBk0NFZz5aAkPct91LLYrG3F3ARDgaHg82UM3rH6ms="},"lastRemoteEphemeralKey":"Bejs3iy2NkJlRaCc3G8DJYrYcCN7X5novgOqmRUIlfNq","previousCounter":0,"rootKey":"oM1Dc3e4wK/64ENNqg2MHtAUtOtYsxw0UMXdviaoNMk="},"indexInfo":{"baseKey":"BZgNQYOTL5qf7AEG1Jau00kKHHoo3e3MgztS+M+T9DUi","baseKeyType":1,"closed":-1,"used":1715769532099,"created":1715769532099,"remoteIdentityKey":"Bfy4vjV3KttX1MSLYLJX4T5a1QwHXcTj8e4E+TGEDO4e"},"_chains":{"BSvuDxVD7xtvfc7B/+6cVLe+OeSTk2j2qMfrPEYEUNwF":{"chainKey":{"counter":-1,"key":"kTI4myLf8l2/PQMPNs9m1VzIn4K3xT5TN25LRwrIrp4="},"chainType":1,"messageKeys":{}}},"pendingPreKey":{"signedKeyId":1,"baseKey":"BZgNQYOTL5qf7AEG1Jau00kKHHoo3e3MgztS+M+T9DUi","preKeyId":337}}},"version":"v1"}