{"_sessions":{"BZmNwtfGGX8QwmOIxBgQemoTqGikE3zOOe+Dz56HFQlt":{"registrationId":1180130272,"currentRatchet":{"ephemeralKeyPair":{"pubKey":"BXV03ppWRD4hYL1QdNaZcwsZsIdJqJUsmnpId/iSu6x0","privKey":"ALtEgJfBL+uZPJaZUnxV8aOQUn4TyCze0A7CkYCtm3c="},"lastRemoteEphemeralKey":"BSfcZ0+g/TM9aAIKUr4oSzScs/zZHpqY2PhIqbrPI2YF","previousCounter":0,"rootKey":"aq/XnCF3Gvq+lm6LcVurgMgGGmzRVF5Rle0hmflk0cA="},"indexInfo":{"baseKey":"BZmNwtfGGX8QwmOIxBgQemoTqGikE3zOOe+Dz56HFQlt","baseKeyType":1,"closed":1715769528188,"used":1715769138481,"created":1715769138481,"remoteIdentityKey":"BZA4M4PCKgfF7S9Ml2KC4h44pTjhOCE5UyCIYP6eqPkn"},"_chains":{"BXV03ppWRD4hYL1QdNaZcwsZsIdJqJUsmnpId/iSu6x0":{"chainKey":{"counter":0,"key":"m1qMuKIdk2Nf0btvJp/IM8YrvCnItzn46QxdOUsNs0M="},"chainType":1,"messageKeys":{}}},"pendingPreKey":{"signedKeyId":7,"baseKey":"BZmNwtfGGX8QwmOIxBgQemoTqGikE3zOOe+Dz56HFQlt","preKeyId":11691276}},"BVoNaxj+Qn8cqasFhAQgNwKSEZlN1hTrDdl4BvbNrcF1":{"registrationId":1180130272,"currentRatchet":{"ephemeralKeyPair":{"pubKey":"BUaQN6XrPpx1DNqiBv79BIqc3mIJEmUvVR1fCF3ACikH","privKey":"OP/2/qmjiYX4Y6ftFMzLd5VSwqwl77+cWV/r3dAUrk8="},"lastRemoteEphemeralKey":"BSfcZ0+g/TM9aAIKUr4oSzScs/zZHpqY2PhIqbrPI2YF","previousCounter":0,"rootKey":"y9z6IyJM82BMvAWw6j9kPHGlBzWnKU9Cgui5qb9tm9E="},"indexInfo":{"baseKey":"BVoNaxj+Qn8cqasFhAQgNwKSEZlN1hTrDdl4BvbNrcF1","baseKeyType":1,"closed":1715769544340,"used":1715769528184,"created":1715769528184,"remoteIdentityKey":"BZA4M4PCKgfF7S9Ml2KC4h44pTjhOCE5UyCIYP6eqPkn"},"_chains":{"BUaQN6XrPpx1DNqiBv79BIqc3mIJEmUvVR1fCF3ACikH":{"chainKey":{"counter":-1,"key":"GPwdYKQ3G1ce+9YQE5k6cFB15bZ1qyWfUoIFquUtjQ8="},"chainType":1,"messageKeys":{}}},"pendingPreKey":{"signedKeyId":7,"baseKey":"BVoNaxj+Qn8cqasFhAQgNwKSEZlN1hTrDdl4BvbNrcF1","preKeyId":11691255}},"BRtKZUpBQ34vy+GG6KVbYn2Yd2dqawIWhd/g4vW88Wxu":{"registrationId":1180130272,"currentRatchet":{"ephemeralKeyPair":{"pubKey":"Ba2DR6jNLP7s53Yt+P6G3UMJ5alwA5rlB1aA0np6Cjt/","privKey":"wP2Lb7XU/2cWNtTYS4S+lmUku1bZXN9j3Vv3M3R1lFw="},"lastRemoteEphemeralKey":"BSfcZ0+g/TM9aAIKUr4oSzScs/zZHpqY2PhIqbrPI2YF","previousCounter":0,"rootKey":"R0asIXqFBIV/Vo8o+lL/qp9HFFuXICjdtPA7SAz7Tzo="},"indexInfo":{"baseKey":"BRtKZUpBQ34vy+GG6KVbYn2Yd2dqawIWhd/g4vW88Wxu","baseKeyType":1,"closed":-1,"used":1715769544334,"created":1715769544334,"remoteIdentityKey":"BZA4M4PCKgfF7S9Ml2KC4h44pTjhOCE5UyCIYP6eqPkn"},"_chains":{"Ba2DR6jNLP7s53Yt+P6G3UMJ5alwA5rlB1aA0np6Cjt/":{"chainKey":{"counter":-1,"key":"pf2yWAIRdYx+H/dVAXuo9reJ3NF4+UvI7p0vqGb14GY="},"chainType":1,"messageKeys":{}}},"pendingPreKey":{"signedKeyId":7,"baseKey":"BRtKZUpBQ34vy+GG6KVbYn2Yd2dqawIWhd/g4vW88Wxu","preKeyId":11691296}}},"version":"v1"}