{"_sessions":{"BQDGF3CdCSzW1vFJ5iZY+6IwzN9oFMlskser5kvTgncG":{"registrationId":466890964,"currentRatchet":{"ephemeralKeyPair":{"pubKey":"BROfmYdgrLtjLP9vgQS/n5qqQH+lujnDuiYLUUWm07Ba","privKey":"aGPc8PFVxQujoq7LiKGCJ0j+oCBTtsFMa2GIx0C/3lE="},"lastRemoteEphemeralKey":"BRaP/ATUIe2JltyqRoeTblLlpzLeQX2xuR27xVkYFLs2","previousCounter":0,"rootKey":"IqW8Ci6k3FRHcqkP84yZgVW8hhLdNAxPHFqCOowWyGM="},"indexInfo":{"baseKey":"BQDGF3CdCSzW1vFJ5iZY+6IwzN9oFMlskser5kvTgncG","baseKeyType":1,"closed":1715769526651,"used":1715769138750,"created":1715769138750,"remoteIdentityKey":"BVq5UKVCukCQOUFlET43rNQ+IJuc/CWPdUFM77iFB0JV"},"_chains":{"BROfmYdgrLtjLP9vgQS/n5qqQH+lujnDuiYLUUWm07Ba":{"chainKey":{"counter":0,"key":"LdlV8j5GT9QU8Fc45UM4GirnNJx/Y8eZaufOJXiDkew="},"chainType":1,"messageKeys":{}}},"pendingPreKey":{"signedKeyId":26,"baseKey":"BQDGF3CdCSzW1vFJ5iZY+6IwzN9oFMlskser5kvTgncG","preKeyId":13720955}},"BYcLAbX+mwZbpuMxXw9JBtzej9vWLbFEXi2fXWP29E1B":{"registrationId":466890964,"currentRatchet":{"ephemeralKeyPair":{"pubKey":"BU/e+6OX3bC8yCa4N/EptYhjFarTZwz5jy3ZuQJs9tRA","privKey":"EM88vm6/BMZnumw2iUPAAONE2RtTW4RjnU81SO9gbEQ="},"lastRemoteEphemeralKey":"BRaP/ATUIe2JltyqRoeTblLlpzLeQX2xuR27xVkYFLs2","previousCounter":0,"rootKey":"REZPYCSmpZsNnnkdhYSiXZnlIsxN/7bNoJ8O5JHYz2I="},"indexInfo":{"baseKey":"BYcLAbX+mwZbpuMxXw9JBtzej9vWLbFEXi2fXWP29E1B","baseKeyType":1,"closed":1715769536651,"used":1715769526646,"created":1715769526646,"remoteIdentityKey":"BVq5UKVCukCQOUFlET43rNQ+IJuc/CWPdUFM77iFB0JV"},"_chains":{"BU/e+6OX3bC8yCa4N/EptYhjFarTZwz5jy3ZuQJs9tRA":{"chainKey":{"counter":-1,"key":"Xtc19uHKy8xV7hBjY9r1OsMYRAzJfO1nOBa17KR2rvo="},"chainType":1,"messageKeys":{}}},"pendingPreKey":{"signedKeyId":26,"baseKey":"BYcLAbX+mwZbpuMxXw9JBtzej9vWLbFEXi2fXWP29E1B","preKeyId":13721696}},"BTXvuipgny69KmJTmaNldP2kbCXH1W6bp7xa+LgaW5wj":{"registrationId":466890964,"currentRatchet":{"ephemeralKeyPair":{"pubKey":"Bb69lV8CuT2NXVaih8V4Xm7Ew0R8+3CIPBZhZc691hRy","privKey":"UIVDSi6P4eNSN2rSJn8Cfvrd/HL1le+f3geultqCPn0="},"lastRemoteEphemeralKey":"BRaP/ATUIe2JltyqRoeTblLlpzLeQX2xuR27xVkYFLs2","previousCounter":0,"rootKey":"Jy9hOlmYUmvxY+AsCOjN0DeQXkiMJRXwrxnad4hRKDY="},"indexInfo":{"baseKey":"BTXvuipgny69KmJTmaNldP2kbCXH1W6bp7xa+LgaW5wj","baseKeyType":1,"closed":-1,"used":1715769536646,"created":1715769536646,"remoteIdentityKey":"BVq5UKVCukCQOUFlET43rNQ+IJuc/CWPdUFM77iFB0JV"},"_chains":{"Bb69lV8CuT2NXVaih8V4Xm7Ew0R8+3CIPBZhZc691hRy":{"chainKey":{"counter":-1,"key":"4iq8YWgdZEDR0LZmYajrIJwFSmrKkEyWp9yQzWX9wG0="},"chainType":1,"messageKeys":{}}},"pendingPreKey":{"signedKeyId":26,"baseKey":"BTXvuipgny69KmJTmaNldP2kbCXH1W6bp7xa+LgaW5wj","preKeyId":13720974}}},"version":"v1"}