{"_sessions":{"BVJWzQFVTbqgT2Corqo3asLuPsfYKCiEfXj3utBvXtFv":{"registrationId":1717210440,"currentRatchet":{"ephemeralKeyPair":{"pubKey":"BRZNS/XZ9J3BDw1ssrfskslyb11bWmuaumvOVyJGB8pm","privKey":"AGbeZ9p4ci8gpFvH1aH9w6lfE52HYYE5XFPTfUk2FX4="},"lastRemoteEphemeralKey":"BVg4QW1fxrhrtxJvIpheqiWsXQStzNPvKztzTs/4nA9M","previousCounter":0,"rootKey":"gGS3PjOi3JDW8jQpb72ws59skbemV4n4AoNWM9Or9KA="},"indexInfo":{"baseKey":"BVJWzQFVTbqgT2Corqo3asLuPsfYKCiEfXj3utBvXtFv","baseKeyType":1,"closed":-1,"used":1715769138513,"created":1715769138513,"remoteIdentityKey":"BQban9gM0DlI6cqyTydsj6pdiP35Ja202oTRpjRzroNS"},"_chains":{"BRZNS/XZ9J3BDw1ssrfskslyb11bWmuaumvOVyJGB8pm":{"chainKey":{"counter":0,"key":"I1xbWtbp3alA3Jo6IUMBIgaT2YJHwYCkckeH3softgo="},"chainType":1,"messageKeys":{}}},"pendingPreKey":{"signedKeyId":4,"baseKey":"BVJWzQFVTbqgT2Corqo3asLuPsfYKCiEfXj3utBvXtFv"}}},"version":"v1"}