{"_sessions":{"BVnxS3W0EihvDBs4QcA1WY80CSWJ+tIWm772l9MrYgxS":{"registrationId":1669153057,"currentRatchet":{"ephemeralKeyPair":{"pubKey":"BbXR3o/q9kgazYLqkIO/KlDMjaJKgYe5LygC7agkJPod","privKey":"YBnbHc1u0Vx28RYN1fv7WKyHwYQavohbJIlFt2vfmWg="},"lastRemoteEphemeralKey":"BTNVi6GWweTOmScqZacQT2k1OkcD44R1C9tKbJ4KK5wO","previousCounter":0,"rootKey":"MSDDTQ4/Yhus1fQxqhKfRXPM4LW25CGa2jo2NuisVuo="},"indexInfo":{"baseKey":"BVnxS3W0EihvDBs4QcA1WY80CSWJ+tIWm772l9MrYgxS","baseKeyType":1,"closed":-1,"used":1715769138415,"created":1715769138415,"remoteIdentityKey":"BUuim4rRm3fybnLfC1KezTr1WTau4tF1vDk1/KvCgRtZ"},"_chains":{"BbXR3o/q9kgazYLqkIO/KlDMjaJKgYe5LygC7agkJPod":{"chainKey":{"counter":0,"key":"ZDjl8Rag9/CZyTcrDQjScWlRZ1kaN6ArcFnaiKKLaxs="},"chainType":1,"messageKeys":{}}},"pendingPreKey":{"signedKeyId":1,"baseKey":"BVnxS3W0EihvDBs4QcA1WY80CSWJ+tIWm772l9MrYgxS","preKeyId":128}}},"version":"v1"}