{"_sessions":{"BSbHv88mMfgDZkMI2ahhk2AGBS0B9wAtkmSHjoowKWp3":{"registrationId":113807088,"currentRatchet":{"ephemeralKeyPair":{"pubKey":"BfLiwnqYKRPelzbiFnfeu4LfjUjFUwly748X5QUcIzNX","privKey":"WC9hjbN1bew6643XyyTSOFZollvtCwVhFA4AmYUPHmA="},"lastRemoteEphemeralKey":"BSS23u3kcZVZ7lcF5Iw9peB+O1fePFnVebRYTZFaRXcK","previousCounter":0,"rootKey":"/admxMcczUIBAqkhkSvKePxV0lzNVzqSI6nOooDQ75c="},"indexInfo":{"baseKey":"BSbHv88mMfgDZkMI2ahhk2AGBS0B9wAtkmSHjoowKWp3","baseKeyType":1,"closed":-1,"used":1715769138602,"created":1715769138602,"remoteIdentityKey":"Bd9ltypvuc58tWOpBJoQLaqupFMsKyUh9fzyc6Uw3vA9"},"_chains":{"BfLiwnqYKRPelzbiFnfeu4LfjUjFUwly748X5QUcIzNX":{"chainKey":{"counter":0,"key":"TZeu2BVi+GWKb4+eEpTt6+scKyDE0oj1o6KyOZIRNg8="},"chainType":1,"messageKeys":{}}},"pendingPreKey":{"signedKeyId":0,"baseKey":"BSbHv88mMfgDZkMI2ahhk2AGBS0B9wAtkmSHjoowKWp3"}}},"version":"v1"}