{"_sessions":{"BeIVlGY51PgymkHm3XYcAREO23aDvIgAMMN5KQDSWR1y":{"registrationId":302184378,"currentRatchet":{"ephemeralKeyPair":{"pubKey":"BeynQnqhDJg8wKlU22GyTDkIx/ykWHkT9YZHF7Uc1wAk","privKey":"wEaqY5so7iTh3NdU0ZAHeR9PC5RnTmUUSOcu0P/p/WQ="},"lastRemoteEphemeralKey":"BS7FG1tERSmaRDAbrdXDyTjOixINw+Vdbm2oWRQ/dYlF","previousCounter":0,"rootKey":"BAYnE5lgAKv7U6naajHI7df8mgwSig8u7qDc4AWj8fA="},"indexInfo":{"baseKey":"BeIVlGY51PgymkHm3XYcAREO23aDvIgAMMN5KQDSWR1y","baseKeyType":1,"closed":1715769537547,"used":1715769138431,"created":1715769138431,"remoteIdentityKey":"Be9dIbr4THkmDwiNt8HQDD5dChMPi0ZS8wBKcfsjp1ET"},"_chains":{"BeynQnqhDJg8wKlU22GyTDkIx/ykWHkT9YZHF7Uc1wAk":{"chainKey":{"counter":0,"key":"zfx606gWD0ybUqljHIgzxU1ix4SUm+O760MdiwmL8Dk="},"chainType":1,"messageKeys":{}}},"pendingPreKey":{"signedKeyId":58,"baseKey":"BeIVlGY51PgymkHm3XYcAREO23aDvIgAMMN5KQDSWR1y","preKeyId":10397467}},"BX4Tfh8yxO1o1QAActm/uZAftiWLVW9eJcw6MjRWMk4M":{"registrationId":302184378,"currentRatchet":{"ephemeralKeyPair":{"pubKey":"BcoQRJuEgEhvnBE5L2EOfWH1/+mZYknEZQnGsowhpHkR","privKey":"iM86S4AuwhqKIZa10PGaCwuB3OjI4WLKXVnVgHP1fWw="},"lastRemoteEphemeralKey":"BS7FG1tERSmaRDAbrdXDyTjOixINw+Vdbm2oWRQ/dYlF","previousCounter":0,"rootKey":"GYm63FUwIXmEZG+kr1CrhXvMZZZyirKnZdxeuLiPJG8="},"indexInfo":{"baseKey":"BX4Tfh8yxO1o1QAActm/uZAftiWLVW9eJcw6MjRWMk4M","baseKeyType":1,"closed":1715769537841,"used":1715769537542,"created":1715769537542,"remoteIdentityKey":"Be9dIbr4THkmDwiNt8HQDD5dChMPi0ZS8wBKcfsjp1ET"},"_chains":{"BcoQRJuEgEhvnBE5L2EOfWH1/+mZYknEZQnGsowhpHkR":{"chainKey":{"counter":-1,"key":"qC9ofTfOWe0Qbycwa7oAQwwgwdoUktB0ChIg0k+C1OE="},"chainType":1,"messageKeys":{}}},"pendingPreKey":{"signedKeyId":58,"baseKey":"BX4Tfh8yxO1o1QAActm/uZAftiWLVW9eJcw6MjRWMk4M","preKeyId":10397441}},"BZTRu8ZcjPfWEq/V4gvgu2UCd6xJ425dnnXhy7syl4Rg":{"registrationId":302184378,"currentRatchet":{"ephemeralKeyPair":{"pubKey":"Bb70ZoxNJ556b9MQXDKBa8G/9aUAq3uxqgYQ+L4LDwFl","privKey":"8KNNEsTL/sc74IK4VtVjNAlQGDoFHGCWzLUEpWEpyW0="},"lastRemoteEphemeralKey":"BS7FG1tERSmaRDAbrdXDyTjOixINw+Vdbm2oWRQ/dYlF","previousCounter":0,"rootKey":"KVStPcMONqW1H8Z+Kf8rQCNz558Ts8J/B7nVb77az3g="},"indexInfo":{"baseKey":"BZTRu8ZcjPfWEq/V4gvgu2UCd6xJ425dnnXhy7syl4Rg","baseKeyType":1,"closed":-1,"used":1715769537836,"created":1715769537836,"remoteIdentityKey":"Be9dIbr4THkmDwiNt8HQDD5dChMPi0ZS8wBKcfsjp1ET"},"_chains":{"Bb70ZoxNJ556b9MQXDKBa8G/9aUAq3uxqgYQ+L4LDwFl":{"chainKey":{"counter":-1,"key":"LvkpEpF27/vDswORK8eyRP0fhj5b6ivLM3REDPrcx6M="},"chainType":1,"messageKeys":{}}},"pendingPreKey":{"signedKeyId":58,"baseKey":"BZTRu8ZcjPfWEq/V4gvgu2UCd6xJ425dnnXhy7syl4Rg","preKeyId":10398093}}},"version":"v1"}