{"_sessions":{"BYo3OyDPnLzfS1ZI50nO6ViDiWhXoLYip05OUHC2QyER":{"registrationId":37590308,"currentRatchet":{"ephemeralKeyPair":{"pubKey":"BR4kgCtKX2+Fg4Gkr83gI36CEhp53AyWwmGno3YLkYN3","privKey":"sPGBBycIT/DdCJST209Yd906cK3PoP6dDnQfMsL+CWc="},"lastRemoteEphemeralKey":"BaTV48XLsaouoXSxXLOwqmA7zbVSXCT3s68Sq1PXbP0I","previousCounter":0,"rootKey":"z6ff8WF+8HVcvWv4gyFd1aoITtmv+vooBcVuPSIbSCQ="},"indexInfo":{"baseKey":"BYo3OyDPnLzfS1ZI50nO6ViDiWhXoLYip05OUHC2QyER","baseKeyType":1,"closed":1715769541641,"used":1715769138660,"created":1715769138660,"remoteIdentityKey":"BUl5/e0WMvByiNpr9sluNbjCSbGQeYFVTaUSN3aqXMca"},"_chains":{"BR4kgCtKX2+Fg4Gkr83gI36CEhp53AyWwmGno3YLkYN3":{"chainKey":{"counter":0,"key":"iK2uE3lg8Rsg82CNXGtxsXUZCbfpyAT861b2FeyfCpg="},"chainType":1,"messageKeys":{}}},"pendingPreKey":{"signedKeyId":2,"baseKey":"BYo3OyDPnLzfS1ZI50nO6ViDiWhXoLYip05OUHC2QyER","preKeyId":11617592}},"BRcMsJcvl4UHVpy8bioka+lQUpnBmtuI1Fre1R/zYPUC":{"registrationId":37590308,"currentRatchet":{"ephemeralKeyPair":{"pubKey":"BQNhTybtfmuHQyh9ZrN3Ghrc64Ww2PczNWssXfsyC2Ik","privKey":"OAVAxaMu45Fyv/TJz6u7yf8VH27WcWa+HmfuYXlxMlc="},"lastRemoteEphemeralKey":"BaTV48XLsaouoXSxXLOwqmA7zbVSXCT3s68Sq1PXbP0I","previousCounter":0,"rootKey":"/kLBMXnGRHgEe4Cq7ZztPLrddk8GORdwYopUfDdVB3k="},"indexInfo":{"baseKey":"BRcMsJcvl4UHVpy8bioka+lQUpnBmtuI1Fre1R/zYPUC","baseKeyType":1,"closed":1715769541914,"used":1715769541636,"created":1715769541636,"remoteIdentityKey":"BUl5/e0WMvByiNpr9sluNbjCSbGQeYFVTaUSN3aqXMca"},"_chains":{"BQNhTybtfmuHQyh9ZrN3Ghrc64Ww2PczNWssXfsyC2Ik":{"chainKey":{"counter":-1,"key":"iHqNrhUR2wNcUKuUjEywcGnii3yLfCo3KVzJoI8sBQ0="},"chainType":1,"messageKeys":{}}},"pendingPreKey":{"signedKeyId":2,"baseKey":"BRcMsJcvl4UHVpy8bioka+lQUpnBmtuI1Fre1R/zYPUC","preKeyId":11616944}},"BRNrS2GygrX+/yn9KS8zKJlLGy+sKM9P8W4kExT3m0oj":{"registrationId":37590308,"currentRatchet":{"ephemeralKeyPair":{"pubKey":"BXD8LKrtMjKbM8RNweTacBpnS6JOQIH1sA7aMfOD//F9","privKey":"eHm+wV0qOQ4x7vjMHP/HOViLGHwEmvAC0AjXjfW4e2I="},"lastRemoteEphemeralKey":"BaTV48XLsaouoXSxXLOwqmA7zbVSXCT3s68Sq1PXbP0I","previousCounter":0,"rootKey":"IDqRK/B/YWa4tglnNepr+D/BX4XAZx1h14Tu3hDzRPU="},"indexInfo":{"baseKey":"BRNrS2GygrX+/yn9KS8zKJlLGy+sKM9P8W4kExT3m0oj","baseKeyType":1,"closed":-1,"used":1715769541909,"created":1715769541909,"remoteIdentityKey":"BUl5/e0WMvByiNpr9sluNbjCSbGQeYFVTaUSN3aqXMca"},"_chains":{"BXD8LKrtMjKbM8RNweTacBpnS6JOQIH1sA7aMfOD//F9":{"chainKey":{"counter":-1,"key":"KCZ5Nmsbw++esJgq19CO+sfn/Zs7Bb8hXdIYuO6nkSI="},"chainType":1,"messageKeys":{}}},"pendingPreKey":{"signedKeyId":2,"baseKey":"BRNrS2GygrX+/yn9KS8zKJlLGy+sKM9P8W4kExT3m0oj","preKeyId":11617671}}},"version":"v1"}