{"_sessions":{"BYh5RhbN2Dol+ixHbtAx96p0LJKKFywDr6YdPTcTmmQ1":{"registrationId":272838457,"currentRatchet":{"ephemeralKeyPair":{"pubKey":"BcXU1C6vhw/mnfcIILhdbooghyIBY7LKMrtf/3yoi5Jt","privKey":"gDDiWWAUMm5qDqLFm+fWV0HKfP9SoWUJu3RPx+cghkM="},"lastRemoteEphemeralKey":"BWEe+hek3ErKDTFx2sn8gM3y7KuRzokIkrzmzAF8mzZX","previousCounter":0,"rootKey":"Rt3LzafAadfVcOAhhNbAGciPFRCzIY1tYlU86KNmhEg="},"indexInfo":{"baseKey":"BYh5RhbN2Dol+ixHbtAx96p0LJKKFywDr6YdPTcTmmQ1","baseKeyType":1,"closed":-1,"used":1715769138372,"created":1715769138372,"remoteIdentityKey":"BTgkf2wb8t0Ynlv8zQwy7cftJotCoaQXyb31u/cS+lkH"},"_chains":{"BcXU1C6vhw/mnfcIILhdbooghyIBY7LKMrtf/3yoi5Jt":{"chainKey":{"counter":0,"key":"xk9OLYE/y+85JXXJRsCcPxK6u48dVffUY4IGaNc98w8="},"chainType":1,"messageKeys":{}}},"pendingPreKey":{"signedKeyId":1,"baseKey":"BYh5RhbN2Dol+ixHbtAx96p0LJKKFywDr6YdPTcTmmQ1","preKeyId":3522}}},"version":"v1"}