{"_sessions":{"Ba37TUr5gGRI7rKW3MgwPrIq75dR+KCmTUXPZd87vzAy":{"registrationId":192,"currentRatchet":{"ephemeralKeyPair":{"pubKey":"BYq/KXLmDAkNAaJPaCuVRlI3p7zlYLR0xVe0Tgg4pkl9","privKey":"kH2IXDTnvK7U04g5mTHmkjgffGE1lypLjkEVrhJncng="},"lastRemoteEphemeralKey":"BRjjsMITDFRW9YcTjVW3DqSUyIrd+geDjVvtuoJ36KEb","previousCounter":0,"rootKey":"3DIH/Z9cGrQ1g2+aJbxccIZDHQ1UVl+lBsM4RMyY2T8="},"indexInfo":{"baseKey":"Ba37TUr5gGRI7rKW3MgwPrIq75dR+KCmTUXPZd87vzAy","baseKeyType":1,"closed":-1,"used":1715769002555,"created":1715769002555,"remoteIdentityKey":"BX6dHRAolv9/R7NNgw3Gx3R0h+kSnZdudE3lgAm2AEUs"},"_chains":{"BYq/KXLmDAkNAaJPaCuVRlI3p7zlYLR0xVe0Tgg4pkl9":{"chainKey":{"counter":14,"key":"4cJ0HFjYUagMxptsZznFq00R2j8AiyyfUkinqdEinBo="},"chainType":1,"messageKeys":{}}},"pendingPreKey":{"signedKeyId":1,"baseKey":"Ba37TUr5gGRI7rKW3MgwPrIq75dR+KCmTUXPZd87vzAy"}}},"version":"v1"}