{"_sessions":{"BXALiXpl8ZN4xpL4ToXVxLbjX3OlMzahIa+tuTpPjRZl":{"registrationId":8076,"currentRatchet":{"ephemeralKeyPair":{"pubKey":"BW2UKWDbHS+ZkgdVur533lnZqcMpF3Vd2AJkgFEigAc/","privKey":"WIj2CS+rh1HgwyFHkYOw9Sk5ptIQ7xPVz5tSXaOislM="},"lastRemoteEphemeralKey":"BWxBMJ+ZcAHpzymbwFILSdeIdPnuDdvTzppCmjtXR/Es","previousCounter":0,"rootKey":"U71hpweeuOKkjDiFMmbQf83ZT1YuFmpm/tyX6mpWXQI="},"indexInfo":{"baseKey":"BXALiXpl8ZN4xpL4ToXVxLbjX3OlMzahIa+tuTpPjRZl","baseKeyType":1,"closed":-1,"used":1715769138403,"created":1715769138403,"remoteIdentityKey":"BbYU9f0/fHV5EA5UDNdCW9smRDdjdgE0PIJLtfr77mw7"},"_chains":{"BW2UKWDbHS+ZkgdVur533lnZqcMpF3Vd2AJkgFEigAc/":{"chainKey":{"counter":0,"key":"5V94RbEbuwB81XlTHiEp54pfbQFv2Hj0XsUKlXScp2s="},"chainType":1,"messageKeys":{}}},"pendingPreKey":{"signedKeyId":1,"baseKey":"BXALiXpl8ZN4xpL4ToXVxLbjX3OlMzahIa+tuTpPjRZl"}}},"version":"v1"}