[
  {
    "buyer": "Adhitya - Admin KIOSTOPUP",
    "ref_id": "274350926359",
    "time": "08:24:44",
    "date": "2/5/2024",
    "expired": 1722432284525,
    "customer_no": "081779560418",
    "buyer_sku_code": "Dana15",
    "biaya": 15750,
    "product_name": "DANA 15.000",
    "kategori": "E-Money",
    "brand": "DANA",
    "status": "Sukses",
    "sn": "TopUp DANA-FAJXX-AULXX-MUBXXXX/Rp.14500/081779560418/Reff:2024050210121481030100166753294808436"
  },
  {
    "buyer": "R     ²⁹",
    "ref_id": "253422353902",
    "time": "02:52:23",
    "date": "1/5/2024",
    "expired": 1722325943320,
    "customer_no": "573064388",
    "buyer_sku_code": "FFMM",
    "biaya": 28250.25,
    "product_name": "Free Fire Membership Mingguan",
    "kategori": "Games",
    "brand": "FREE FIRE",
    "status": "Sukses",
    "sn": "User=573064388, Reff:17790000611505988157"
  },
  {
    "buyer": ".",
    "ref_id": "719974257810",
    "time": "02:52:23",
    "date": "1/5/2024",
    "expired": 1722325943320,
    "customer_no": "085727411915",
    "buyer_sku_code": "Dana3",
    "biaya": 3192,
    "product_name": "DANA 3.000",
    "kategori": "E-Money",
    "brand": "DANA",
    "status": "Sukses",
    "sn": "TOPUP SUKSES DNID R**a N*r Ja****i/Rp.3000/2024050210121420010100166416595833687"
  },
  {
    "buyer": "Adhitya - Admin KIOSTOPUP",
    "ref_id": "673902084508",
    "time": "02:52:23",
    "date": "1/5/2024",
    "expired": 1722325943320,
    "customer_no": "081222749518",
    "buyer_sku_code": "T3",
    "biaya": 5565,
    "product_name": "Telkomsel 5.000",
    "kategori": "Pulsa",
    "brand": "TELKOMSEL",
    "status": "Sukses",
    "sn": "03408400000107630344"
  },
  {
    "buyer": "Adhitya - Admin KIOSTOPUP",
    "ref_id": "7016668773",
    "time": "02:52:23",
    "date": "1/5/2024",
    "expired": 1722325943320,
    "customer_no": "088238754117",
    "buyer_sku_code": "Gp0",
    "biaya": 6.300000000000001,
    "product_name": "Cek Nama Pengguna Gopay",
    "kategori": "E-Money",
    "brand": "GO PAY",
    "status": "Sukses",
    "sn": "088238754117,ID:GOPAY,NAME:ADHITYA/ADHITYA JULIVAN/GOPAY}"
  },
  {
    "buyer": ".",
    "ref_id": "743681600965",
    "time": "23:25:29",
    "date": "30/4/2024",
    "expired": 1722227129928,
    "customer_no": "085727411915",
    "buyer_sku_code": "Dana1",
    "biaya": 1092,
    "product_name": "DANA 1.000",
    "kategori": "E-Money",
    "brand": "DANA",
    "status": "Sukses",
    "sn": "TOPUP SUKSES DNID R**a N*r Ja****i/Rp.1000/2024043010121420010100166882094979968"
  },
  {
    "buyer": "Adhitya - Admin KIOSTOPUP",
    "ref_id": "517672098513",
    "time": "23:25:29",
    "date": "30/4/2024",
    "expired": 1722227129928,
    "customer_no": "6490564199",
    "buyer_sku_code": "ff70d",
    "biaya": 9423.75,
    "product_name": "Free Fire 70 Diamond",
    "kategori": "Games",
    "brand": "FREE FIRE",
    "status": "Sukses",
    "sn": "VLNRYU,DISPLAYID:14098756194609904891"
  },
  {
    "buyer": "Adhitya - Admin KIOSTOPUP",
    "ref_id": "716363670506",
    "time": "23:25:29",
    "date": "30/4/2024",
    "expired": 1722227129928,
    "customer_no": "1172534925",
    "buyer_sku_code": "ff70d",
    "biaya": 9423.75,
    "product_name": "Free Fire 70 Diamond",
    "kategori": "Games",
    "brand": "FREE FIRE",
    "status": "Sukses",
    "sn": "VLNVEMZZZ44,DISPLAYID:1876440623872300746"
  },
  {
    "buyer": "Adhitya - Admin KIOSTOPUP",
    "ref_id": "39920817969",
    "time": "23:25:29",
    "date": "30/4/2024",
    "expired": 1722227129928,
    "customer_no": "2302973536",
    "buyer_sku_code": "ff140d",
    "biaya": 18579.75,
    "product_name": "Free Fire 140 Diamond",
    "kategori": "Games",
    "brand": "FREE FIRE",
    "status": "Sukses",
    "sn": "XCH-1499675503/XCH-210746286"
  },
  {
    "buyer": "Adhitya - Admin KIOSTOPUP",
    "ref_id": "955612109461",
    "time": "23:25:29",
    "date": "30/4/2024",
    "expired": 1722227129928,
    "customer_no": "2302973536",
    "buyer_sku_code": "ff140d",
    "biaya": 18579.75,
    "product_name": "Free Fire 140 Diamond",
    "kategori": "Games",
    "brand": "FREE FIRE",
    "status": "Gagal",
    "sn": ""
  },
  {
    "buyer": "Adhitya - Admin KIOSTOPUP",
    "ref_id": "496397533181",
    "time": "23:25:29",
    "date": "30/4/2024",
    "expired": 1722227129928,
    "customer_no": "1218096111",
    "buyer_sku_code": "ff50d",
    "biaya": 6889.05,
    "product_name": "Free Fire 50 Diamond",
    "kategori": "Games",
    "brand": "FREE FIRE",
    "status": "Sukses",
    "sn": "Cromarzz Reff ID : 17374201854633887309"
  },
  {
    "buyer": "Adhitya - Admin KIOSTOPUP",
    "ref_id": "918943815015",
    "time": "23:25:29",
    "date": "30/4/2024",
    "expired": 1722227129928,
    "customer_no": "081779560418",
    "buyer_sku_code": "Dana20",
    "biaya": 21036.75,
    "product_name": "DANA 20.000",
    "kategori": "E-Money",
    "brand": "DANA",
    "status": "Sukses",
    "sn": "2024043010121481030100166753293743763/DNID FAJXX AULXX MUBXXXX"
  },
  {
    "buyer": "Adhitya - Admin KIOSTOPUP",
    "ref_id": "158209118544",
    "time": "23:25:29",
    "date": "30/4/2024",
    "expired": 1722227129928,
    "customer_no": "088220171061",
    "buyer_sku_code": "UNNON4",
    "biaya": 17094,
    "product_name": "Smartfren Data Unlimited Nonstop 4 GB 14 Hari",
    "kategori": "Data",
    "brand": "SMARTFREN",
    "status": "Sukses",
    "sn": "155643967204783006"
  },
  {
    "buyer": ".",
    "ref_id": "249732395833",
    "time": "13:01:38",
    "date": "28/4/2024",
    "expired": 1722016898954,
    "customer_no": "085727411915",
    "buyer_sku_code": "Dana1",
    "biaya": 1092,
    "product_name": "DANA 1.000",
    "kategori": "E-Money",
    "brand": "DANA",
    "status": "Sukses",
    "sn": "TOPUP SUKSES DNID R**a N*r Ja****i/Rp.1000/2024042910121420010100166140294154844"
  },
  {
    "buyer": "Adhitya - Admin KIOSTOPUP",
    "ref_id": "844794683407",
    "time": "13:01:38",
    "date": "28/4/2024",
    "expired": 1722016898954,
    "customer_no": "085179880775",
    "buyer_sku_code": "BYU20",
    "biaya": 20853,
    "product_name": "by.U 20.000",
    "kategori": "Pulsa",
    "brand": "by.U",
    "status": "Sukses",
    "sn": "03406100000062039531"
  },
  {
    "buyer": "Adhitya - Admin KIOSTOPUP",
    "ref_id": "673882766819",
    "time": "13:01:38",
    "date": "28/4/2024",
    "expired": 1722016898954,
    "customer_no": "085179880775",
    "buyer_sku_code": "BYU20",
    "biaya": 20853,
    "product_name": "by.U 20.000",
    "kategori": "Pulsa",
    "brand": "by.U",
    "status": "Gagal",
    "sn": ""
  },
  {
    "buyer": "Adhitya - Admin KIOSTOPUP",
    "ref_id": "736274068723",
    "time": "13:01:38",
    "date": "28/4/2024",
    "expired": 1722016898954,
    "customer_no": "1218096111",
    "buyer_sku_code": "ff50d",
    "biaya": 6889.05,
    "product_name": "Free Fire 50 Diamond",
    "kategori": "Games",
    "brand": "FREE FIRE",
    "status": "Sukses",
    "sn": "Cromarzz Reff ID : 16197933041153164462"
  },
  {
    "buyer": "Adhitya - Admin KIOSTOPUP",
    "ref_id": "404784985901",
    "time": "13:01:38",
    "date": "28/4/2024",
    "expired": 1722016898954,
    "customer_no": "088238754117",
    "buyer_sku_code": "Dana0",
    "biaya": 5.25,
    "product_name": "Cek Nama Pengguna DANA",
    "kategori": "E-Money",
    "brand": "DANA",
    "status": "Sukses",
    "sn": "DANA-NARXXXX"
  },
  {
    "buyer": "Adhitya - Admin KIOSTOPUP",
    "ref_id": "799029696847",
    "time": "13:01:38",
    "date": "28/4/2024",
    "expired": 1722016898954,
    "customer_no": "085933834979",
    "buyer_sku_code": "DATXL5",
    "biaya": 18900,
    "product_name": "XL Data 5 GB 30 Hari",
    "kategori": "Data",
    "brand": "XL",
    "status": "Sukses",
    "sn": "999900022551968"
  },
  {
    "buyer": "Adhitya - Admin KIOSTOPUP",
    "ref_id": "115434588182",
    "time": "13:01:38",
    "date": "28/4/2024",
    "expired": 1722016898954,
    "customer_no": "085933834979",
    "buyer_sku_code": "DATXL5",
    "biaya": 18900,
    "product_name": "XL Data 5 GB 30 Hari",
    "kategori": "Data",
    "brand": "XL",
    "status": "Gagal",
    "sn": ""
  },
  {
    "buyer": "Adhitya - Admin KIOSTOPUP",
    "ref_id": "447482328469",
    "time": "13:01:38",
    "date": "28/4/2024",
    "expired": 1722016898954,
    "customer_no": "085727411915",
    "buyer_sku_code": "Dana80",
    "biaya": 84036.75,
    "product_name": "DANA 80.000",
    "kategori": "E-Money",
    "brand": "DANA",
    "status": "Sukses",
    "sn": "240428GM11311366/DANA Top Up RIKX Rp.80.000"
  },
  {
    "buyer": "Adhitya - Admin KIOSTOPUP",
    "ref_id": "358969813436",
    "time": "13:01:38",
    "date": "28/4/2024",
    "expired": 1722016898954,
    "customer_no": "085602604713",
    "buyer_sku_code": "Dana30",
    "biaya": 31542,
    "product_name": "DANA 30.000",
    "kategori": "E-Money",
    "brand": "DANA",
    "status": "Sukses",
    "sn": "2024042810121481030100166878593548739/DNID 085602604713"
  },
  {
    "buyer": "Adhitya - Admin KIOSTOPUP",
    "ref_id": "918905115105",
    "time": "13:01:38",
    "date": "28/4/2024",
    "expired": 1722016898954,
    "customer_no": "085933834979",
    "buyer_sku_code": "DATXL5",
    "biaya": 18900,
    "product_name": "XL Data 5 GB 30 Hari",
    "kategori": "Data",
    "brand": "XL",
    "status": "Gagal",
    "sn": ""
  },
  {
    "buyer": "Adhitya - Admin KIOSTOPUP",
    "ref_id": "601844461996",
    "time": "13:01:38",
    "date": "28/4/2024",
    "expired": 1722016898954,
    "customer_no": "085933834979",
    "buyer_sku_code": "DATXL5",
    "biaya": 18900,
    "product_name": "XL Data 5 GB 30 Hari",
    "kategori": "Data",
    "brand": "XL",
    "status": "Gagal",
    "sn": ""
  },
  {
    "buyer": "Adhitya - Admin KIOSTOPUP",
    "ref_id": "407697190110",
    "time": "13:01:38",
    "date": "28/4/2024",
    "expired": 1722016898954,
    "customer_no": "6285933834979",
    "buyer_sku_code": "DATXL5",
    "biaya": 18900,
    "product_name": "XL Data 5 GB 30 Hari",
    "kategori": "Data",
    "brand": "XL",
    "status": "Gagal",
    "sn": ""
  },
  {
    "buyer": "Adhitya - Admin KIOSTOPUP",
    "ref_id": "713050402590",
    "time": "13:01:38",
    "date": "28/4/2024",
    "expired": 1722016898954,
    "customer_no": "6285933834979",
    "buyer_sku_code": "DATXL5",
    "biaya": 18900,
    "product_name": "XL Data 5 GB 30 Hari",
    "kategori": "Data",
    "brand": "XL",
    "status": "Gagal",
    "sn": ""
  },
  {
    "buyer": "Adhitya - Admin KIOSTOPUP",
    "ref_id": "217985633517",
    "time": "13:01:38",
    "date": "28/4/2024",
    "expired": 1722016898954,
    "customer_no": "085933834979",
    "buyer_sku_code": "DATXL5",
    "biaya": 18900,
    "product_name": "XL Data 5 GB 30 Hari",
    "kategori": "Data",
    "brand": "XL",
    "status": "Gagal",
    "sn": ""
  },
  {
    "buyer": "Adhitya - Admin KIOSTOPUP",
    "ref_id": "806713390126",
    "time": "13:01:38",
    "date": "28/4/2024",
    "expired": 1722016898954,
    "customer_no": "085933834979",
    "buyer_sku_code": "DATXL5",
    "biaya": 18900,
    "product_name": "XL Data 5 GB 30 Hari",
    "kategori": "Data",
    "brand": "XL",
    "status": "Gagal",
    "sn": ""
  },
  {
    "buyer": "Adhitya - Admin KIOSTOPUP",
    "ref_id": "333449066323",
    "time": "13:01:38",
    "date": "28/4/2024",
    "expired": 1722016898954,
    "customer_no": "085933834979",
    "buyer_sku_code": "FLEXSP",
    "biaya": 23310,
    "product_name": "XL Xtra Combo Flex S+",
    "kategori": "Data",
    "brand": "XL",
    "status": "Gagal",
    "sn": ""
  },
  {
    "buyer": "Adhitya - Admin KIOSTOPUP",
    "ref_id": "844923471984",
    "time": "13:01:38",
    "date": "28/4/2024",
    "expired": 1722016898954,
    "customer_no": "085933834979",
    "buyer_sku_code": "FLEXSP",
    "biaya": 23310,
    "product_name": "XL Xtra Combo Flex S+",
    "kategori": "Data",
    "brand": "XL",
    "status": "Gagal",
    "sn": ""
  },
  {
    "buyer": "Adhitya - Admin KIOSTOPUP",
    "ref_id": "441503597486",
    "time": "13:01:38",
    "date": "28/4/2024",
    "expired": 1722016898954,
    "customer_no": "087746312621",
    "buyer_sku_code": "CFLEXXL",
    "biaya": 81480,
    "product_name": "XL Xtra Combo Flex XL",
    "kategori": "Data",
    "brand": "XL",
    "status": "Sukses",
    "sn": "24042805418747"
  },
  {
    "buyer": "Adhitya - Admin KIOSTOPUP",
    "ref_id": "834876081400",
    "time": "13:01:38",
    "date": "28/4/2024",
    "expired": 1722016898954,
    "customer_no": "087746312621",
    "buyer_sku_code": "CFLEXXL",
    "biaya": 71400,
    "product_name": "XL Xtra Combo Flex XL",
    "kategori": "Data",
    "brand": "XL",
    "status": "Gagal",
    "sn": ""
  },
  {
    "buyer": "Adhitya - Admin KIOSTOPUP",
    "ref_id": "757049552829",
    "time": "13:01:38",
    "date": "28/4/2024",
    "expired": 1722016898954,
    "customer_no": "087746312621",
    "buyer_sku_code": "CFLEXXL",
    "biaya": 71400,
    "product_name": "XL Xtra Combo Flex XL",
    "kategori": "Data",
    "brand": "XL",
    "status": "Gagal",
    "sn": ""
  },
  {
    "buyer": "Adhitya - Admin KIOSTOPUP",
    "ref_id": "809804591513",
    "time": "13:01:38",
    "date": "28/4/2024",
    "expired": 1722016898954,
    "customer_no": "087746312621",
    "buyer_sku_code": "CFLEXXL",
    "biaya": 71400,
    "product_name": "XL Xtra Combo Flex XL",
    "kategori": "Data",
    "brand": "XL",
    "status": "Gagal",
    "sn": ""
  },
  {
    "buyer": "Adhitya - Admin KIOSTOPUP",
    "ref_id": "882566809003",
    "time": "13:01:38",
    "date": "28/4/2024",
    "expired": 1722016898954,
    "customer_no": "087746312621",
    "buyer_sku_code": "CFLEXXL",
    "biaya": 71400,
    "product_name": "XL Xtra Combo Flex XL",
    "kategori": "Data",
    "brand": "XL",
    "status": "Gagal",
    "sn": ""
  },
  {
    "buyer": "Adhitya - Admin KIOSTOPUP",
    "ref_id": "410051668079",
    "time": "13:01:38",
    "date": "28/4/2024",
    "expired": 1722016898954,
    "customer_no": "6287746312621",
    "buyer_sku_code": "CFLEXXL",
    "biaya": 71400,
    "product_name": "XL Xtra Combo Flex XL",
    "kategori": "Data",
    "brand": "XL",
    "status": "Gagal",
    "sn": ""
  },
  {
    "buyer": "Adhitya - Admin KIOSTOPUP",
    "ref_id": "490752890564",
    "time": "13:01:38",
    "date": "28/4/2024",
    "expired": 1722016898954,
    "customer_no": "087746312621",
    "buyer_sku_code": "CFLEXXL",
    "biaya": 72135,
    "product_name": "XL Xtra Combo Flex XL",
    "kategori": "Data",
    "brand": "XL",
    "status": "Gagal",
    "sn": ""
  },
  {
    "buyer": "Adhitya - Admin KIOSTOPUP",
    "ref_id": "240621835877",
    "time": "13:01:38",
    "date": "28/4/2024",
    "expired": 1722016898954,
    "customer_no": "087746312621",
    "buyer_sku_code": "CFLEXXL",
    "biaya": 71400,
    "product_name": "XL Xtra Combo Flex XL",
    "kategori": "Data",
    "brand": "XL",
    "status": "Gagal",
    "sn": ""
  },
  {
    "buyer": "Adhitya - Admin KIOSTOPUP",
    "ref_id": "315867464465",
    "time": "12:03:28",
    "date": "28/4/2024",
    "expired": 1722013408622,
    "customer_no": "087746312621",
    "buyer_sku_code": "FLEXXL",
    "biaya": 71400,
    "product_name": "XL Xtra Combo Flex XL",
    "kategori": "Data",
    "brand": "XL",
    "status": "Gagal",
    "sn": ""
  },
  {
    "buyer": "Adhitya - Admin KIOSTOPUP",
    "ref_id": "788854419038",
    "time": "12:03:28",
    "date": "28/4/2024",
    "expired": 1722013408622,
    "customer_no": "087746312621",
    "buyer_sku_code": "CFLEXXL",
    "biaya": 71400,
    "product_name": "XL Xtra Combo Flex XL",
    "kategori": "Data",
    "brand": "XL",
    "status": "Gagal",
    "sn": ""
  },
  {
    "buyer": "Adhitya - Admin KIOSTOPUP",
    "ref_id": "812272217150",
    "time": "12:03:28",
    "date": "28/4/2024",
    "expired": 1722013408622,
    "customer_no": "088238754117",
    "buyer_sku_code": "Dana0",
    "biaya": 5.25,
    "product_name": "Cek Nama Pengguna DANA",
    "kategori": "E-Money",
    "brand": "DANA",
    "status": "Sukses",
    "sn": "DANA-NARXXXX"
  },
  {
    "buyer": "Adhitya - Admin KIOSTOPUP",
    "ref_id": "482580442088",
    "time": "12:03:28",
    "date": "28/4/2024",
    "expired": 1722013408622,
    "customer_no": "087746312621",
    "buyer_sku_code": "CFLEXXL",
    "biaya": 71400,
    "product_name": "XL Xtra Combo Flex XL",
    "kategori": "Data",
    "brand": "XL",
    "status": "Gagal",
    "sn": ""
  },
  {
    "buyer": "Adhitya - Admin KIOSTOPUP",
    "ref_id": "548662523550",
    "time": "12:03:28",
    "date": "28/4/2024",
    "expired": 1722013408622,
    "customer_no": "088238754117",
    "buyer_sku_code": "Dana0",
    "biaya": 5.25,
    "product_name": "Cek Nama Pengguna DANA",
    "kategori": "E-Money",
    "brand": "DANA",
    "status": "Gagal",
    "sn": ""
  },
  {
    "buyer": "Adhitya - Admin KIOSTOPUP",
    "ref_id": "407046084289",
    "time": "10:21:20",
    "date": "27/4/2024",
    "expired": 1722007280181,
    "customer_no": "088238754117",
    "buyer_sku_code": "Dana0",
    "biaya": 5.25,
    "product_name": "Cek Nama Pengguna DANA",
    "kategori": "E-Money",
    "brand": "DANA",
    "status": "Gagal",
    "sn": ""
  },
  {
    "buyer": "Adhitya - Admin KIOSTOPUP",
    "ref_id": "49102009355",
    "time": "10:21:20",
    "date": "27/4/2024",
    "expired": 1722007280181,
    "customer_no": "088238754117",
    "buyer_sku_code": "Dana0",
    "biaya": 5.25,
    "product_name": "Cek Nama Pengguna DANA",
    "kategori": "E-Money",
    "brand": "DANA",
    "status": "Gagal",
    "sn": ""
  },
  {
    "buyer": "Adhitya - Admin KIOSTOPUP",
    "ref_id": "427176237227",
    "time": "10:21:20",
    "date": "27/4/2024",
    "expired": 1722007280181,
    "customer_no": "088238754117",
    "buyer_sku_code": "Dana0",
    "biaya": 5.25,
    "product_name": "Cek Nama Pengguna DANA",
    "kategori": "E-Money",
    "brand": "DANA",
    "status": "Gagal",
    "sn": ""
  },
  {
    "buyer": "Adhitya - Admin KIOSTOPUP",
    "ref_id": "890229633641",
    "time": "10:21:20",
    "date": "27/4/2024",
    "expired": 1722007280181,
    "customer_no": "088238754117",
    "buyer_sku_code": "Dana0",
    "biaya": 5.25,
    "product_name": "Cek Nama Pengguna DANA",
    "kategori": "E-Money",
    "brand": "DANA",
    "status": "Gagal",
    "sn": ""
  },
  {
    "buyer": "Adhitya - Admin KIOSTOPUP",
    "ref_id": "558586586153",
    "time": "10:21:20",
    "date": "27/4/2024",
    "expired": 1722007280181,
    "customer_no": "088238754117",
    "buyer_sku_code": "Dana0",
    "biaya": 5.25,
    "product_name": "Cek Nama Pengguna DANA",
    "kategori": "E-Money",
    "brand": "DANA",
    "status": "Gagal",
    "sn": ""
  },
  {
    "buyer": "Adhitya - Admin KIOSTOPUP",
    "ref_id": "672887098",
    "time": "10:21:20",
    "date": "27/4/2024",
    "expired": 1722007280181,
    "customer_no": "087746312621",
    "buyer_sku_code": "CFLEXXL",
    "biaya": 71400,
    "product_name": "XL Xtra Combo Flex XL",
    "kategori": "Data",
    "brand": "XL",
    "status": "Gagal",
    "sn": ""
  },
  {
    "buyer": "Adhitya - Admin KIOSTOPUP",
    "ref_id": "410434962607",
    "time": "10:21:20",
    "date": "27/4/2024",
    "expired": 1722007280181,
    "customer_no": "087746312621",
    "buyer_sku_code": "CFLEXXL",
    "biaya": 71400,
    "product_name": "XL Xtra Combo Flex XL",
    "kategori": "Data",
    "brand": "XL",
    "status": "Gagal",
    "sn": ""
  },
  {
    "buyer": "Adhitya - Admin KIOSTOPUP",
    "ref_id": "566278280081",
    "time": "01:28:13",
    "date": "27/4/2024",
    "expired": 1721975293280,
    "customer_no": "087746312621",
    "buyer_sku_code": "CFLEXXL",
    "biaya": 72135,
    "product_name": "XL Xtra Combo Flex XL",
    "kategori": "Data",
    "brand": "XL",
    "status": "Gagal",
    "sn": ""
  },
  {
    "buyer": "Adhitya - Admin KIOSTOPUP",
    "ref_id": "715538594659",
    "time": "01:28:13",
    "date": "27/4/2024",
    "expired": 1721975293280,
    "customer_no": "087746312621",
    "buyer_sku_code": "CFLEXXL",
    "biaya": 71400,
    "product_name": "XL Xtra Combo Flex XL",
    "kategori": "Data",
    "brand": "XL",
    "status": "Gagal",
    "sn": ""
  },
  {
    "buyer": "Adhitya - Admin KIOSTOPUP",
    "ref_id": "646167074532",
    "time": "01:28:13",
    "date": "27/4/2024",
    "expired": 1721975293280,
    "customer_no": "087746312621",
    "buyer_sku_code": "CFLEXXL",
    "biaya": 71400,
    "product_name": "XL Xtra Combo Flex XL",
    "kategori": "Data",
    "brand": "XL",
    "status": "Gagal",
    "sn": ""
  },
  {
    "buyer": "Adhitya - Admin KIOSTOPUP",
    "ref_id": "2371181256",
    "time": "01:28:13",
    "date": "27/4/2024",
    "expired": 1721975293280,
    "customer_no": "085727411915",
    "buyer_sku_code": "OVO20",
    "biaya": 21454.65,
    "product_name": "OVO 20.000",
    "kategori": "E-Money",
    "brand": "OVO",
    "status": "Sukses",
    "sn": "720379010 | AB*****U AZ** NA*****A"
  },
  {
    "buyer": "Adhitya - Admin KIOSTOPUP",
    "ref_id": "163999679124",
    "time": "15:04:55",
    "date": "27/4/2024",
    "expired": 1721937895051,
    "customer_no": "41301214",
    "buyer_sku_code": "HDD100",
    "biaya": 3444,
    "product_name": "Higgs Domino 100M Koin Emas-D",
    "kategori": "Games",
    "brand": "Higgs Domino",
    "status": "Sukses",
    "sn": "DIGIBEA8E42DA2B9C8BC7282"
  },
  {
    "buyer": "Adhitya - Admin KIOSTOPUP",
    "ref_id": "240514933457",
    "time": "11:02:59",
    "date": "26/4/2024",
    "expired": 1721923379957,
    "customer_no": "088238754117",
    "buyer_sku_code": "Gp0",
    "biaya": 6.300000000000001,
    "product_name": "Cek Nama Pengguna Gopay",
    "kategori": "E-Money",
    "brand": "GO PAY",
    "status": "Sukses",
    "sn": "088238754117,ID:GOPAY,NAME:ADHITYA/ADHITYA JULIVAN/GOPAY}"
  },
  {
    "buyer": "Adhitya - Admin KIOSTOPUP",
    "ref_id": "644198730482",
    "time": "11:02:59",
    "date": "26/4/2024",
    "expired": 1721923379957,
    "customer_no": "088238754117",
    "buyer_sku_code": "Gp0",
    "biaya": 6.300000000000001,
    "product_name": "Cek Nama Pengguna Gopay",
    "kategori": "E-Money",
    "brand": "GO PAY",
    "status": "Sukses",
    "sn": "088238754117,ID:GOPAY,NAME:ADHITYA/ADHITYA JULIVAN/GOPAY}"
  },
  {
    "buyer": "Adhitya - Admin KIOSTOPUP",
    "ref_id": "905445754168",
    "time": "11:02:59",
    "date": "26/4/2024",
    "expired": 1721923379957,
    "customer_no": "088238754117",
    "buyer_sku_code": "Gp0",
    "biaya": 6.300000000000001,
    "product_name": "Cek Nama Pengguna Gopay",
    "kategori": "E-Money",
    "brand": "GO PAY",
    "status": "Sukses",
    "sn": "088238754117,ID:GOPAY,NAME:ADHITYA/ADHITYA JULIVAN/GOPAY}"
  },
  {
    "buyer": "Adhitya - Admin KIOSTOPUP",
    "ref_id": "803542774194",
    "time": "10:49:10",
    "date": "26/4/2024",
    "expired": 1721922550112,
    "customer_no": "088238754117",
    "buyer_sku_code": "Gp0",
    "biaya": 6.300000000000001,
    "product_name": "Cek Nama Pengguna Gopay",
    "kategori": "E-Money",
    "brand": "GO PAY",
    "status": "Sukses",
    "sn": "088238754117,ID:GOPAY,NAME:ADHITYA/ADHITYA JULIVAN/GOPAY}"
  },
  {
    "buyer": "Adhitya - Admin KIOSTOPUP",
    "ref_id": "902573887099",
    "time": "10:49:10",
    "date": "26/4/2024",
    "expired": 1721922550112,
    "customer_no": "088238754117",
    "buyer_sku_code": "Dana0",
    "biaya": 5.25,
    "product_name": "Cek Nama Pengguna DANA",
    "kategori": "E-Money",
    "brand": "DANA",
    "status": "Gagal",
    "sn": ""
  },
  {
    "buyer": "Adhitya - Admin KIOSTOPUP",
    "ref_id": "448110247097",
    "time": "10:49:10",
    "date": "26/4/2024",
    "expired": 1721922550112,
    "customer_no": "088238754117",
    "buyer_sku_code": "Gp0",
    "biaya": 6.300000000000001,
    "product_name": "Cek Nama Pengguna Gopay",
    "kategori": "E-Money",
    "brand": "GO PAY",
    "status": "Sukses",
    "sn": "088238754117,ID:GOPAY,NAME:ADHITYA/ADHITYA JULIVAN/GOPAY}"
  },
  {
    "buyer": "Adhitya - Admin KIOSTOPUP",
    "ref_id": "357787864333",
    "time": "10:23:36",
    "date": "26/4/2024",
    "expired": 1721921016348,
    "customer_no": "088238754117",
    "buyer_sku_code": "Dana0",
    "biaya": 5.25,
    "product_name": "Cek Nama Pengguna DANA",
    "kategori": "E-Money",
    "brand": "DANA",
    "status": "Sukses",
    "sn": "DANA-NARXXXX"
  },
  {
    "buyer": "Adhitya - Admin KIOSTOPUP",
    "ref_id": "492794196924",
    "time": "08:27:07",
    "date": "25/4/2024",
    "expired": 1721827627678,
    "customer_no": "088238754117",
    "buyer_sku_code": "UNNON4",
    "biaya": 17104.5,
    "product_name": "Smartfren Data Unlimited Nonstop 4 GB 14 Hari",
    "kategori": "Data",
    "brand": "SMARTFREN",
    "status": "Sukses",
    "sn": "077376424640572580"
  },
  {
    "buyer": "Adhitya",
    "ref_id": "431330042179",
    "time": "05:44:12",
    "date": "24/4/2024",
    "expired": 1721731452333,
    "customer_no": "0859106907220",
    "buyer_sku_code": "PULAX10K",
    "biaya": 11156.25,
    "product_name": "Axis 10.000",
    "kategori": "Pulsa",
    "brand": "AXIS",
    "status": "Sukses",
    "sn": "73031229929198"
  },
  {
    "buyer": "Adhitya",
    "ref_id": "608667930018",
    "time": "05:44:12",
    "date": "24/4/2024",
    "expired": 1721731452333,
    "customer_no": "0859106907220",
    "buyer_sku_code": "PULAX10K",
    "biaya": 11156.25,
    "product_name": "Axis 10.000",
    "kategori": "Pulsa",
    "brand": "AXIS",
    "status": "Gagal",
    "sn": ""
  },
  {
    "buyer": "Adhitya",
    "ref_id": "53014270129",
    "time": "19:03:36",
    "date": "24/4/2024",
    "expired": 1721693016923,
    "customer_no": "085933834979",
    "buyer_sku_code": "DATXL5",
    "biaya": 18900,
    "product_name": "XL Data 5 GB 30 Hari",
    "kategori": "Data",
    "brand": "XL",
    "status": "Sukses",
    "sn": " 99990002246630"
  },
  {
    "buyer": "Adhitya",
    "ref_id": "764781588865",
    "time": "19:03:36",
    "date": "24/4/2024",
    "expired": 1721693016923,
    "customer_no": "088238754117",
    "buyer_sku_code": "Dana0",
    "biaya": 5.5,
    "product_name": "Cek Nama Pengguna DANA",
    "kategori": "E-Money",
    "brand": "DANA",
    "status": "Sukses",
    "sn": "DANA-NARXXXX"
  },
  {
    "buyer": "Adhitya",
    "ref_id": "904062251002",
    "time": "09:34:16",
    "date": "23/4/2024",
    "expired": 1721658856338,
    "customer_no": "088238754117",
    "buyer_sku_code": "Dana0",
    "biaya": 5.5,
    "product_name": "Cek Nama Pengguna DANA",
    "kategori": "E-Money",
    "brand": "DANA",
    "status": "Sukses",
    "sn": "DANA-NARXXXX"
  },
  {
    "buyer": "Adhitya",
    "ref_id": "307988081931",
    "time": "09:34:16",
    "date": "23/4/2024",
    "expired": 1721658856338,
    "customer_no": "088238754117",
    "buyer_sku_code": "Dana0",
    "biaya": 5.5,
    "product_name": "Cek Nama Pengguna DANA",
    "kategori": "E-Money",
    "brand": "DANA",
    "status": "Sukses",
    "sn": "DANA-NARXXXX"
  },
  {
    "buyer": "Adhitya",
    "ref_id": "489832089029",
    "time": "09:34:16",
    "date": "23/4/2024",
    "expired": 1721658856338,
    "customer_no": "088238754117",
    "buyer_sku_code": "Dana0",
    "biaya": 5.5,
    "product_name": "Cek Nama Pengguna DANA",
    "kategori": "E-Money",
    "brand": "DANA",
    "status": "Gagal",
    "sn": ""
  }
]