[
   {
      "id": "6288238754117@s.whatsapp.net",
      "balance": 8954015.75,
      "total_addblnc": 11489207,
      "total_lessblnc": 2535191.2500000005
   },
   {
      "id": "NaN@s.whatsapp.net",
      "balance": 5624,
      "total_addblnc": 1005822,
      "total_lessblnc": 1000198
   },
   {
      "id": "62895411310182@s.whatsapp.net",
      "balance": 1000,
      "total_addblnc": 1000,
      "total_lessblnc": 0
   },
   {
      "id": "6285171611211@s.whatsapp.net",
      "balance": 2000,
      "total_addblnc": 2000,
      "total_lessblnc": 0
   },
   {
      "id": "6282154286212@s.whatsapp.net",
      "balance": 269.25,
      "total_addblnc": 12856,
      "total_lessblnc": 12586.75
   },
   {
      "id": "6285722342215@s.whatsapp.net",
      "balance": 99.25,
      "total_addblnc": 1984,
      "total_lessblnc": 1884.75
   },
   {
      "id": "6281292193280@s.whatsapp.net",
      "balance": 989.5,
      "total_addblnc": 1000,
      "total_lessblnc": 10.5
   },
   {
      "id": "62895326408700@s.whatsapp.net",
      "balance": 1604.449999999997,
      "total_addblnc": 76351,
      "total_lessblnc": 74746.55
   },
   {
      "id": "6285727411915@s.whatsapp.net",
      "balance": 146,
      "total_addblnc": 6522,
      "total_lessblnc": 6376
   },
   {
      "id": "6283876044716@s.whatsapp.net",
      "balance": 270,
      "total_addblnc": 270,
      "total_lessblnc": 0
   },
   {
      "id": "6285817693266@s.whatsapp.net",
      "balance": 152.64999999999998,
      "total_addblnc": 1000,
      "total_lessblnc": 847.35
   },
   {
      "id": "6282144527867@s.whatsapp.net",
      "balance": 6493,
      "total_addblnc": 10000,
      "total_lessblnc": 3507
   },
   {
      "id": "6285640803870@s.whatsapp.net",
      "balance": 463.25,
      "total_addblnc": 74000,
      "total_lessblnc": 73536.75
   },
   {
      "id": "6285641860755@s.whatsapp.net",
      "balance": 1829,
      "total_addblnc": 1829,
      "total_lessblnc": 0
   }
]