[
   {
      "id": "120363185236420354@g.us",
      "key": "NETFLIX",
      "response": "NETFLIX READY GUYS GASS DI ORDER STOCK SEDIKIT\n\n• sharing \n1p 1u \n1 hari = 3.000 \n3 hari = 6.000 \n5 hari = 8.000 \n7 hari = 10.000 \n14 hari = 18.000 \n1 bulan = 27.000 (rvisa) \n \n1p 2u \n1 bulan = 15.000 (rvisa)\n\n• semi private\n1 bulan\n1 profile 2 device = 28.000\n2 profile 2 device = 53.000\n\n• private\n1 bulan = 134.000 (acc seller) \n yang bulanan 1u & semi priv bisa req nama profile & pin ya\n\nOrder ADMIN : Adhitya ( wa.me/6288238754117 )",
      "isImage": false,
      "image_url": "-"
   },
   {
      "id": "120363185236420354@g.us",
      "key": "ALIGHTMOTION",
      "response": "*ALIGHT MOTION*\n\n• *sharing*\n1 bulan = 9.000\n1 tahun = 16.000\n\n• *private*\n1 bulan = 31.000\n\nORDER HUBUNGI ADMIN",
      "isImage": false,
      "image_url": "-"
   },
   {
      "id": "120363185236420354@g.us",
      "key": "PAYMENT",
      "response": "*PEMBAYARAN KIOSTOPUP*\n ───「 *PAYMENT* 」────\n\n*QRIS*\n> QRIS ALL PAYMNET SCAN AJA DI ATAS\n\n*EWALLET*\n> DANA : 088238754117\n> OVO : 088238754117\n> GOPAY : 088238754117\n> SHOPEEPAY : 088238754117\n\n\n\n*BIAYA ADMIN :*\n*• Dana ke Dana +100*\n*• Bank ke Dana +500*\n*• Shopeepay ke Shopeepay + 500*\n*• Bank ke Shopeepay +1k*\n*• QRIS + 100*\n\n> *• BUAT TEMEN GW BELI PAKE DUIT CASH BIAYA ADMIN 1K*\n\n*🚨WAJIB MENYERTAKAN BIAYA ADMIN*",
      "isImage": true,
      "image_url": "https://telegra.ph/file/c7b58baca217b30d717df.jpg"
   },
   {
      "id": "120363225632324952@g.us",
      "key": "tes",
      "response": "tes woyyy",
      "isImage": true,
      "image_url": "https://telegra.ph/file/3e4df08a0ff6c425d94a9.jpg"
   },
   {
      "id": "120363185236420354@g.us",
      "key": "SPOTIFY",
      "response": "*SPOTIFY*\n\n• *indplan* \n1 bulan = 13.000\n2 bulan = 21.000\n3 bulan = 29.000\n\n(akun harus fresh/aktivasi. tidak bisa perpanjang)\n\n• *famplan* \n1 bulan = 9.000\n3 bulan = 21.000\n(famplan replace email) \n\nakun store +2k\n\n> SEBELUM ORDER TANYA STOCK DULU KE ADMIN\n\nwa.me/+6288238754117",
      "isImage": false,
      "image_url": "-"
   },
   {
      "id": "120363185236420354@g.us",
      "key": "CARAORDER",
      "response": "*Cara Order :*\n\n📌 *_Order Khusus Member:_*\nTP<spasi>Kode Produk<spasi>ID Game\n_contoh:_ STUN ML12 12345678\n\n📌 *_Order System Drop:_*\n_Bukti Transfer Kasih Keterangan:_\n*ket:* Kode Produk<spasi> ID Game\n_contoh:_ ML12 12345678\n\n*note:*\n👉🏻 _Khusus Member Harus Melakukan Deposit Terlebih Dahulu_\n👉🏻 _Order Tidak Boleh Melebihi Saldo Member_\n👉🏻 _Untuk System Drop, Wajib Transfer Sesuai Harga Yang Tertera Di Price List_\n\n_Jika Anda Memiliki Kesulitan atau Memiliki Pertanyaan Silahkan Ditanyakan Kepada Admin Gruop, Terimakasih._",
      "isImage": false,
      "image_url": "-"
   },
   {
      "id": "120363185236420354@g.us",
      "key": "TELEGRAM PREMIUM",
      "response": "*TELE PREMIUM*\n\nVia Login\n1 Bulan : 53.000\n\nVia Gift\n3 Bulan : 205.000\n\n- Full Garansi\n- Payment Legal\n- Proses Fast",
      "isImage": false,
      "image_url": "-"
   },
   {
      "id": "120363185236420354@g.us",
      "key": "YOUTUBE",
      "response": "*YOUTUBE*\n \n• famplan \n1 bulan = 3.000\n2 bulan = 5.000 \n \n• indplan \n1 bulan = 10.000 \n\nakun cust = no fee (harus fresh acc) \nakun store = with fee +2.000",
      "isImage": false,
      "image_url": "-"
   },
   {
      "id": "120363225632324952@g.us",
      "key": "KONTOL",
      "response": "JEMBOT",
      "isImage": false,
      "image_url": "-"
   }
]