[
   {
      "id": "6288238754117@s.whatsapp.net",
      "balance": 9170733.699999997,
      "total_addblnc": 11396974,
      "total_lessblnc": 2226240.3
   },
   {
      "id": "NaN@s.whatsapp.net",
      "balance": 5524,
      "total_addblnc": 1005722,
      "total_lessblnc": 1000198
   },
   {
      "id": "62895411310182@s.whatsapp.net",
      "balance": 1000,
      "total_addblnc": 1000,
      "total_lessblnc": 0
   },
   {
      "id": "6285171611211@s.whatsapp.net",
      "balance": 2000,
      "total_addblnc": 2000,
      "total_lessblnc": 0
   },
   {
      "id": "6282154286212@s.whatsapp.net",
      "balance": 269.25,
      "total_addblnc": 12856,
      "total_lessblnc": 12586.75
   },
   {
      "id": "6285722342215@s.whatsapp.net",
      "balance": 99.25,
      "total_addblnc": 1984,
      "total_lessblnc": 1884.75
   },
   {
      "id": "6281292193280@s.whatsapp.net",
      "balance": 989.5,
      "total_addblnc": 1000,
      "total_lessblnc": 10.5
   },
   {
      "id": "62895326408700@s.whatsapp.net",
      "balance": 1138.5999999999985,
      "total_addblnc": 48350,
      "total_lessblnc": 47211.4
   },
   {
      "id": "6285727411915@s.whatsapp.net",
      "balance": 146,
      "total_addblnc": 5522,
      "total_lessblnc": 5376
   },
   {
      "id": "6285171502270@s.whatsapp.net",
      "balance": 1000,
      "total_addblnc": 1000,
      "total_lessblnc": 0
   }
]