[
  {
    "buyer": ".",
    "ref_id": "719974257810",
    "time": "02:52:23",
    "date": "1/5/2024",
    "expired": 1722325943320,
    "customer_no": "085727411915",
    "buyer_sku_code": "Dana3",
    "biaya": 3192,
    "product_name": "DANA 3.000",
    "kategori": "E-Money",
    "brand": "DANA",
    "status": "Sukses",
    "sn": "TOPUP SUKSES DNID R**a N*r Ja****i/Rp.3000/2024050210121420010100166416595833687"
  },
  {
    "buyer": ".",
    "ref_id": "743681600965",
    "time": "23:25:29",
    "date": "30/4/2024",
    "expired": 1722227129928,
    "customer_no": "085727411915",
    "buyer_sku_code": "Dana1",
    "biaya": 1092,
    "product_name": "DANA 1.000",
    "kategori": "E-Money",
    "brand": "DANA",
    "status": "Sukses",
    "sn": "TOPUP SUKSES DNID R**a N*r Ja****i/Rp.1000/2024043010121420010100166882094979968"
  },
  {
    "buyer": ".",
    "ref_id": "249732395833",
    "time": "13:01:38",
    "date": "28/4/2024",
    "expired": 1722016898954,
    "customer_no": "085727411915",
    "buyer_sku_code": "Dana1",
    "biaya": 1092,
    "product_name": "DANA 1.000",
    "kategori": "E-Money",
    "brand": "DANA",
    "status": "Sukses",
    "sn": "TOPUP SUKSES DNID R**a N*r Ja****i/Rp.1000/2024042910121420010100166140294154844"
  }
]