[
   {
      "ID": "AA817BE24933",
      "session": "konfirmasi",
      "date": "15/5/2024",
      "number": "6285171502270@s.whatsapp.net",
      "buyer": "Choi",
      "payment": "QRIS",
      "minimal": 100,
      "status": "Success",
      "val": 2,
      "data": {
         "amount_deposit": 1000
      }
   },
   {
      "ID": "BA6208A8491C",
      "session": "konfirmasi",
      "date": "1/5/2024",
      "number": "6288238754117@s.whatsapp.net",
      "buyer": "Adhitya - Admin KIOSTOPUP",
      "payment": "QRIS",
      "minimal": 100,
      "status": "Success",
      "val": 2,
      "data": {
         "amount_deposit": 100
      }
   },
   {
      "ID": "F5D1E21918CE",
      "session": "konfirmasi",
      "date": "1/5/2024",
      "number": "6288238754117@s.whatsapp.net",
      "buyer": "Adhitya - Admin KIOSTOPUP",
      "payment": "QRIS",
      "minimal": 100,
      "status": "Pending",
      "val": 1,
      "data": {
         "amount_deposit": 100
      }
   },
   {
      "ID": "A5C6AA8316FF",
      "session": "konfirmasi",
      "date": "1/5/2024",
      "number": "6288238754117@s.whatsapp.net",
      "buyer": "Adhitya - Admin KIOSTOPUP",
      "payment": "QRIS",
      "minimal": 100,
      "status": "Pending",
      "val": 1,
      "data": {
         "amount_deposit": 100
      }
   },
   {
      "ID": "74656FB15347",
      "session": "konfirmasi",
      "date": "25/4/2024",
      "number": "6287890407422@s.whatsapp.net",
      "buyer": "neon",
      "payment": "QRIS",
      "minimal": 10000,
      "status": "Pending",
      "val": 1,
      "data": {
         "amount_deposit": 20000
      }
   },
   {
      "ID": "2DA37633E275",
      "session": "konfirmasi",
      "date": "25/4/2024",
      "number": "6287890407422@s.whatsapp.net",
      "buyer": "neon",
      "payment": "QRIS",
      "minimal": 10000,
      "status": "Pending",
      "val": 1,
      "data": {
         "amount_deposit": 10000
      }
   },
   {
      "ID": "917128A84BCA",
      "session": "konfirmasi",
      "date": "24/4/2024",
      "number": "6288238754117@s.whatsapp.net",
      "buyer": "Adhitya",
      "payment": "QRIS",
      "minimal": 10000,
      "status": "Pending",
      "val": 1,
      "data": {
         "amount_deposit": 1000000
      }
   }
]