[
  {
    "id": "6282133047022@s.whatsapp.net",
    "user": "pengki",
    "suspen": 1707022499576,
    "expired": 1706849699576,
    "status": false,
    "pid": "1",
    "memory": "3000",
    "cpu": "90",
    "created": "27/11/2023",
    "update": "27/12/2023",
    "price": 20000
  },
  {
    "id": "628996922670@s.whatsapp.net",
    "user": "ervan",
    "suspen": 1707362847718,
    "expired": 1707190047724,
    "status": true,
    "pid": "3",
    "memory": "3000",
    "cpu": "90",
    "created": "07/11/2023",
    "update": "07/12/2023",
    "price": 20000
  },
  {
    "id": "6282366560021@s.whatsapp.net",
    "user": "wandi",
    "suspen": 1707147830699,
    "expired": 1707234230700,
    "status": true,
    "pid": "5",
    "memory": "3000",
    "cpu": "90",
    "created": "08/11/2023",
    "update": "08/12/2023",
    "price": 20000
  },
  {
    "id": "6281545904741@s.whatsapp.net",
    "user": "ciak",
    "suspen": 1707022423397,
    "expired": 1707454423398,
    "status": true,
    "pid": "6",
    "memory": "3000",
    "cpu": "90",
    "created": "05/11/2023",
    "update": "05/12/2023",
    "price": 20000
  },
  {
    "id": "6287880003398@s.whatsapp.net",
    "user": "shys",
    "suspen": 1706423055818,
    "expired": 1706250255819,
    "status": true,
    "pid": "7",
    "memory": "4000",
    "cpu": "100",
    "created": "26/11/2023",
    "update": "26/12/2023",
    "price": 25000
  },
  {
    "id": "6289630267454@s.whatsapp.net",
    "user": "nopita",
    "suspen": 1707555373909,
    "expired": 1707468973910,
    "status": true,
    "pid": "8",
    "memory": "3000",
    "cpu": "90",
    "created": "10/11/2023",
    "update": "10/12/2023",
    "price": 20000
  },
  {
    "id": "6281216134754@s.whatsapp.net",
    "user": "nuri",
    "suspen": 1707825279788,
    "expired": 1707652479790,
    "status": true,
    "pid": "10",
    "memory": "2000",
    "cpu": "60",
    "created": "11/11/2023",
    "update": "11/12/2023",
    "price": 15000
  },
  {
    "id": "6285397776608@s.whatsapp.net",
    "user": "zona reload",
    "suspen": 1706507924387,
    "expired": 1706335124388,
    "status": true,
    "pid": "12",
    "memory": "3000",
    "cpu": "90",
    "created": "27/11/2023",
    "update": "27/12/2023",
    "price": 20000
  },
  {
    "id": "6287899777340@s.whatsapp.net",
    "user": "Nazz.Store",
    "suspen": 1706877016694,
    "expired": 1706704216694,
    "status": true,
    "pid": "15",
    "memory": "1000",
    "cpu": "30",
    "created": "01/11/2023",
    "update": "01/12/2023",
    "price": 10000
  },
  {
    "id": "6283182365331@s.whatsapp.net",
    "user": "Israelbabi",
    "suspen": 1707038421868,
    "expired": 1728206421869,
    "status": true,
    "pid": "16",
    "memory": "3000",
    "cpu": "90",
    "created": "11/11/2023",
    "update": "11/12/2023",
    "price": 20000
  },
  {
    "id": "6287758426340@s.whatsapp.net",
    "user": "yobi",
    "suspen": 1706697877772,
    "expired": 1707734677774,
    "status": true,
    "pid": "17",
    "memory": "5000",
    "cpu": "120",
    "created": "12/11/2023",
    "update": "12/12/2023",
    "price": 30000
  },
  {
    "id": "6289518949283@s.whatsapp.net",
    "user": "lele",
    "suspen": 1706964928291,
    "expired": 1706878528293,
    "status": true,
    "pid": "19",
    "memory": "5000",
    "cpu": "120",
    "created": "05/11/2023",
    "update": "05/12/2023",
    "price": 30000
  },
  {
    "id": "6283856193217@s.whatsapp.net",
    "user": "suco",
    "suspen": "EXPIRED",
    "expired": "EXPIRED",
    "invoice": 1702929790916,
    "status": true,
    "pid": "34",
    "memory": "1000",
    "cpu": "30",
    "created": "21/11/2023",
    "update": "21/12/2023",
    "price": 10000
  },
  {
    "id": "6282250533696@s.whatsapp.net",
    "user": "hart",
    "suspen": 1706516561221,
    "expired": 1706343761224,
    "status": true,
    "pid": "24",
    "memory": "1000",
    "cpu": "30",
    "created": "29/11/2023",
    "update": "29/12/2023",
    "price": 10000
  },
  {
    "id": "62895621838898@s.whatsapp.net",
    "user": "gatw",
    "suspen": 1706584728822,
    "expired": 1706411928822,
    "invoice": 1706239128822,
    "status": true,
    "pid": "51",
    "memory": "1000",
    "cpu": "30",
    "created": "29/11/2023",
    "update": "29/12/2023",
    "price": 10000
  },
  {
    "id": "6283865444700@s.whatsapp.net",
    "user": "jlab",
    "suspen": 1707481128719,
    "expired": 1707308328721,
    "status": true,
    "pid": "52",
    "memory": "1000",
    "cpu": "30",
    "created": "29/11/2023",
    "update": "29/12/2023",
    "price": 10000
  },
  {
    "id": "6287758426340@s.whatsapp.net",
    "user": "yobi2",
    "suspen": 1705504402929,
    "expired": 1706714002929,
    "status": true,
    "pid": "53",
    "memory": "1000",
    "cpu": "30",
    "created": "02/12/2023",
    "update": "1/1/2024",
    "price": 10000
  },
  {
    "id": "6283805861724@s.whatsapp.net",
    "user": "fluffy",
    "suspen": 1705633209050,
    "expired": 1707015609051,
    "status": true,
    "pid": "56",
    "memory": "90",
    "cpu": "3000",
    "created": "04/12/2023",
    "update": "3/1/2024",
    "price": 5000
  },
  {
    "id": "6281292172177@s.whatsapp.net",
    "user": "apigames",
    "suspen": "EXPIRED",
    "expired": 1705501256211,
    "status": true,
    "pid": 31,
    "memory": "1000",
    "cpu": "30",
    "created": "17/11/2023",
    "update": "17/12/2024",
    "price": 10000
  },
  {
    "id": "6281545904741@s.whatsapp.net",
    "user": "ciak dua",
    "suspen": 1707488317938,
    "expired": 1707315517953,
    "status": true,
    "pid": "62",
    "memory": "3000",
    "cpu": "90",
    "created": "07/12/2023",
    "update": "6/1/2024",
    "price": 20000
  },
  {
    "id": "6287880003398@s.whatsapp.net",
    "user": "deput",
    "suspen": 1707540761422,
    "expired": 1707540761425,
    "status": true,
    "pid": "64",
    "memory": "1000",
    "cpu": "30",
    "created": "11/12/2023",
    "update": "10/1/2024",
    "price": 10000
  },
  {
    "id": "6283865444700@s.whatsapp.net",
    "user": "•MeeqoKim•",
    "suspen": 1707308579007,
    "expired": 1708345379007,
    "status": true,
    "pid": "67",
    "memory": "3000",
    "cpu": "90",
    "created": "23/12/2023",
    "update": "22/1/2024",
    "price": 20000
  },
  {
    "id": "6287847542449@s.whatsapp.net",
    "user": "monyet 10",
    "suspen": 1706415157463,
    "expired": 1706242357464,
    "invoice": 1706069557464,
    "status": true,
    "pid": "68",
    "memory": "3000",
    "cpu": "90",
    "created": "27/12/2023",
    "update": "26/1/2024",
    "price": 20000
  },
  {
    "id": "6281330121513@s.whatsapp.net",
    "user": "suga Store",
    "suspen": 1706858530946,
    "expired": 1714202530952,
    "status": true,
    "pid": "69",
    "memory": "3000",
    "cpu": "90",
    "created": "27/12/2023",
    "update": "26/1/2024",
    "price": 20000
  },
  {
    "id": "6285892283735@s.whatsapp.net",
    "user": "fajar",
    "suspen": 1706644657482,
    "expired": 1706471857483,
    "invoice": 1706299057483,
    "status": true,
    "pid": "70",
    "memory": "1000",
    "cpu": "30",
    "created": "30/12/2023",
    "update": "29/1/2024",
    "price": 10000
  },
  {
    "id": "601111187621@s.whatsapp.net",
    "user": "dugong store",
    "suspen": 1707983259929,
    "expired": 1707810459932,
    "invoice": 1707637659932,
    "status": true,
    "pid": 71,
    "memory": "0",
    "cpu": "0",
    "created": "14/01/2024",
    "update": "13/2/2024",
    "price": 5000
  },
  {
    "id": "6283865444700@s.whatsapp.net",
    "user": "sekali aja",
    "suspen": 1707983340694,
    "expired": 1707810540695,
    "invoice": 1707637740695,
    "status": true,
    "pid": 72,
    "memory": "3000",
    "cpu": "90",
    "created": "14/01/2024",
    "update": "13/2/2024",
    "price": 20000
  }
]